ISO-10303-21;
HEADER;
FILE_DESCRIPTION(('Open CASCADE Model'),'2;1');
FILE_NAME('Open CASCADE Shape Model','2026-09-30T14:40:45',('Author'),(
    'Open CASCADE'),'Open CASCADE STEP processor 8.0','build123d',
  'Unknown');
FILE_SCHEMA(('AUTOMOTIVE_DESIGN { 1 0 10303 214 1 1 1 1 }'));
ENDSEC;
DATA;
#1 = APPLICATION_PROTOCOL_DEFINITION('international standard',
  'automotive_design',2000,#2);
#2 = APPLICATION_CONTEXT(
  'core data for automotive mechanical design processes');
#3 = SHAPE_DEFINITION_REPRESENTATION(#4,#10);
#4 = PRODUCT_DEFINITION_SHAPE('','',#5);
#5 = PRODUCT_DEFINITION('design','',#6,#9);
#6 = PRODUCT_DEFINITION_FORMATION('','',#7);
#7 = PRODUCT('COMPOUND','COMPOUND','',(#8));
#8 = PRODUCT_CONTEXT('',#2,'mechanical');
#9 = PRODUCT_DEFINITION_CONTEXT('part definition',#2,'design');
#10 = ADVANCED_BREP_SHAPE_REPRESENTATION('',(#11,#15),#6553);
#11 = AXIS2_PLACEMENT_3D('',#12,#13,#14);
#12 = CARTESIAN_POINT('',(0.,0.,0.));
#13 = DIRECTION('',(0.,0.,1.));
#14 = DIRECTION('',(1.,0.,-0.));
#15 = MANIFOLD_SOLID_BREP('',#16);
#16 = CLOSED_SHELL('',(#17,#223,#328,#377,#427,#462,#489,#496,#1120,
    #2349,#2477,#2526,#2573,#2642,#2692,#2719,#2754,#2830,#2926,#2975,
    #3024,#3095,#3122,#3198,#3294,#3343,#3392,#3463,#3490,#3520,#3703,
    #3708,#3758,#3910,#4083,#4088,#4138,#4285,#4292,#4299,#4326,#4333,
    #4340,#4347,#4354,#4399,#4631,#4702,#4989,#5014,#5194,#5219,#5370,
    #5377,#5649,#5726,#5916,#5984,#6011,#6060,#6109,#6136,#6185,#6234,
    #6261,#6306,#6356,#6364,#6414,#6422,#6429,#6436,#6463,#6512,#6539,
    #6546));
#17 = ADVANCED_FACE('',(#18),#33,.T.);
#18 = FACE_BOUND('',#19,.T.);
#19 = EDGE_LOOP('',(#20,#56,#88,#117,#141,#168,#169,#193));
#20 = ORIENTED_EDGE('',*,*,#21,.F.);
#21 = EDGE_CURVE('',#22,#24,#26,.T.);
#22 = VERTEX_POINT('',#23);
#23 = CARTESIAN_POINT('',(74.993333037011,1.,0.));
#24 = VERTEX_POINT('',#25);
#25 = CARTESIAN_POINT('',(74.993333037011,-1.,0.));
#26 = SURFACE_CURVE('',#27,(#32,#44),.PCURVE_S1.);
#27 = CIRCLE('',#28,75.);
#28 = AXIS2_PLACEMENT_3D('',#29,#30,#31);
#29 = CARTESIAN_POINT('',(0.,0.,0.));
#30 = DIRECTION('',(0.,0.,1.));
#31 = DIRECTION('',(1.,0.,-0.));
#32 = PCURVE('',#33,#38);
#33 = SPHERICAL_SURFACE('',#34,75.);
#34 = AXIS2_PLACEMENT_3D('',#35,#36,#37);
#35 = CARTESIAN_POINT('',(0.,0.,0.));
#36 = DIRECTION('',(0.,0.,1.));
#37 = DIRECTION('',(1.,0.,-0.));
#38 = DEFINITIONAL_REPRESENTATION('',(#39),#43);
#39 = LINE('',#40,#41);
#40 = CARTESIAN_POINT('',(0.,0.));
#41 = VECTOR('',#42,1.);
#42 = DIRECTION('',(1.,0.));
#43 = ( GEOMETRIC_REPRESENTATION_CONTEXT(2) 
PARAMETRIC_REPRESENTATION_CONTEXT() REPRESENTATION_CONTEXT('2D SPACE',''
  ) );
#44 = PCURVE('',#45,#50);
#45 = PLANE('',#46);
#46 = AXIS2_PLACEMENT_3D('',#47,#48,#49);
#47 = CARTESIAN_POINT('',(-150.,-150.,0.));
#48 = DIRECTION('',(0.,0.,1.));
#49 = DIRECTION('',(1.,0.,-0.));
#50 = DEFINITIONAL_REPRESENTATION('',(#51),#55);
#51 = CIRCLE('',#52,75.);
#52 = AXIS2_PLACEMENT_2D('',#53,#54);
#53 = CARTESIAN_POINT('',(150.,150.));
#54 = DIRECTION('',(1.,0.));
#55 = ( GEOMETRIC_REPRESENTATION_CONTEXT(2) 
PARAMETRIC_REPRESENTATION_CONTEXT() REPRESENTATION_CONTEXT('2D SPACE',''
  ) );
#56 = ORIENTED_EDGE('',*,*,#57,.T.);
#57 = EDGE_CURVE('',#22,#58,#60,.T.);
#58 = VERTEX_POINT('',#59);
#59 = CARTESIAN_POINT('',(74.982064522124,1.,-1.3));
#60 = SURFACE_CURVE('',#61,(#66,#76),.PCURVE_S1.);
#61 = CIRCLE('',#62,74.993333037011);
#62 = AXIS2_PLACEMENT_3D('',#63,#64,#65);
#63 = CARTESIAN_POINT('',(0.,1.,0.));
#64 = DIRECTION('',(0.,1.,0.));
#65 = DIRECTION('',(0.,-0.,1.));
#66 = PCURVE('',#33,#67);
#67 = DEFINITIONAL_REPRESENTATION('',(#68),#75);
#68 = B_SPLINE_CURVE_WITH_KNOTS('',5,(#69,#70,#71,#72,#73,#74),
  .UNSPECIFIED.,.F.,.F.,(6,6),(1.570796326795,1.588132069374),
  .PIECEWISE_BEZIER_KNOTS.);
#69 = CARTESIAN_POINT('',(1.333372842667E-02,6.122689684078E-17));
#70 = CARTESIAN_POINT('',(1.333372842667E-02,-3.466840311138E-03));
#71 = CARTESIAN_POINT('',(1.333392876084E-02,-6.933680622276E-03));
#72 = CARTESIAN_POINT('',(1.333432942918E-02,-1.040052091798E-02));
#73 = CARTESIAN_POINT('',(1.333493048185E-02,-1.386736118281E-02));
#74 = CARTESIAN_POINT('',(1.333573201921E-02,-1.733420140132E-02));
#75 = ( GEOMETRIC_REPRESENTATION_CONTEXT(2) 
PARAMETRIC_REPRESENTATION_CONTEXT() REPRESENTATION_CONTEXT('2D SPACE',''
  ) );
#76 = PCURVE('',#77,#82);
#77 = PLANE('',#78);
#78 = AXIS2_PLACEMENT_3D('',#79,#80,#81);
#79 = CARTESIAN_POINT('',(73.5,1.,-1.3));
#80 = DIRECTION('',(0.,1.,0.));
#81 = DIRECTION('',(0.,0.,1.));
#82 = DEFINITIONAL_REPRESENTATION('',(#83),#87);
#83 = CIRCLE('',#84,74.993333037011);
#84 = AXIS2_PLACEMENT_2D('',#85,#86);
#85 = CARTESIAN_POINT('',(1.3,-73.5));
#86 = DIRECTION('',(1.,0.));
#87 = ( GEOMETRIC_REPRESENTATION_CONTEXT(2) 
PARAMETRIC_REPRESENTATION_CONTEXT() REPRESENTATION_CONTEXT('2D SPACE',''
  ) );
#88 = ORIENTED_EDGE('',*,*,#89,.F.);
#89 = EDGE_CURVE('',#90,#58,#92,.T.);
#90 = VERTEX_POINT('',#91);
#91 = CARTESIAN_POINT('',(74.988732486954,-1.836694224245E-14,-1.3));
#92 = SURFACE_CURVE('',#93,(#98,#105),.PCURVE_S1.);
#93 = CIRCLE('',#94,74.988732486954);
#94 = AXIS2_PLACEMENT_3D('',#95,#96,#97);
#95 = CARTESIAN_POINT('',(0.,0.,-1.3));
#96 = DIRECTION('',(0.,0.,1.));
#97 = DIRECTION('',(1.,0.,-0.));
#98 = PCURVE('',#33,#99);
#99 = DEFINITIONAL_REPRESENTATION('',(#100),#104);
#100 = LINE('',#101,#102);
#101 = CARTESIAN_POINT('',(0.,-1.733420140132E-02));
#102 = VECTOR('',#103,1.);
#103 = DIRECTION('',(1.,0.));
#104 = ( GEOMETRIC_REPRESENTATION_CONTEXT(2) 
PARAMETRIC_REPRESENTATION_CONTEXT() REPRESENTATION_CONTEXT('2D SPACE',''
  ) );
#105 = PCURVE('',#106,#111);
#106 = PLANE('',#107);
#107 = AXIS2_PLACEMENT_3D('',#108,#109,#110);
#108 = CARTESIAN_POINT('',(73.5,-1.,-1.3));
#109 = DIRECTION('',(0.,0.,1.));
#110 = DIRECTION('',(1.,0.,0.));
#111 = DEFINITIONAL_REPRESENTATION('',(#112),#116);
#112 = CIRCLE('',#113,74.988732486954);
#113 = AXIS2_PLACEMENT_2D('',#114,#115);
#114 = CARTESIAN_POINT('',(-73.5,1.));
#115 = DIRECTION('',(1.,0.));
#116 = ( GEOMETRIC_REPRESENTATION_CONTEXT(2) 
PARAMETRIC_REPRESENTATION_CONTEXT() REPRESENTATION_CONTEXT('2D SPACE',''
  ) );
#117 = ORIENTED_EDGE('',*,*,#118,.F.);
#118 = EDGE_CURVE('',#119,#90,#121,.T.);
#119 = VERTEX_POINT('',#120);
#120 = CARTESIAN_POINT('',(32.5,-7.960204194458E-15,-67.59252917297));
#121 = SEAM_CURVE('',#122,(#127,#134),.PCURVE_S1.);
#122 = CIRCLE('',#123,75.);
#123 = AXIS2_PLACEMENT_3D('',#124,#125,#126);
#124 = CARTESIAN_POINT('',(0.,0.,0.));
#125 = DIRECTION('',(-2.449293598295E-16,-1.,0.));
#126 = DIRECTION('',(1.,-2.449293598295E-16,0.));
#127 = PCURVE('',#33,#128);
#128 = DEFINITIONAL_REPRESENTATION('',(#129),#133);
#129 = LINE('',#130,#131);
#130 = CARTESIAN_POINT('',(6.28318530718,-6.28318530718));
#131 = VECTOR('',#132,1.);
#132 = DIRECTION('',(0.,1.));
#133 = ( GEOMETRIC_REPRESENTATION_CONTEXT(2) 
PARAMETRIC_REPRESENTATION_CONTEXT() REPRESENTATION_CONTEXT('2D SPACE',''
  ) );
#134 = PCURVE('',#33,#135);
#135 = DEFINITIONAL_REPRESENTATION('',(#136),#140);
#136 = LINE('',#137,#138);
#137 = CARTESIAN_POINT('',(0.,-6.28318530718));
#138 = VECTOR('',#139,1.);
#139 = DIRECTION('',(0.,1.));
#140 = ( GEOMETRIC_REPRESENTATION_CONTEXT(2) 
PARAMETRIC_REPRESENTATION_CONTEXT() REPRESENTATION_CONTEXT('2D SPACE',''
  ) );
#141 = ORIENTED_EDGE('',*,*,#142,.T.);
#142 = EDGE_CURVE('',#119,#119,#143,.T.);
#143 = SURFACE_CURVE('',#144,(#149,#156),.PCURVE_S1.);
#144 = CIRCLE('',#145,32.5);
#145 = AXIS2_PLACEMENT_3D('',#146,#147,#148);
#146 = CARTESIAN_POINT('',(0.,0.,-67.59252917297));
#147 = DIRECTION('',(0.,0.,1.));
#148 = DIRECTION('',(1.,0.,-0.));
#149 = PCURVE('',#33,#150);
#150 = DEFINITIONAL_REPRESENTATION('',(#151),#155);
#151 = LINE('',#152,#153);
#152 = CARTESIAN_POINT('',(0.,-1.122608190815));
#153 = VECTOR('',#154,1.);
#154 = DIRECTION('',(1.,0.));
#155 = ( GEOMETRIC_REPRESENTATION_CONTEXT(2) 
PARAMETRIC_REPRESENTATION_CONTEXT() REPRESENTATION_CONTEXT('2D SPACE',''
  ) );
#156 = PCURVE('',#157,#162);
#157 = PLANE('',#158);
#158 = AXIS2_PLACEMENT_3D('',#159,#160,#161);
#159 = CARTESIAN_POINT('',(-150.,-150.,-67.59252917297));
#160 = DIRECTION('',(0.,0.,1.));
#161 = DIRECTION('',(1.,0.,-0.));
#162 = DEFINITIONAL_REPRESENTATION('',(#163),#167);
#163 = CIRCLE('',#164,32.5);
#164 = AXIS2_PLACEMENT_2D('',#165,#166);
#165 = CARTESIAN_POINT('',(150.,150.));
#166 = DIRECTION('',(1.,0.));
#167 = ( GEOMETRIC_REPRESENTATION_CONTEXT(2) 
PARAMETRIC_REPRESENTATION_CONTEXT() REPRESENTATION_CONTEXT('2D SPACE',''
  ) );
#168 = ORIENTED_EDGE('',*,*,#118,.T.);
#169 = ORIENTED_EDGE('',*,*,#170,.F.);
#170 = EDGE_CURVE('',#171,#90,#173,.T.);
#171 = VERTEX_POINT('',#172);
#172 = CARTESIAN_POINT('',(74.982064522124,-1.,-1.3));
#173 = SURFACE_CURVE('',#174,(#179,#186),.PCURVE_S1.);
#174 = CIRCLE('',#175,74.988732486954);
#175 = AXIS2_PLACEMENT_3D('',#176,#177,#178);
#176 = CARTESIAN_POINT('',(0.,0.,-1.3));
#177 = DIRECTION('',(0.,0.,1.));
#178 = DIRECTION('',(1.,0.,-0.));
#179 = PCURVE('',#33,#180);
#180 = DEFINITIONAL_REPRESENTATION('',(#181),#185);
#181 = LINE('',#182,#183);
#182 = CARTESIAN_POINT('',(0.,-1.733420140132E-02));
#183 = VECTOR('',#184,1.);
#184 = DIRECTION('',(1.,0.));
#185 = ( GEOMETRIC_REPRESENTATION_CONTEXT(2) 
PARAMETRIC_REPRESENTATION_CONTEXT() REPRESENTATION_CONTEXT('2D SPACE',''
  ) );
#186 = PCURVE('',#106,#187);
#187 = DEFINITIONAL_REPRESENTATION('',(#188),#192);
#188 = CIRCLE('',#189,74.988732486954);
#189 = AXIS2_PLACEMENT_2D('',#190,#191);
#190 = CARTESIAN_POINT('',(-73.5,1.));
#191 = DIRECTION('',(1.,0.));
#192 = ( GEOMETRIC_REPRESENTATION_CONTEXT(2) 
PARAMETRIC_REPRESENTATION_CONTEXT() REPRESENTATION_CONTEXT('2D SPACE',''
  ) );
#193 = ORIENTED_EDGE('',*,*,#194,.F.);
#194 = EDGE_CURVE('',#24,#171,#195,.T.);
#195 = SURFACE_CURVE('',#196,(#201,#211),.PCURVE_S1.);
#196 = CIRCLE('',#197,74.993333037011);
#197 = AXIS2_PLACEMENT_3D('',#198,#199,#200);
#198 = CARTESIAN_POINT('',(0.,-1.,0.));
#199 = DIRECTION('',(0.,1.,0.));
#200 = DIRECTION('',(0.,-0.,1.));
#201 = PCURVE('',#33,#202);
#202 = DEFINITIONAL_REPRESENTATION('',(#203),#210);
#203 = B_SPLINE_CURVE_WITH_KNOTS('',5,(#204,#205,#206,#207,#208,#209),
  .UNSPECIFIED.,.F.,.F.,(6,6),(1.570796326795,1.588132069374),
  .PIECEWISE_BEZIER_KNOTS.);
#204 = CARTESIAN_POINT('',(6.269851578753,6.122689684078E-17));
#205 = CARTESIAN_POINT('',(6.269851578753,-3.466840311138E-03));
#206 = CARTESIAN_POINT('',(6.269851378419,-6.933680622276E-03));
#207 = CARTESIAN_POINT('',(6.26985097775,-1.040052091798E-02));
#208 = CARTESIAN_POINT('',(6.269850376698,-1.386736118281E-02));
#209 = CARTESIAN_POINT('',(6.26984957516,-1.733420140132E-02));
#210 = ( GEOMETRIC_REPRESENTATION_CONTEXT(2) 
PARAMETRIC_REPRESENTATION_CONTEXT() REPRESENTATION_CONTEXT('2D SPACE',''
  ) );
#211 = PCURVE('',#212,#217);
#212 = PLANE('',#213);
#213 = AXIS2_PLACEMENT_3D('',#214,#215,#216);
#214 = CARTESIAN_POINT('',(73.5,-1.,-1.3));
#215 = DIRECTION('',(0.,1.,0.));
#216 = DIRECTION('',(0.,0.,1.));
#217 = DEFINITIONAL_REPRESENTATION('',(#218),#222);
#218 = CIRCLE('',#219,74.993333037011);
#219 = AXIS2_PLACEMENT_2D('',#220,#221);
#220 = CARTESIAN_POINT('',(1.3,-73.5));
#221 = DIRECTION('',(1.,0.));
#222 = ( GEOMETRIC_REPRESENTATION_CONTEXT(2) 
PARAMETRIC_REPRESENTATION_CONTEXT() REPRESENTATION_CONTEXT('2D SPACE',''
  ) );
#223 = ADVANCED_FACE('',(#224,#297),#45,.T.);
#224 = FACE_BOUND('',#225,.T.);
#225 = EDGE_LOOP('',(#226,#248,#249,#271));
#226 = ORIENTED_EDGE('',*,*,#227,.F.);
#227 = EDGE_CURVE('',#22,#228,#230,.T.);
#228 = VERTEX_POINT('',#229);
#229 = CARTESIAN_POINT('',(73.5,1.,0.));
#230 = SURFACE_CURVE('',#231,(#235,#242),.PCURVE_S1.);
#231 = LINE('',#232,#233);
#232 = CARTESIAN_POINT('',(-38.25,1.,0.));
#233 = VECTOR('',#234,1.);
#234 = DIRECTION('',(-1.,0.,0.));
#235 = PCURVE('',#45,#236);
#236 = DEFINITIONAL_REPRESENTATION('',(#237),#241);
#237 = LINE('',#238,#239);
#238 = CARTESIAN_POINT('',(111.75,151.));
#239 = VECTOR('',#240,1.);
#240 = DIRECTION('',(-1.,0.));
#241 = ( GEOMETRIC_REPRESENTATION_CONTEXT(2) 
PARAMETRIC_REPRESENTATION_CONTEXT() REPRESENTATION_CONTEXT('2D SPACE',''
  ) );
#242 = PCURVE('',#77,#243);
#243 = DEFINITIONAL_REPRESENTATION('',(#244),#247);
#244 = B_SPLINE_CURVE_WITH_KNOTS('',1,(#245,#246),.UNSPECIFIED.,.F.,.F.,
  (2,2),(-113.25,-111.75),.PIECEWISE_BEZIER_KNOTS.);
#245 = CARTESIAN_POINT('',(1.3,1.5));
#246 = CARTESIAN_POINT('',(1.3,0.));
#247 = ( GEOMETRIC_REPRESENTATION_CONTEXT(2) 
PARAMETRIC_REPRESENTATION_CONTEXT() REPRESENTATION_CONTEXT('2D SPACE',''
  ) );
#248 = ORIENTED_EDGE('',*,*,#21,.T.);
#249 = ORIENTED_EDGE('',*,*,#250,.T.);
#250 = EDGE_CURVE('',#24,#251,#253,.T.);
#251 = VERTEX_POINT('',#252);
#252 = CARTESIAN_POINT('',(73.5,-1.,0.));
#253 = SURFACE_CURVE('',#254,(#258,#265),.PCURVE_S1.);
#254 = LINE('',#255,#256);
#255 = CARTESIAN_POINT('',(-38.25,-1.,0.));
#256 = VECTOR('',#257,1.);
#257 = DIRECTION('',(-1.,0.,0.));
#258 = PCURVE('',#45,#259);
#259 = DEFINITIONAL_REPRESENTATION('',(#260),#264);
#260 = LINE('',#261,#262);
#261 = CARTESIAN_POINT('',(111.75,149.));
#262 = VECTOR('',#263,1.);
#263 = DIRECTION('',(-1.,0.));
#264 = ( GEOMETRIC_REPRESENTATION_CONTEXT(2) 
PARAMETRIC_REPRESENTATION_CONTEXT() REPRESENTATION_CONTEXT('2D SPACE',''
  ) );
#265 = PCURVE('',#212,#266);
#266 = DEFINITIONAL_REPRESENTATION('',(#267),#270);
#267 = B_SPLINE_CURVE_WITH_KNOTS('',1,(#268,#269),.UNSPECIFIED.,.F.,.F.,
  (2,2),(-113.25,-111.75),.PIECEWISE_BEZIER_KNOTS.);
#268 = CARTESIAN_POINT('',(1.3,1.5));
#269 = CARTESIAN_POINT('',(1.3,0.));
#270 = ( GEOMETRIC_REPRESENTATION_CONTEXT(2) 
PARAMETRIC_REPRESENTATION_CONTEXT() REPRESENTATION_CONTEXT('2D SPACE',''
  ) );
#271 = ORIENTED_EDGE('',*,*,#272,.T.);
#272 = EDGE_CURVE('',#251,#228,#273,.T.);
#273 = SURFACE_CURVE('',#274,(#278,#285),.PCURVE_S1.);
#274 = LINE('',#275,#276);
#275 = CARTESIAN_POINT('',(73.5,-1.,0.));
#276 = VECTOR('',#277,1.);
#277 = DIRECTION('',(0.,1.,0.));
#278 = PCURVE('',#45,#279);
#279 = DEFINITIONAL_REPRESENTATION('',(#280),#284);
#280 = LINE('',#281,#282);
#281 = CARTESIAN_POINT('',(223.5,149.));
#282 = VECTOR('',#283,1.);
#283 = DIRECTION('',(0.,1.));
#284 = ( GEOMETRIC_REPRESENTATION_CONTEXT(2) 
PARAMETRIC_REPRESENTATION_CONTEXT() REPRESENTATION_CONTEXT('2D SPACE',''
  ) );
#285 = PCURVE('',#286,#291);
#286 = PLANE('',#287);
#287 = AXIS2_PLACEMENT_3D('',#288,#289,#290);
#288 = CARTESIAN_POINT('',(73.5,-1.,-1.3));
#289 = DIRECTION('',(1.,0.,0.));
#290 = DIRECTION('',(0.,0.,1.));
#291 = DEFINITIONAL_REPRESENTATION('',(#292),#296);
#292 = LINE('',#293,#294);
#293 = CARTESIAN_POINT('',(1.3,0.));
#294 = VECTOR('',#295,1.);
#295 = DIRECTION('',(0.,-1.));
#296 = ( GEOMETRIC_REPRESENTATION_CONTEXT(2) 
PARAMETRIC_REPRESENTATION_CONTEXT() REPRESENTATION_CONTEXT('2D SPACE',''
  ) );
#297 = FACE_BOUND('',#298,.T.);
#298 = EDGE_LOOP('',(#299));
#299 = ORIENTED_EDGE('',*,*,#300,.F.);
#300 = EDGE_CURVE('',#301,#301,#303,.T.);
#301 = VERTEX_POINT('',#302);
#302 = CARTESIAN_POINT('',(63.926179071422,-1.565739811631E-14,0.));
#303 = SURFACE_CURVE('',#304,(#309,#316),.PCURVE_S1.);
#304 = CIRCLE('',#305,63.926179071422);
#305 = AXIS2_PLACEMENT_3D('',#306,#307,#308);
#306 = CARTESIAN_POINT('',(0.,0.,0.));
#307 = DIRECTION('',(0.,0.,1.));
#308 = DIRECTION('',(1.,0.,-0.));
#309 = PCURVE('',#45,#310);
#310 = DEFINITIONAL_REPRESENTATION('',(#311),#315);
#311 = CIRCLE('',#312,63.926179071422);
#312 = AXIS2_PLACEMENT_2D('',#313,#314);
#313 = CARTESIAN_POINT('',(150.,150.));
#314 = DIRECTION('',(1.,0.));
#315 = ( GEOMETRIC_REPRESENTATION_CONTEXT(2) 
PARAMETRIC_REPRESENTATION_CONTEXT() REPRESENTATION_CONTEXT('2D SPACE',''
  ) );
#316 = PCURVE('',#317,#322);
#317 = CYLINDRICAL_SURFACE('',#318,63.926179071422);
#318 = AXIS2_PLACEMENT_3D('',#319,#320,#321);
#319 = CARTESIAN_POINT('',(0.,0.,-3.));
#320 = DIRECTION('',(0.,0.,1.));
#321 = DIRECTION('',(1.,0.,-0.));
#322 = DEFINITIONAL_REPRESENTATION('',(#323),#327);
#323 = LINE('',#324,#325);
#324 = CARTESIAN_POINT('',(0.,3.));
#325 = VECTOR('',#326,1.);
#326 = DIRECTION('',(1.,0.));
#327 = ( GEOMETRIC_REPRESENTATION_CONTEXT(2) 
PARAMETRIC_REPRESENTATION_CONTEXT() REPRESENTATION_CONTEXT('2D SPACE',''
  ) );
#328 = ADVANCED_FACE('',(#329),#212,.T.);
#329 = FACE_BOUND('',#330,.T.);
#330 = EDGE_LOOP('',(#331,#354,#375,#376));
#331 = ORIENTED_EDGE('',*,*,#332,.F.);
#332 = EDGE_CURVE('',#333,#171,#335,.T.);
#333 = VERTEX_POINT('',#334);
#334 = CARTESIAN_POINT('',(73.5,-1.,-1.3));
#335 = SURFACE_CURVE('',#336,(#340,#347),.PCURVE_S1.);
#336 = LINE('',#337,#338);
#337 = CARTESIAN_POINT('',(73.5,-1.,-1.3));
#338 = VECTOR('',#339,1.);
#339 = DIRECTION('',(1.,0.,0.));
#340 = PCURVE('',#212,#341);
#341 = DEFINITIONAL_REPRESENTATION('',(#342),#346);
#342 = LINE('',#343,#344);
#343 = CARTESIAN_POINT('',(0.,0.));
#344 = VECTOR('',#345,1.);
#345 = DIRECTION('',(0.,1.));
#346 = ( GEOMETRIC_REPRESENTATION_CONTEXT(2) 
PARAMETRIC_REPRESENTATION_CONTEXT() REPRESENTATION_CONTEXT('2D SPACE',''
  ) );
#347 = PCURVE('',#106,#348);
#348 = DEFINITIONAL_REPRESENTATION('',(#349),#353);
#349 = LINE('',#350,#351);
#350 = CARTESIAN_POINT('',(0.,0.));
#351 = VECTOR('',#352,1.);
#352 = DIRECTION('',(1.,0.));
#353 = ( GEOMETRIC_REPRESENTATION_CONTEXT(2) 
PARAMETRIC_REPRESENTATION_CONTEXT() REPRESENTATION_CONTEXT('2D SPACE',''
  ) );
#354 = ORIENTED_EDGE('',*,*,#355,.T.);
#355 = EDGE_CURVE('',#333,#251,#356,.T.);
#356 = SURFACE_CURVE('',#357,(#361,#368),.PCURVE_S1.);
#357 = LINE('',#358,#359);
#358 = CARTESIAN_POINT('',(73.5,-1.,-1.3));
#359 = VECTOR('',#360,1.);
#360 = DIRECTION('',(0.,0.,1.));
#361 = PCURVE('',#212,#362);
#362 = DEFINITIONAL_REPRESENTATION('',(#363),#367);
#363 = LINE('',#364,#365);
#364 = CARTESIAN_POINT('',(0.,0.));
#365 = VECTOR('',#366,1.);
#366 = DIRECTION('',(1.,0.));
#367 = ( GEOMETRIC_REPRESENTATION_CONTEXT(2) 
PARAMETRIC_REPRESENTATION_CONTEXT() REPRESENTATION_CONTEXT('2D SPACE',''
  ) );
#368 = PCURVE('',#286,#369);
#369 = DEFINITIONAL_REPRESENTATION('',(#370),#374);
#370 = LINE('',#371,#372);
#371 = CARTESIAN_POINT('',(0.,0.));
#372 = VECTOR('',#373,1.);
#373 = DIRECTION('',(1.,0.));
#374 = ( GEOMETRIC_REPRESENTATION_CONTEXT(2) 
PARAMETRIC_REPRESENTATION_CONTEXT() REPRESENTATION_CONTEXT('2D SPACE',''
  ) );
#375 = ORIENTED_EDGE('',*,*,#250,.F.);
#376 = ORIENTED_EDGE('',*,*,#194,.T.);
#377 = ADVANCED_FACE('',(#378),#106,.T.);
#378 = FACE_BOUND('',#379,.T.);
#379 = EDGE_LOOP('',(#380,#403,#424,#425,#426));
#380 = ORIENTED_EDGE('',*,*,#381,.F.);
#381 = EDGE_CURVE('',#382,#58,#384,.T.);
#382 = VERTEX_POINT('',#383);
#383 = CARTESIAN_POINT('',(73.5,1.,-1.3));
#384 = SURFACE_CURVE('',#385,(#389,#396),.PCURVE_S1.);
#385 = LINE('',#386,#387);
#386 = CARTESIAN_POINT('',(73.5,1.,-1.3));
#387 = VECTOR('',#388,1.);
#388 = DIRECTION('',(1.,0.,0.));
#389 = PCURVE('',#106,#390);
#390 = DEFINITIONAL_REPRESENTATION('',(#391),#395);
#391 = LINE('',#392,#393);
#392 = CARTESIAN_POINT('',(0.,2.));
#393 = VECTOR('',#394,1.);
#394 = DIRECTION('',(1.,0.));
#395 = ( GEOMETRIC_REPRESENTATION_CONTEXT(2) 
PARAMETRIC_REPRESENTATION_CONTEXT() REPRESENTATION_CONTEXT('2D SPACE',''
  ) );
#396 = PCURVE('',#77,#397);
#397 = DEFINITIONAL_REPRESENTATION('',(#398),#402);
#398 = LINE('',#399,#400);
#399 = CARTESIAN_POINT('',(0.,0.));
#400 = VECTOR('',#401,1.);
#401 = DIRECTION('',(0.,1.));
#402 = ( GEOMETRIC_REPRESENTATION_CONTEXT(2) 
PARAMETRIC_REPRESENTATION_CONTEXT() REPRESENTATION_CONTEXT('2D SPACE',''
  ) );
#403 = ORIENTED_EDGE('',*,*,#404,.T.);
#404 = EDGE_CURVE('',#382,#333,#405,.T.);
#405 = SURFACE_CURVE('',#406,(#410,#417),.PCURVE_S1.);
#406 = LINE('',#407,#408);
#407 = CARTESIAN_POINT('',(73.5,1.,-1.3));
#408 = VECTOR('',#409,1.);
#409 = DIRECTION('',(0.,-1.,0.));
#410 = PCURVE('',#106,#411);
#411 = DEFINITIONAL_REPRESENTATION('',(#412),#416);
#412 = LINE('',#413,#414);
#413 = CARTESIAN_POINT('',(0.,2.));
#414 = VECTOR('',#415,1.);
#415 = DIRECTION('',(0.,-1.));
#416 = ( GEOMETRIC_REPRESENTATION_CONTEXT(2) 
PARAMETRIC_REPRESENTATION_CONTEXT() REPRESENTATION_CONTEXT('2D SPACE',''
  ) );
#417 = PCURVE('',#286,#418);
#418 = DEFINITIONAL_REPRESENTATION('',(#419),#423);
#419 = LINE('',#420,#421);
#420 = CARTESIAN_POINT('',(0.,-2.));
#421 = VECTOR('',#422,1.);
#422 = DIRECTION('',(0.,1.));
#423 = ( GEOMETRIC_REPRESENTATION_CONTEXT(2) 
PARAMETRIC_REPRESENTATION_CONTEXT() REPRESENTATION_CONTEXT('2D SPACE',''
  ) );
#424 = ORIENTED_EDGE('',*,*,#332,.T.);
#425 = ORIENTED_EDGE('',*,*,#170,.T.);
#426 = ORIENTED_EDGE('',*,*,#89,.T.);
#427 = ADVANCED_FACE('',(#428,#431),#157,.F.);
#428 = FACE_BOUND('',#429,.F.);
#429 = EDGE_LOOP('',(#430));
#430 = ORIENTED_EDGE('',*,*,#142,.T.);
#431 = FACE_BOUND('',#432,.F.);
#432 = EDGE_LOOP('',(#433));
#433 = ORIENTED_EDGE('',*,*,#434,.F.);
#434 = EDGE_CURVE('',#435,#435,#437,.T.);
#435 = VERTEX_POINT('',#436);
#436 = CARTESIAN_POINT('',(24.804233509625,-6.075285034573E-15,
    -67.59252917297));
#437 = SURFACE_CURVE('',#438,(#443,#450),.PCURVE_S1.);
#438 = CIRCLE('',#439,24.804233509625);
#439 = AXIS2_PLACEMENT_3D('',#440,#441,#442);
#440 = CARTESIAN_POINT('',(0.,0.,-67.59252917297));
#441 = DIRECTION('',(0.,0.,1.));
#442 = DIRECTION('',(1.,0.,-0.));
#443 = PCURVE('',#157,#444);
#444 = DEFINITIONAL_REPRESENTATION('',(#445),#449);
#445 = CIRCLE('',#446,24.804233509625);
#446 = AXIS2_PLACEMENT_2D('',#447,#448);
#447 = CARTESIAN_POINT('',(150.,150.));
#448 = DIRECTION('',(1.,0.));
#449 = ( GEOMETRIC_REPRESENTATION_CONTEXT(2) 
PARAMETRIC_REPRESENTATION_CONTEXT() REPRESENTATION_CONTEXT('2D SPACE',''
  ) );
#450 = PCURVE('',#451,#456);
#451 = SPHERICAL_SURFACE('',#452,72.);
#452 = AXIS2_PLACEMENT_3D('',#453,#454,#455);
#453 = CARTESIAN_POINT('',(0.,0.,0.));
#454 = DIRECTION('',(0.,0.,1.));
#455 = DIRECTION('',(1.,0.,-0.));
#456 = DEFINITIONAL_REPRESENTATION('',(#457),#461);
#457 = LINE('',#458,#459);
#458 = CARTESIAN_POINT('',(0.,-1.219086741681));
#459 = VECTOR('',#460,1.);
#460 = DIRECTION('',(1.,0.));
#461 = ( GEOMETRIC_REPRESENTATION_CONTEXT(2) 
PARAMETRIC_REPRESENTATION_CONTEXT() REPRESENTATION_CONTEXT('2D SPACE',''
  ) );
#462 = ADVANCED_FACE('',(#463),#77,.F.);
#463 = FACE_BOUND('',#464,.F.);
#464 = EDGE_LOOP('',(#465,#466,#487,#488));
#465 = ORIENTED_EDGE('',*,*,#381,.F.);
#466 = ORIENTED_EDGE('',*,*,#467,.T.);
#467 = EDGE_CURVE('',#382,#228,#468,.T.);
#468 = SURFACE_CURVE('',#469,(#473,#480),.PCURVE_S1.);
#469 = LINE('',#470,#471);
#470 = CARTESIAN_POINT('',(73.5,1.,-1.3));
#471 = VECTOR('',#472,1.);
#472 = DIRECTION('',(0.,0.,1.));
#473 = PCURVE('',#77,#474);
#474 = DEFINITIONAL_REPRESENTATION('',(#475),#479);
#475 = LINE('',#476,#477);
#476 = CARTESIAN_POINT('',(0.,0.));
#477 = VECTOR('',#478,1.);
#478 = DIRECTION('',(1.,0.));
#479 = ( GEOMETRIC_REPRESENTATION_CONTEXT(2) 
PARAMETRIC_REPRESENTATION_CONTEXT() REPRESENTATION_CONTEXT('2D SPACE',''
  ) );
#480 = PCURVE('',#286,#481);
#481 = DEFINITIONAL_REPRESENTATION('',(#482),#486);
#482 = LINE('',#483,#484);
#483 = CARTESIAN_POINT('',(0.,-2.));
#484 = VECTOR('',#485,1.);
#485 = DIRECTION('',(1.,0.));
#486 = ( GEOMETRIC_REPRESENTATION_CONTEXT(2) 
PARAMETRIC_REPRESENTATION_CONTEXT() REPRESENTATION_CONTEXT('2D SPACE',''
  ) );
#487 = ORIENTED_EDGE('',*,*,#227,.F.);
#488 = ORIENTED_EDGE('',*,*,#57,.T.);
#489 = ADVANCED_FACE('',(#490),#286,.T.);
#490 = FACE_BOUND('',#491,.T.);
#491 = EDGE_LOOP('',(#492,#493,#494,#495));
#492 = ORIENTED_EDGE('',*,*,#272,.F.);
#493 = ORIENTED_EDGE('',*,*,#355,.F.);
#494 = ORIENTED_EDGE('',*,*,#404,.F.);
#495 = ORIENTED_EDGE('',*,*,#467,.T.);
#496 = ADVANCED_FACE('',(#497,#786,#953),#317,.T.);
#497 = FACE_BOUND('',#498,.T.);
#498 = EDGE_LOOP('',(#499,#530,#553,#580,#581,#605,#631,#660,#681,#682,
    #683,#707,#733,#762));
#499 = ORIENTED_EDGE('',*,*,#500,.T.);
#500 = EDGE_CURVE('',#501,#503,#505,.T.);
#501 = VERTEX_POINT('',#502);
#502 = CARTESIAN_POINT('',(63.710718107905,-5.244117546991,5.4));
#503 = VERTEX_POINT('',#504);
#504 = CARTESIAN_POINT('',(63.926179071422,-1.565739811631E-14,5.4));
#505 = SURFACE_CURVE('',#506,(#511,#518),.PCURVE_S1.);
#506 = CIRCLE('',#507,63.926179071422);
#507 = AXIS2_PLACEMENT_3D('',#508,#509,#510);
#508 = CARTESIAN_POINT('',(0.,0.,5.4));
#509 = DIRECTION('',(0.,0.,1.));
#510 = DIRECTION('',(1.,0.,-0.));
#511 = PCURVE('',#317,#512);
#512 = DEFINITIONAL_REPRESENTATION('',(#513),#517);
#513 = LINE('',#514,#515);
#514 = CARTESIAN_POINT('',(0.,8.4));
#515 = VECTOR('',#516,1.);
#516 = DIRECTION('',(1.,0.));
#517 = ( GEOMETRIC_REPRESENTATION_CONTEXT(2) 
PARAMETRIC_REPRESENTATION_CONTEXT() REPRESENTATION_CONTEXT('2D SPACE',''
  ) );
#518 = PCURVE('',#519,#524);
#519 = PLANE('',#520);
#520 = AXIS2_PLACEMENT_3D('',#521,#522,#523);
#521 = CARTESIAN_POINT('',(63.726179071422,-4.5,5.4));
#522 = DIRECTION('',(0.,0.,1.));
#523 = DIRECTION('',(1.,0.,0.));
#524 = DEFINITIONAL_REPRESENTATION('',(#525),#529);
#525 = CIRCLE('',#526,63.926179071422);
#526 = AXIS2_PLACEMENT_2D('',#527,#528);
#527 = CARTESIAN_POINT('',(-63.72617907142,4.5));
#528 = DIRECTION('',(1.,0.));
#529 = ( GEOMETRIC_REPRESENTATION_CONTEXT(2) 
PARAMETRIC_REPRESENTATION_CONTEXT() REPRESENTATION_CONTEXT('2D SPACE',''
  ) );
#530 = ORIENTED_EDGE('',*,*,#531,.T.);
#531 = EDGE_CURVE('',#503,#532,#534,.T.);
#532 = VERTEX_POINT('',#533);
#533 = CARTESIAN_POINT('',(63.926179071422,-1.565739811631E-14,7.));
#534 = SEAM_CURVE('',#535,(#539,#546),.PCURVE_S1.);
#535 = LINE('',#536,#537);
#536 = CARTESIAN_POINT('',(63.926179071422,-1.565739811631E-14,-3.));
#537 = VECTOR('',#538,1.);
#538 = DIRECTION('',(0.,0.,1.));
#539 = PCURVE('',#317,#540);
#540 = DEFINITIONAL_REPRESENTATION('',(#541),#545);
#541 = LINE('',#542,#543);
#542 = CARTESIAN_POINT('',(0.,-0.));
#543 = VECTOR('',#544,1.);
#544 = DIRECTION('',(0.,1.));
#545 = ( GEOMETRIC_REPRESENTATION_CONTEXT(2) 
PARAMETRIC_REPRESENTATION_CONTEXT() REPRESENTATION_CONTEXT('2D SPACE',''
  ) );
#546 = PCURVE('',#317,#547);
#547 = DEFINITIONAL_REPRESENTATION('',(#548),#552);
#548 = LINE('',#549,#550);
#549 = CARTESIAN_POINT('',(6.28318530718,-0.));
#550 = VECTOR('',#551,1.);
#551 = DIRECTION('',(0.,1.));
#552 = ( GEOMETRIC_REPRESENTATION_CONTEXT(2) 
PARAMETRIC_REPRESENTATION_CONTEXT() REPRESENTATION_CONTEXT('2D SPACE',''
  ) );
#553 = ORIENTED_EDGE('',*,*,#554,.F.);
#554 = EDGE_CURVE('',#532,#532,#555,.T.);
#555 = SURFACE_CURVE('',#556,(#561,#568),.PCURVE_S1.);
#556 = CIRCLE('',#557,63.926179071422);
#557 = AXIS2_PLACEMENT_3D('',#558,#559,#560);
#558 = CARTESIAN_POINT('',(0.,0.,7.));
#559 = DIRECTION('',(0.,0.,1.));
#560 = DIRECTION('',(1.,0.,-0.));
#561 = PCURVE('',#317,#562);
#562 = DEFINITIONAL_REPRESENTATION('',(#563),#567);
#563 = LINE('',#564,#565);
#564 = CARTESIAN_POINT('',(0.,10.));
#565 = VECTOR('',#566,1.);
#566 = DIRECTION('',(1.,0.));
#567 = ( GEOMETRIC_REPRESENTATION_CONTEXT(2) 
PARAMETRIC_REPRESENTATION_CONTEXT() REPRESENTATION_CONTEXT('2D SPACE',''
  ) );
#568 = PCURVE('',#569,#574);
#569 = PLANE('',#570);
#570 = AXIS2_PLACEMENT_3D('',#571,#572,#573);
#571 = CARTESIAN_POINT('',(0.,0.,7.));
#572 = DIRECTION('',(0.,0.,1.));
#573 = DIRECTION('',(1.,0.,-0.));
#574 = DEFINITIONAL_REPRESENTATION('',(#575),#579);
#575 = CIRCLE('',#576,63.926179071422);
#576 = AXIS2_PLACEMENT_2D('',#577,#578);
#577 = CARTESIAN_POINT('',(0.,0.));
#578 = DIRECTION('',(1.,0.));
#579 = ( GEOMETRIC_REPRESENTATION_CONTEXT(2) 
PARAMETRIC_REPRESENTATION_CONTEXT() REPRESENTATION_CONTEXT('2D SPACE',''
  ) );
#580 = ORIENTED_EDGE('',*,*,#531,.F.);
#581 = ORIENTED_EDGE('',*,*,#582,.T.);
#582 = EDGE_CURVE('',#503,#583,#585,.T.);
#583 = VERTEX_POINT('',#584);
#584 = CARTESIAN_POINT('',(63.767596557119,4.5,5.4));
#585 = SURFACE_CURVE('',#586,(#591,#598),.PCURVE_S1.);
#586 = CIRCLE('',#587,63.926179071422);
#587 = AXIS2_PLACEMENT_3D('',#588,#589,#590);
#588 = CARTESIAN_POINT('',(0.,0.,5.4));
#589 = DIRECTION('',(0.,0.,1.));
#590 = DIRECTION('',(1.,0.,-0.));
#591 = PCURVE('',#317,#592);
#592 = DEFINITIONAL_REPRESENTATION('',(#593),#597);
#593 = LINE('',#594,#595);
#594 = CARTESIAN_POINT('',(0.,8.4));
#595 = VECTOR('',#596,1.);
#596 = DIRECTION('',(1.,0.));
#597 = ( GEOMETRIC_REPRESENTATION_CONTEXT(2) 
PARAMETRIC_REPRESENTATION_CONTEXT() REPRESENTATION_CONTEXT('2D SPACE',''
  ) );
#598 = PCURVE('',#519,#599);
#599 = DEFINITIONAL_REPRESENTATION('',(#600),#604);
#600 = CIRCLE('',#601,63.926179071422);
#601 = AXIS2_PLACEMENT_2D('',#602,#603);
#602 = CARTESIAN_POINT('',(-63.72617907142,4.5));
#603 = DIRECTION('',(1.,0.));
#604 = ( GEOMETRIC_REPRESENTATION_CONTEXT(2) 
PARAMETRIC_REPRESENTATION_CONTEXT() REPRESENTATION_CONTEXT('2D SPACE',''
  ) );
#605 = ORIENTED_EDGE('',*,*,#606,.F.);
#606 = EDGE_CURVE('',#607,#583,#609,.T.);
#607 = VERTEX_POINT('',#608);
#608 = CARTESIAN_POINT('',(63.767596557119,4.5,2.4));
#609 = SURFACE_CURVE('',#610,(#614,#620),.PCURVE_S1.);
#610 = LINE('',#611,#612);
#611 = CARTESIAN_POINT('',(63.767596557119,4.5,-3.));
#612 = VECTOR('',#613,1.);
#613 = DIRECTION('',(0.,0.,1.));
#614 = PCURVE('',#317,#615);
#615 = DEFINITIONAL_REPRESENTATION('',(#616),#619);
#616 = B_SPLINE_CURVE_WITH_KNOTS('',1,(#617,#618),.UNSPECIFIED.,.F.,.F.,
  (2,2),(5.1,8.7),.PIECEWISE_BEZIER_KNOTS.);
#617 = CARTESIAN_POINT('',(7.045196242709E-02,5.1));
#618 = CARTESIAN_POINT('',(7.045196242709E-02,8.7));
#619 = ( GEOMETRIC_REPRESENTATION_CONTEXT(2) 
PARAMETRIC_REPRESENTATION_CONTEXT() REPRESENTATION_CONTEXT('2D SPACE',''
  ) );
#620 = PCURVE('',#621,#626);
#621 = PLANE('',#622);
#622 = AXIS2_PLACEMENT_3D('',#623,#624,#625);
#623 = CARTESIAN_POINT('',(63.726179071422,4.5,2.4));
#624 = DIRECTION('',(0.,1.,0.));
#625 = DIRECTION('',(0.,0.,1.));
#626 = DEFINITIONAL_REPRESENTATION('',(#627),#630);
#627 = B_SPLINE_CURVE_WITH_KNOTS('',1,(#628,#629),.UNSPECIFIED.,.F.,.F.,
  (2,2),(5.1,8.7),.PIECEWISE_BEZIER_KNOTS.);
#628 = CARTESIAN_POINT('',(-0.3,4.141748569713E-02));
#629 = CARTESIAN_POINT('',(3.3,4.141748569713E-02));
#630 = ( GEOMETRIC_REPRESENTATION_CONTEXT(2) 
PARAMETRIC_REPRESENTATION_CONTEXT() REPRESENTATION_CONTEXT('2D SPACE',''
  ) );
#631 = ORIENTED_EDGE('',*,*,#632,.F.);
#632 = EDGE_CURVE('',#633,#607,#635,.T.);
#633 = VERTEX_POINT('',#634);
#634 = CARTESIAN_POINT('',(63.926179071422,-1.565739811631E-14,2.4));
#635 = SURFACE_CURVE('',#636,(#641,#648),.PCURVE_S1.);
#636 = CIRCLE('',#637,63.926179071422);
#637 = AXIS2_PLACEMENT_3D('',#638,#639,#640);
#638 = CARTESIAN_POINT('',(0.,0.,2.4));
#639 = DIRECTION('',(0.,0.,1.));
#640 = DIRECTION('',(1.,0.,-0.));
#641 = PCURVE('',#317,#642);
#642 = DEFINITIONAL_REPRESENTATION('',(#643),#647);
#643 = LINE('',#644,#645);
#644 = CARTESIAN_POINT('',(0.,5.4));
#645 = VECTOR('',#646,1.);
#646 = DIRECTION('',(1.,0.));
#647 = ( GEOMETRIC_REPRESENTATION_CONTEXT(2) 
PARAMETRIC_REPRESENTATION_CONTEXT() REPRESENTATION_CONTEXT('2D SPACE',''
  ) );
#648 = PCURVE('',#649,#654);
#649 = PLANE('',#650);
#650 = AXIS2_PLACEMENT_3D('',#651,#652,#653);
#651 = CARTESIAN_POINT('',(63.726179071422,-4.5,2.4));
#652 = DIRECTION('',(0.,0.,1.));
#653 = DIRECTION('',(1.,0.,0.));
#654 = DEFINITIONAL_REPRESENTATION('',(#655),#659);
#655 = CIRCLE('',#656,63.926179071422);
#656 = AXIS2_PLACEMENT_2D('',#657,#658);
#657 = CARTESIAN_POINT('',(-63.72617907142,4.5));
#658 = DIRECTION('',(1.,0.));
#659 = ( GEOMETRIC_REPRESENTATION_CONTEXT(2) 
PARAMETRIC_REPRESENTATION_CONTEXT() REPRESENTATION_CONTEXT('2D SPACE',''
  ) );
#660 = ORIENTED_EDGE('',*,*,#661,.F.);
#661 = EDGE_CURVE('',#301,#633,#662,.T.);
#662 = SEAM_CURVE('',#663,(#667,#674),.PCURVE_S1.);
#663 = LINE('',#664,#665);
#664 = CARTESIAN_POINT('',(63.926179071422,-1.565739811631E-14,-3.));
#665 = VECTOR('',#666,1.);
#666 = DIRECTION('',(0.,0.,1.));
#667 = PCURVE('',#317,#668);
#668 = DEFINITIONAL_REPRESENTATION('',(#669),#673);
#669 = LINE('',#670,#671);
#670 = CARTESIAN_POINT('',(6.28318530718,-0.));
#671 = VECTOR('',#672,1.);
#672 = DIRECTION('',(0.,1.));
#673 = ( GEOMETRIC_REPRESENTATION_CONTEXT(2) 
PARAMETRIC_REPRESENTATION_CONTEXT() REPRESENTATION_CONTEXT('2D SPACE',''
  ) );
#674 = PCURVE('',#317,#675);
#675 = DEFINITIONAL_REPRESENTATION('',(#676),#680);
#676 = LINE('',#677,#678);
#677 = CARTESIAN_POINT('',(0.,-0.));
#678 = VECTOR('',#679,1.);
#679 = DIRECTION('',(0.,1.));
#680 = ( GEOMETRIC_REPRESENTATION_CONTEXT(2) 
PARAMETRIC_REPRESENTATION_CONTEXT() REPRESENTATION_CONTEXT('2D SPACE',''
  ) );
#681 = ORIENTED_EDGE('',*,*,#300,.T.);
#682 = ORIENTED_EDGE('',*,*,#661,.T.);
#683 = ORIENTED_EDGE('',*,*,#684,.F.);
#684 = EDGE_CURVE('',#685,#633,#687,.T.);
#685 = VERTEX_POINT('',#686);
#686 = CARTESIAN_POINT('',(63.767596557119,-4.5,2.4));
#687 = SURFACE_CURVE('',#688,(#693,#700),.PCURVE_S1.);
#688 = CIRCLE('',#689,63.926179071422);
#689 = AXIS2_PLACEMENT_3D('',#690,#691,#692);
#690 = CARTESIAN_POINT('',(0.,0.,2.4));
#691 = DIRECTION('',(0.,0.,1.));
#692 = DIRECTION('',(1.,0.,-0.));
#693 = PCURVE('',#317,#694);
#694 = DEFINITIONAL_REPRESENTATION('',(#695),#699);
#695 = LINE('',#696,#697);
#696 = CARTESIAN_POINT('',(0.,5.4));
#697 = VECTOR('',#698,1.);
#698 = DIRECTION('',(1.,0.));
#699 = ( GEOMETRIC_REPRESENTATION_CONTEXT(2) 
PARAMETRIC_REPRESENTATION_CONTEXT() REPRESENTATION_CONTEXT('2D SPACE',''
  ) );
#700 = PCURVE('',#649,#701);
#701 = DEFINITIONAL_REPRESENTATION('',(#702),#706);
#702 = CIRCLE('',#703,63.926179071422);
#703 = AXIS2_PLACEMENT_2D('',#704,#705);
#704 = CARTESIAN_POINT('',(-63.72617907142,4.5));
#705 = DIRECTION('',(1.,0.));
#706 = ( GEOMETRIC_REPRESENTATION_CONTEXT(2) 
PARAMETRIC_REPRESENTATION_CONTEXT() REPRESENTATION_CONTEXT('2D SPACE',''
  ) );
#707 = ORIENTED_EDGE('',*,*,#708,.T.);
#708 = EDGE_CURVE('',#685,#709,#711,.T.);
#709 = VERTEX_POINT('',#710);
#710 = CARTESIAN_POINT('',(63.767596557119,-4.5,3.9));
#711 = SURFACE_CURVE('',#712,(#716,#722),.PCURVE_S1.);
#712 = LINE('',#713,#714);
#713 = CARTESIAN_POINT('',(63.767596557119,-4.5,-3.));
#714 = VECTOR('',#715,1.);
#715 = DIRECTION('',(0.,0.,1.));
#716 = PCURVE('',#317,#717);
#717 = DEFINITIONAL_REPRESENTATION('',(#718),#721);
#718 = B_SPLINE_CURVE_WITH_KNOTS('',1,(#719,#720),.UNSPECIFIED.,.F.,.F.,
  (2,2),(5.1,8.7),.PIECEWISE_BEZIER_KNOTS.);
#719 = CARTESIAN_POINT('',(6.212733344753,5.1));
#720 = CARTESIAN_POINT('',(6.212733344753,8.7));
#721 = ( GEOMETRIC_REPRESENTATION_CONTEXT(2) 
PARAMETRIC_REPRESENTATION_CONTEXT() REPRESENTATION_CONTEXT('2D SPACE',''
  ) );
#722 = PCURVE('',#723,#728);
#723 = PLANE('',#724);
#724 = AXIS2_PLACEMENT_3D('',#725,#726,#727);
#725 = CARTESIAN_POINT('',(63.726179071422,-4.5,2.4));
#726 = DIRECTION('',(0.,1.,0.));
#727 = DIRECTION('',(0.,0.,1.));
#728 = DEFINITIONAL_REPRESENTATION('',(#729),#732);
#729 = B_SPLINE_CURVE_WITH_KNOTS('',1,(#730,#731),.UNSPECIFIED.,.F.,.F.,
  (2,2),(5.1,8.7),.PIECEWISE_BEZIER_KNOTS.);
#730 = CARTESIAN_POINT('',(-0.3,4.141748569713E-02));
#731 = CARTESIAN_POINT('',(3.3,4.141748569713E-02));
#732 = ( GEOMETRIC_REPRESENTATION_CONTEXT(2) 
PARAMETRIC_REPRESENTATION_CONTEXT() REPRESENTATION_CONTEXT('2D SPACE',''
  ) );
#733 = ORIENTED_EDGE('',*,*,#734,.F.);
#734 = EDGE_CURVE('',#735,#709,#737,.T.);
#735 = VERTEX_POINT('',#736);
#736 = CARTESIAN_POINT('',(63.710718107905,-5.244117546991,3.9));
#737 = SURFACE_CURVE('',#738,(#743,#750),.PCURVE_S1.);
#738 = CIRCLE('',#739,63.926179071422);
#739 = AXIS2_PLACEMENT_3D('',#740,#741,#742);
#740 = CARTESIAN_POINT('',(0.,0.,3.9));
#741 = DIRECTION('',(0.,0.,1.));
#742 = DIRECTION('',(1.,0.,-0.));
#743 = PCURVE('',#317,#744);
#744 = DEFINITIONAL_REPRESENTATION('',(#745),#749);
#745 = LINE('',#746,#747);
#746 = CARTESIAN_POINT('',(0.,6.9));
#747 = VECTOR('',#748,1.);
#748 = DIRECTION('',(1.,0.));
#749 = ( GEOMETRIC_REPRESENTATION_CONTEXT(2) 
PARAMETRIC_REPRESENTATION_CONTEXT() REPRESENTATION_CONTEXT('2D SPACE',''
  ) );
#750 = PCURVE('',#751,#756);
#751 = PLANE('',#752);
#752 = AXIS2_PLACEMENT_3D('',#753,#754,#755);
#753 = CARTESIAN_POINT('',(63.515602291451,-5.230359891751,3.9));
#754 = DIRECTION('',(0.,0.,1.));
#755 = DIRECTION('',(0.997523386744,-7.033557349594E-02,0.));
#756 = DEFINITIONAL_REPRESENTATION('',(#757),#761);
#757 = CIRCLE('',#758,63.926179071422);
#758 = AXIS2_PLACEMENT_2D('',#759,#760);
#759 = CARTESIAN_POINT('',(-63.72617907142,0.75));
#760 = DIRECTION('',(0.997523386744,7.033557349594E-02));
#761 = ( GEOMETRIC_REPRESENTATION_CONTEXT(2) 
PARAMETRIC_REPRESENTATION_CONTEXT() REPRESENTATION_CONTEXT('2D SPACE',''
  ) );
#762 = ORIENTED_EDGE('',*,*,#763,.T.);
#763 = EDGE_CURVE('',#735,#501,#764,.T.);
#764 = SURFACE_CURVE('',#765,(#769,#775),.PCURVE_S1.);
#765 = LINE('',#766,#767);
#766 = CARTESIAN_POINT('',(63.710718107905,-5.244117546991,-3.));
#767 = VECTOR('',#768,1.);
#768 = DIRECTION('',(0.,0.,1.));
#769 = PCURVE('',#317,#770);
#770 = DEFINITIONAL_REPRESENTATION('',(#771),#774);
#771 = B_SPLINE_CURVE_WITH_KNOTS('',1,(#772,#773),.UNSPECIFIED.,.F.,.F.,
  (2,2),(6.75,8.55),.PIECEWISE_BEZIER_KNOTS.);
#772 = CARTESIAN_POINT('',(6.201059059637,6.75));
#773 = CARTESIAN_POINT('',(6.201059059637,8.55));
#774 = ( GEOMETRIC_REPRESENTATION_CONTEXT(2) 
PARAMETRIC_REPRESENTATION_CONTEXT() REPRESENTATION_CONTEXT('2D SPACE',''
  ) );
#775 = PCURVE('',#776,#781);
#776 = PLANE('',#777);
#777 = AXIS2_PLACEMENT_3D('',#778,#779,#780);
#778 = CARTESIAN_POINT('',(63.515602291451,-5.230359891751,3.9));
#779 = DIRECTION('',(7.033557349594E-02,0.997523386744,0.));
#780 = DIRECTION('',(0.,0.,1.));
#781 = DEFINITIONAL_REPRESENTATION('',(#782),#785);
#782 = B_SPLINE_CURVE_WITH_KNOTS('',1,(#783,#784),.UNSPECIFIED.,.F.,.F.,
  (2,2),(6.75,8.55),.PIECEWISE_BEZIER_KNOTS.);
#783 = CARTESIAN_POINT('',(-0.15,0.195600242608));
#784 = CARTESIAN_POINT('',(1.65,0.195600242608));
#785 = ( GEOMETRIC_REPRESENTATION_CONTEXT(2) 
PARAMETRIC_REPRESENTATION_CONTEXT() REPRESENTATION_CONTEXT('2D SPACE',''
  ) );
#786 = FACE_BOUND('',#787,.T.);
#787 = EDGE_LOOP('',(#788,#819,#845,#874,#900,#929));
#788 = ORIENTED_EDGE('',*,*,#789,.F.);
#789 = EDGE_CURVE('',#790,#792,#794,.T.);
#790 = VERTEX_POINT('',#791);
#791 = CARTESIAN_POINT('',(-27.98668396153,57.474358556742,2.4));
#792 = VERTEX_POINT('',#793);
#793 = CARTESIAN_POINT('',(-35.78091259559,52.974358556742,2.4));
#794 = SURFACE_CURVE('',#795,(#800,#807),.PCURVE_S1.);
#795 = CIRCLE('',#796,63.926179071422);
#796 = AXIS2_PLACEMENT_3D('',#797,#798,#799);
#797 = CARTESIAN_POINT('',(0.,0.,2.4));
#798 = DIRECTION('',(0.,0.,1.));
#799 = DIRECTION('',(1.,0.,-0.));
#800 = PCURVE('',#317,#801);
#801 = DEFINITIONAL_REPRESENTATION('',(#802),#806);
#802 = LINE('',#803,#804);
#803 = CARTESIAN_POINT('',(0.,5.4));
#804 = VECTOR('',#805,1.);
#805 = DIRECTION('',(1.,0.));
#806 = ( GEOMETRIC_REPRESENTATION_CONTEXT(2) 
PARAMETRIC_REPRESENTATION_CONTEXT() REPRESENTATION_CONTEXT('2D SPACE',''
  ) );
#807 = PCURVE('',#808,#813);
#808 = PLANE('',#809);
#809 = AXIS2_PLACEMENT_3D('',#810,#811,#812);
#810 = CARTESIAN_POINT('',(-27.96597521868,57.438489961968,2.4));
#811 = DIRECTION('',(0.,0.,1.));
#812 = DIRECTION('',(-0.5,0.866025403784,0.));
#813 = DEFINITIONAL_REPRESENTATION('',(#814),#818);
#814 = CIRCLE('',#815,63.926179071422);
#815 = AXIS2_PLACEMENT_2D('',#816,#817);
#816 = CARTESIAN_POINT('',(-63.72617907142,4.5));
#817 = DIRECTION('',(-0.5,-0.866025403784));
#818 = ( GEOMETRIC_REPRESENTATION_CONTEXT(2) 
PARAMETRIC_REPRESENTATION_CONTEXT() REPRESENTATION_CONTEXT('2D SPACE',''
  ) );
#819 = ORIENTED_EDGE('',*,*,#820,.T.);
#820 = EDGE_CURVE('',#790,#821,#823,.T.);
#821 = VERTEX_POINT('',#822);
#822 = CARTESIAN_POINT('',(-27.98668396153,57.474358556742,3.9));
#823 = SURFACE_CURVE('',#824,(#828,#834),.PCURVE_S1.);
#824 = LINE('',#825,#826);
#825 = CARTESIAN_POINT('',(-27.98668396153,57.474358556742,-3.));
#826 = VECTOR('',#827,1.);
#827 = DIRECTION('',(0.,0.,1.));
#828 = PCURVE('',#317,#829);
#829 = DEFINITIONAL_REPRESENTATION('',(#830),#833);
#830 = B_SPLINE_CURVE_WITH_KNOTS('',1,(#831,#832),.UNSPECIFIED.,.F.,.F.,
  (2,2),(5.1,8.7),.PIECEWISE_BEZIER_KNOTS.);
#831 = CARTESIAN_POINT('',(2.023943139966,5.1));
#832 = CARTESIAN_POINT('',(2.023943139966,8.7));
#833 = ( GEOMETRIC_REPRESENTATION_CONTEXT(2) 
PARAMETRIC_REPRESENTATION_CONTEXT() REPRESENTATION_CONTEXT('2D SPACE',''
  ) );
#834 = PCURVE('',#835,#840);
#835 = PLANE('',#836);
#836 = AXIS2_PLACEMENT_3D('',#837,#838,#839);
#837 = CARTESIAN_POINT('',(-27.96597521868,57.438489961968,2.4));
#838 = DIRECTION('',(-0.866025403784,-0.5,0.));
#839 = DIRECTION('',(0.,0.,1.));
#840 = DEFINITIONAL_REPRESENTATION('',(#841),#844);
#841 = B_SPLINE_CURVE_WITH_KNOTS('',1,(#842,#843),.UNSPECIFIED.,.F.,.F.,
  (2,2),(5.1,8.7),.PIECEWISE_BEZIER_KNOTS.);
#842 = CARTESIAN_POINT('',(-0.3,4.141748569714E-02));
#843 = CARTESIAN_POINT('',(3.3,4.141748569714E-02));
#844 = ( GEOMETRIC_REPRESENTATION_CONTEXT(2) 
PARAMETRIC_REPRESENTATION_CONTEXT() REPRESENTATION_CONTEXT('2D SPACE',''
  ) );
#845 = ORIENTED_EDGE('',*,*,#846,.F.);
#846 = EDGE_CURVE('',#847,#821,#849,.T.);
#847 = VERTEX_POINT('',#848);
#848 = CARTESIAN_POINT('',(-27.31382003782,57.79715914829,3.9));
#849 = SURFACE_CURVE('',#850,(#855,#862),.PCURVE_S1.);
#850 = CIRCLE('',#851,63.926179071422);
#851 = AXIS2_PLACEMENT_3D('',#852,#853,#854);
#852 = CARTESIAN_POINT('',(0.,0.,3.9));
#853 = DIRECTION('',(0.,0.,1.));
#854 = DIRECTION('',(1.,0.,-0.));
#855 = PCURVE('',#317,#856);
#856 = DEFINITIONAL_REPRESENTATION('',(#857),#861);
#857 = LINE('',#858,#859);
#858 = CARTESIAN_POINT('',(0.,6.9));
#859 = VECTOR('',#860,1.);
#860 = DIRECTION('',(1.,0.));
#861 = ( GEOMETRIC_REPRESENTATION_CONTEXT(2) 
PARAMETRIC_REPRESENTATION_CONTEXT() REPRESENTATION_CONTEXT('2D SPACE',''
  ) );
#862 = PCURVE('',#863,#868);
#863 = PLANE('',#864);
#864 = AXIS2_PLACEMENT_3D('',#865,#866,#867);
#865 = CARTESIAN_POINT('',(-27.22817660853,57.621305066941,3.9));
#866 = DIRECTION('',(0.,0.,1.));
#867 = DIRECTION('',(-0.437849299935,0.899048380537,0.));
#868 = DEFINITIONAL_REPRESENTATION('',(#869),#873);
#869 = CIRCLE('',#870,63.926179071422);
#870 = AXIS2_PLACEMENT_2D('',#871,#872);
#871 = CARTESIAN_POINT('',(-63.72617907142,0.75));
#872 = DIRECTION('',(-0.437849299935,-0.899048380537));
#873 = ( GEOMETRIC_REPRESENTATION_CONTEXT(2) 
PARAMETRIC_REPRESENTATION_CONTEXT() REPRESENTATION_CONTEXT('2D SPACE',''
  ) );
#874 = ORIENTED_EDGE('',*,*,#875,.T.);
#875 = EDGE_CURVE('',#847,#876,#878,.T.);
#876 = VERTEX_POINT('',#877);
#877 = CARTESIAN_POINT('',(-27.31382003782,57.79715914829,5.4));
#878 = SURFACE_CURVE('',#879,(#883,#889),.PCURVE_S1.);
#879 = LINE('',#880,#881);
#880 = CARTESIAN_POINT('',(-27.31382003782,57.79715914829,-3.));
#881 = VECTOR('',#882,1.);
#882 = DIRECTION('',(0.,0.,1.));
#883 = PCURVE('',#317,#884);
#884 = DEFINITIONAL_REPRESENTATION('',(#885),#888);
#885 = B_SPLINE_CURVE_WITH_KNOTS('',1,(#886,#887),.UNSPECIFIED.,.F.,.F.,
  (2,2),(6.75,8.55),.PIECEWISE_BEZIER_KNOTS.);
#886 = CARTESIAN_POINT('',(2.012268854851,6.75));
#887 = CARTESIAN_POINT('',(2.012268854851,8.55));
#888 = ( GEOMETRIC_REPRESENTATION_CONTEXT(2) 
PARAMETRIC_REPRESENTATION_CONTEXT() REPRESENTATION_CONTEXT('2D SPACE',''
  ) );
#889 = PCURVE('',#890,#895);
#890 = PLANE('',#891);
#891 = AXIS2_PLACEMENT_3D('',#892,#893,#894);
#892 = CARTESIAN_POINT('',(-27.22817660853,57.621305066941,3.9));
#893 = DIRECTION('',(-0.899048380537,-0.437849299935,0.));
#894 = DIRECTION('',(0.,0.,1.));
#895 = DEFINITIONAL_REPRESENTATION('',(#896),#899);
#896 = B_SPLINE_CURVE_WITH_KNOTS('',1,(#897,#898),.UNSPECIFIED.,.F.,.F.,
  (2,2),(6.75,8.55),.PIECEWISE_BEZIER_KNOTS.);
#897 = CARTESIAN_POINT('',(-0.15,0.195600242608));
#898 = CARTESIAN_POINT('',(1.65,0.195600242608));
#899 = ( GEOMETRIC_REPRESENTATION_CONTEXT(2) 
PARAMETRIC_REPRESENTATION_CONTEXT() REPRESENTATION_CONTEXT('2D SPACE',''
  ) );
#900 = ORIENTED_EDGE('',*,*,#901,.T.);
#901 = EDGE_CURVE('',#876,#902,#904,.T.);
#902 = VERTEX_POINT('',#903);
#903 = CARTESIAN_POINT('',(-35.78091259559,52.974358556742,5.4));
#904 = SURFACE_CURVE('',#905,(#910,#917),.PCURVE_S1.);
#905 = CIRCLE('',#906,63.926179071422);
#906 = AXIS2_PLACEMENT_3D('',#907,#908,#909);
#907 = CARTESIAN_POINT('',(0.,0.,5.4));
#908 = DIRECTION('',(0.,0.,1.));
#909 = DIRECTION('',(1.,0.,-0.));
#910 = PCURVE('',#317,#911);
#911 = DEFINITIONAL_REPRESENTATION('',(#912),#916);
#912 = LINE('',#913,#914);
#913 = CARTESIAN_POINT('',(0.,8.4));
#914 = VECTOR('',#915,1.);
#915 = DIRECTION('',(1.,0.));
#916 = ( GEOMETRIC_REPRESENTATION_CONTEXT(2) 
PARAMETRIC_REPRESENTATION_CONTEXT() REPRESENTATION_CONTEXT('2D SPACE',''
  ) );
#917 = PCURVE('',#918,#923);
#918 = PLANE('',#919);
#919 = AXIS2_PLACEMENT_3D('',#920,#921,#922);
#920 = CARTESIAN_POINT('',(-27.96597521868,57.438489961968,5.4));
#921 = DIRECTION('',(0.,0.,1.));
#922 = DIRECTION('',(-0.5,0.866025403784,0.));
#923 = DEFINITIONAL_REPRESENTATION('',(#924),#928);
#924 = CIRCLE('',#925,63.926179071422);
#925 = AXIS2_PLACEMENT_2D('',#926,#927);
#926 = CARTESIAN_POINT('',(-63.72617907142,4.5));
#927 = DIRECTION('',(-0.5,-0.866025403784));
#928 = ( GEOMETRIC_REPRESENTATION_CONTEXT(2) 
PARAMETRIC_REPRESENTATION_CONTEXT() REPRESENTATION_CONTEXT('2D SPACE',''
  ) );
#929 = ORIENTED_EDGE('',*,*,#930,.F.);
#930 = EDGE_CURVE('',#792,#902,#931,.T.);
#931 = SURFACE_CURVE('',#932,(#936,#942),.PCURVE_S1.);
#932 = LINE('',#933,#934);
#933 = CARTESIAN_POINT('',(-35.78091259559,52.974358556742,-3.));
#934 = VECTOR('',#935,1.);
#935 = DIRECTION('',(0.,0.,1.));
#936 = PCURVE('',#317,#937);
#937 = DEFINITIONAL_REPRESENTATION('',(#938),#941);
#938 = B_SPLINE_CURVE_WITH_KNOTS('',1,(#939,#940),.UNSPECIFIED.,.F.,.F.,
  (2,2),(5.1,8.7),.PIECEWISE_BEZIER_KNOTS.);
#939 = CARTESIAN_POINT('',(2.16484706482,5.1));
#940 = CARTESIAN_POINT('',(2.16484706482,8.7));
#941 = ( GEOMETRIC_REPRESENTATION_CONTEXT(2) 
PARAMETRIC_REPRESENTATION_CONTEXT() REPRESENTATION_CONTEXT('2D SPACE',''
  ) );
#942 = PCURVE('',#943,#948);
#943 = PLANE('',#944);
#944 = AXIS2_PLACEMENT_3D('',#945,#946,#947);
#945 = CARTESIAN_POINT('',(-35.76020385274,52.938489961968,2.4));
#946 = DIRECTION('',(-0.866025403784,-0.5,0.));
#947 = DIRECTION('',(0.,0.,1.));
#948 = DEFINITIONAL_REPRESENTATION('',(#949),#952);
#949 = B_SPLINE_CURVE_WITH_KNOTS('',1,(#950,#951),.UNSPECIFIED.,.F.,.F.,
  (2,2),(5.1,8.7),.PIECEWISE_BEZIER_KNOTS.);
#950 = CARTESIAN_POINT('',(-0.3,4.141748569714E-02));
#951 = CARTESIAN_POINT('',(3.3,4.141748569714E-02));
#952 = ( GEOMETRIC_REPRESENTATION_CONTEXT(2) 
PARAMETRIC_REPRESENTATION_CONTEXT() REPRESENTATION_CONTEXT('2D SPACE',''
  ) );
#953 = FACE_BOUND('',#954,.T.);
#954 = EDGE_LOOP('',(#955,#986,#1012,#1041,#1067,#1096));
#955 = ORIENTED_EDGE('',*,*,#956,.F.);
#956 = EDGE_CURVE('',#957,#959,#961,.T.);
#957 = VERTEX_POINT('',#958);
#958 = CARTESIAN_POINT('',(-35.78091259559,-52.97435855674,2.4));
#959 = VERTEX_POINT('',#960);
#960 = CARTESIAN_POINT('',(-27.98668396153,-57.47435855674,2.4));
#961 = SURFACE_CURVE('',#962,(#967,#974),.PCURVE_S1.);
#962 = CIRCLE('',#963,63.926179071422);
#963 = AXIS2_PLACEMENT_3D('',#964,#965,#966);
#964 = CARTESIAN_POINT('',(0.,0.,2.4));
#965 = DIRECTION('',(0.,0.,1.));
#966 = DIRECTION('',(1.,0.,-0.));
#967 = PCURVE('',#317,#968);
#968 = DEFINITIONAL_REPRESENTATION('',(#969),#973);
#969 = LINE('',#970,#971);
#970 = CARTESIAN_POINT('',(0.,5.4));
#971 = VECTOR('',#972,1.);
#972 = DIRECTION('',(1.,0.));
#973 = ( GEOMETRIC_REPRESENTATION_CONTEXT(2) 
PARAMETRIC_REPRESENTATION_CONTEXT() REPRESENTATION_CONTEXT('2D SPACE',''
  ) );
#974 = PCURVE('',#975,#980);
#975 = PLANE('',#976);
#976 = AXIS2_PLACEMENT_3D('',#977,#978,#979);
#977 = CARTESIAN_POINT('',(-35.76020385274,-52.93848996196,2.4));
#978 = DIRECTION('',(0.,0.,1.));
#979 = DIRECTION('',(-0.5,-0.866025403784,0.));
#980 = DEFINITIONAL_REPRESENTATION('',(#981),#985);
#981 = CIRCLE('',#982,63.926179071422);
#982 = AXIS2_PLACEMENT_2D('',#983,#984);
#983 = CARTESIAN_POINT('',(-63.72617907142,4.5));
#984 = DIRECTION('',(-0.5,0.866025403784));
#985 = ( GEOMETRIC_REPRESENTATION_CONTEXT(2) 
PARAMETRIC_REPRESENTATION_CONTEXT() REPRESENTATION_CONTEXT('2D SPACE',''
  ) );
#986 = ORIENTED_EDGE('',*,*,#987,.T.);
#987 = EDGE_CURVE('',#957,#988,#990,.T.);
#988 = VERTEX_POINT('',#989);
#989 = CARTESIAN_POINT('',(-35.78091259559,-52.97435855674,3.9));
#990 = SURFACE_CURVE('',#991,(#995,#1001),.PCURVE_S1.);
#991 = LINE('',#992,#993);
#992 = CARTESIAN_POINT('',(-35.78091259559,-52.97435855674,-3.));
#993 = VECTOR('',#994,1.);
#994 = DIRECTION('',(0.,0.,1.));
#995 = PCURVE('',#317,#996);
#996 = DEFINITIONAL_REPRESENTATION('',(#997),#1000);
#997 = B_SPLINE_CURVE_WITH_KNOTS('',1,(#998,#999),.UNSPECIFIED.,.F.,.F.,
  (2,2),(5.1,8.7),.PIECEWISE_BEZIER_KNOTS.);
#998 = CARTESIAN_POINT('',(4.118338242359,5.1));
#999 = CARTESIAN_POINT('',(4.118338242359,8.7));
#1000 = ( GEOMETRIC_REPRESENTATION_CONTEXT(2) 
PARAMETRIC_REPRESENTATION_CONTEXT() REPRESENTATION_CONTEXT('2D SPACE',''
  ) );
#1001 = PCURVE('',#1002,#1007);
#1002 = PLANE('',#1003);
#1003 = AXIS2_PLACEMENT_3D('',#1004,#1005,#1006);
#1004 = CARTESIAN_POINT('',(-35.76020385274,-52.93848996196,2.4));
#1005 = DIRECTION('',(0.866025403784,-0.5,0.));
#1006 = DIRECTION('',(0.,0.,1.));
#1007 = DEFINITIONAL_REPRESENTATION('',(#1008),#1011);
#1008 = B_SPLINE_CURVE_WITH_KNOTS('',1,(#1009,#1010),.UNSPECIFIED.,.F.,
  .F.,(2,2),(5.1,8.7),.PIECEWISE_BEZIER_KNOTS.);
#1009 = CARTESIAN_POINT('',(-0.3,4.141748569713E-02));
#1010 = CARTESIAN_POINT('',(3.3,4.141748569713E-02));
#1011 = ( GEOMETRIC_REPRESENTATION_CONTEXT(2) 
PARAMETRIC_REPRESENTATION_CONTEXT() REPRESENTATION_CONTEXT('2D SPACE',''
  ) );
#1012 = ORIENTED_EDGE('',*,*,#1013,.F.);
#1013 = EDGE_CURVE('',#1014,#988,#1016,.T.);
#1014 = VERTEX_POINT('',#1015);
#1015 = CARTESIAN_POINT('',(-36.39689807007,-52.55304160129,3.9));
#1016 = SURFACE_CURVE('',#1017,(#1022,#1029),.PCURVE_S1.);
#1017 = CIRCLE('',#1018,63.926179071422);
#1018 = AXIS2_PLACEMENT_3D('',#1019,#1020,#1021);
#1019 = CARTESIAN_POINT('',(0.,0.,3.9));
#1020 = DIRECTION('',(0.,0.,1.));
#1021 = DIRECTION('',(1.,0.,-0.));
#1022 = PCURVE('',#317,#1023);
#1023 = DEFINITIONAL_REPRESENTATION('',(#1024),#1028);
#1024 = LINE('',#1025,#1026);
#1025 = CARTESIAN_POINT('',(0.,6.9));
#1026 = VECTOR('',#1027,1.);
#1027 = DIRECTION('',(1.,0.));
#1028 = ( GEOMETRIC_REPRESENTATION_CONTEXT(2) 
PARAMETRIC_REPRESENTATION_CONTEXT() REPRESENTATION_CONTEXT('2D SPACE',''
  ) );
#1029 = PCURVE('',#1030,#1035);
#1030 = PLANE('',#1031);
#1031 = AXIS2_PLACEMENT_3D('',#1032,#1033,#1034);
#1032 = CARTESIAN_POINT('',(-36.28742568291,-52.39094517519,3.9));
#1033 = DIRECTION('',(0.,0.,1.));
#1034 = DIRECTION('',(-0.559674086809,-0.828712807041,0.));
#1035 = DEFINITIONAL_REPRESENTATION('',(#1036),#1040);
#1036 = CIRCLE('',#1037,63.926179071422);
#1037 = AXIS2_PLACEMENT_2D('',#1038,#1039);
#1038 = CARTESIAN_POINT('',(-63.72617907142,0.75));
#1039 = DIRECTION('',(-0.559674086809,0.828712807041));
#1040 = ( GEOMETRIC_REPRESENTATION_CONTEXT(2) 
PARAMETRIC_REPRESENTATION_CONTEXT() REPRESENTATION_CONTEXT('2D SPACE',''
  ) );
#1041 = ORIENTED_EDGE('',*,*,#1042,.T.);
#1042 = EDGE_CURVE('',#1014,#1043,#1045,.T.);
#1043 = VERTEX_POINT('',#1044);
#1044 = CARTESIAN_POINT('',(-36.39689807007,-52.55304160129,5.4));
#1045 = SURFACE_CURVE('',#1046,(#1050,#1056),.PCURVE_S1.);
#1046 = LINE('',#1047,#1048);
#1047 = CARTESIAN_POINT('',(-36.39689807007,-52.55304160129,-3.));
#1048 = VECTOR('',#1049,1.);
#1049 = DIRECTION('',(0.,0.,1.));
#1050 = PCURVE('',#317,#1051);
#1051 = DEFINITIONAL_REPRESENTATION('',(#1052),#1055);
#1052 = B_SPLINE_CURVE_WITH_KNOTS('',1,(#1053,#1054),.UNSPECIFIED.,.F.,
  .F.,(2,2),(6.75,8.55),.PIECEWISE_BEZIER_KNOTS.);
#1053 = CARTESIAN_POINT('',(4.106663957244,6.75));
#1054 = CARTESIAN_POINT('',(4.106663957244,8.55));
#1055 = ( GEOMETRIC_REPRESENTATION_CONTEXT(2) 
PARAMETRIC_REPRESENTATION_CONTEXT() REPRESENTATION_CONTEXT('2D SPACE',''
  ) );
#1056 = PCURVE('',#1057,#1062);
#1057 = PLANE('',#1058);
#1058 = AXIS2_PLACEMENT_3D('',#1059,#1060,#1061);
#1059 = CARTESIAN_POINT('',(-36.28742568291,-52.39094517519,3.9));
#1060 = DIRECTION('',(0.828712807041,-0.559674086809,0.));
#1061 = DIRECTION('',(0.,0.,1.));
#1062 = DEFINITIONAL_REPRESENTATION('',(#1063),#1066);
#1063 = B_SPLINE_CURVE_WITH_KNOTS('',1,(#1064,#1065),.UNSPECIFIED.,.F.,
  .F.,(2,2),(6.75,8.55),.PIECEWISE_BEZIER_KNOTS.);
#1064 = CARTESIAN_POINT('',(-0.15,0.195600242608));
#1065 = CARTESIAN_POINT('',(1.65,0.195600242608));
#1066 = ( GEOMETRIC_REPRESENTATION_CONTEXT(2) 
PARAMETRIC_REPRESENTATION_CONTEXT() REPRESENTATION_CONTEXT('2D SPACE',''
  ) );
#1067 = ORIENTED_EDGE('',*,*,#1068,.T.);
#1068 = EDGE_CURVE('',#1043,#1069,#1071,.T.);
#1069 = VERTEX_POINT('',#1070);
#1070 = CARTESIAN_POINT('',(-27.98668396153,-57.47435855674,5.4));
#1071 = SURFACE_CURVE('',#1072,(#1077,#1084),.PCURVE_S1.);
#1072 = CIRCLE('',#1073,63.926179071422);
#1073 = AXIS2_PLACEMENT_3D('',#1074,#1075,#1076);
#1074 = CARTESIAN_POINT('',(0.,0.,5.4));
#1075 = DIRECTION('',(0.,0.,1.));
#1076 = DIRECTION('',(1.,0.,-0.));
#1077 = PCURVE('',#317,#1078);
#1078 = DEFINITIONAL_REPRESENTATION('',(#1079),#1083);
#1079 = LINE('',#1080,#1081);
#1080 = CARTESIAN_POINT('',(0.,8.4));
#1081 = VECTOR('',#1082,1.);
#1082 = DIRECTION('',(1.,0.));
#1083 = ( GEOMETRIC_REPRESENTATION_CONTEXT(2) 
PARAMETRIC_REPRESENTATION_CONTEXT() REPRESENTATION_CONTEXT('2D SPACE',''
  ) );
#1084 = PCURVE('',#1085,#1090);
#1085 = PLANE('',#1086);
#1086 = AXIS2_PLACEMENT_3D('',#1087,#1088,#1089);
#1087 = CARTESIAN_POINT('',(-35.76020385274,-52.93848996196,5.4));
#1088 = DIRECTION('',(0.,0.,1.));
#1089 = DIRECTION('',(-0.5,-0.866025403784,0.));
#1090 = DEFINITIONAL_REPRESENTATION('',(#1091),#1095);
#1091 = CIRCLE('',#1092,63.926179071422);
#1092 = AXIS2_PLACEMENT_2D('',#1093,#1094);
#1093 = CARTESIAN_POINT('',(-63.72617907142,4.5));
#1094 = DIRECTION('',(-0.5,0.866025403784));
#1095 = ( GEOMETRIC_REPRESENTATION_CONTEXT(2) 
PARAMETRIC_REPRESENTATION_CONTEXT() REPRESENTATION_CONTEXT('2D SPACE',''
  ) );
#1096 = ORIENTED_EDGE('',*,*,#1097,.F.);
#1097 = EDGE_CURVE('',#959,#1069,#1098,.T.);
#1098 = SURFACE_CURVE('',#1099,(#1103,#1109),.PCURVE_S1.);
#1099 = LINE('',#1100,#1101);
#1100 = CARTESIAN_POINT('',(-27.98668396153,-57.47435855674,-3.));
#1101 = VECTOR('',#1102,1.);
#1102 = DIRECTION('',(0.,0.,1.));
#1103 = PCURVE('',#317,#1104);
#1104 = DEFINITIONAL_REPRESENTATION('',(#1105),#1108);
#1105 = B_SPLINE_CURVE_WITH_KNOTS('',1,(#1106,#1107),.UNSPECIFIED.,.F.,
  .F.,(2,2),(5.1,8.7),.PIECEWISE_BEZIER_KNOTS.);
#1106 = CARTESIAN_POINT('',(4.259242167213,5.1));
#1107 = CARTESIAN_POINT('',(4.259242167213,8.7));
#1108 = ( GEOMETRIC_REPRESENTATION_CONTEXT(2) 
PARAMETRIC_REPRESENTATION_CONTEXT() REPRESENTATION_CONTEXT('2D SPACE',''
  ) );
#1109 = PCURVE('',#1110,#1115);
#1110 = PLANE('',#1111);
#1111 = AXIS2_PLACEMENT_3D('',#1112,#1113,#1114);
#1112 = CARTESIAN_POINT('',(-27.96597521868,-57.43848996196,2.4));
#1113 = DIRECTION('',(0.866025403784,-0.5,0.));
#1114 = DIRECTION('',(0.,0.,1.));
#1115 = DEFINITIONAL_REPRESENTATION('',(#1116),#1119);
#1116 = B_SPLINE_CURVE_WITH_KNOTS('',1,(#1117,#1118),.UNSPECIFIED.,.F.,
  .F.,(2,2),(5.1,8.7),.PIECEWISE_BEZIER_KNOTS.);
#1117 = CARTESIAN_POINT('',(-0.3,4.141748569713E-02));
#1118 = CARTESIAN_POINT('',(3.3,4.141748569713E-02));
#1119 = ( GEOMETRIC_REPRESENTATION_CONTEXT(2) 
PARAMETRIC_REPRESENTATION_CONTEXT() REPRESENTATION_CONTEXT('2D SPACE',''
  ) );
#1120 = ADVANCED_FACE('',(#1121,#1176,#1486,#1767,#2068),#451,.F.);
#1121 = FACE_BOUND('',#1122,.F.);
#1122 = EDGE_LOOP('',(#1123,#1147,#1174,#1175));
#1123 = ORIENTED_EDGE('',*,*,#1124,.T.);
#1124 = EDGE_CURVE('',#435,#1125,#1127,.T.);
#1125 = VERTEX_POINT('',#1126);
#1126 = CARTESIAN_POINT('',(71.937472849691,-1.761959917282E-14,-3.));
#1127 = SEAM_CURVE('',#1128,(#1133,#1140),.PCURVE_S1.);
#1128 = CIRCLE('',#1129,72.);
#1129 = AXIS2_PLACEMENT_3D('',#1130,#1131,#1132);
#1130 = CARTESIAN_POINT('',(0.,0.,0.));
#1131 = DIRECTION('',(-2.449293598295E-16,-1.,0.));
#1132 = DIRECTION('',(1.,-2.449293598295E-16,0.));
#1133 = PCURVE('',#451,#1134);
#1134 = DEFINITIONAL_REPRESENTATION('',(#1135),#1139);
#1135 = LINE('',#1136,#1137);
#1136 = CARTESIAN_POINT('',(6.28318530718,-6.28318530718));
#1137 = VECTOR('',#1138,1.);
#1138 = DIRECTION('',(0.,1.));
#1139 = ( GEOMETRIC_REPRESENTATION_CONTEXT(2) 
PARAMETRIC_REPRESENTATION_CONTEXT() REPRESENTATION_CONTEXT('2D SPACE',''
  ) );
#1140 = PCURVE('',#451,#1141);
#1141 = DEFINITIONAL_REPRESENTATION('',(#1142),#1146);
#1142 = LINE('',#1143,#1144);
#1143 = CARTESIAN_POINT('',(0.,-6.28318530718));
#1144 = VECTOR('',#1145,1.);
#1145 = DIRECTION('',(0.,1.));
#1146 = ( GEOMETRIC_REPRESENTATION_CONTEXT(2) 
PARAMETRIC_REPRESENTATION_CONTEXT() REPRESENTATION_CONTEXT('2D SPACE',''
  ) );
#1147 = ORIENTED_EDGE('',*,*,#1148,.F.);
#1148 = EDGE_CURVE('',#1125,#1125,#1149,.T.);
#1149 = SURFACE_CURVE('',#1150,(#1155,#1162),.PCURVE_S1.);
#1150 = CIRCLE('',#1151,71.937472849691);
#1151 = AXIS2_PLACEMENT_3D('',#1152,#1153,#1154);
#1152 = CARTESIAN_POINT('',(0.,0.,-3.));
#1153 = DIRECTION('',(0.,0.,1.));
#1154 = DIRECTION('',(1.,0.,-0.));
#1155 = PCURVE('',#451,#1156);
#1156 = DEFINITIONAL_REPRESENTATION('',(#1157),#1161);
#1157 = LINE('',#1158,#1159);
#1158 = CARTESIAN_POINT('',(0.,-4.167873242258E-02));
#1159 = VECTOR('',#1160,1.);
#1160 = DIRECTION('',(1.,0.));
#1161 = ( GEOMETRIC_REPRESENTATION_CONTEXT(2) 
PARAMETRIC_REPRESENTATION_CONTEXT() REPRESENTATION_CONTEXT('2D SPACE',''
  ) );
#1162 = PCURVE('',#1163,#1168);
#1163 = PLANE('',#1164);
#1164 = AXIS2_PLACEMENT_3D('',#1165,#1166,#1167);
#1165 = CARTESIAN_POINT('',(0.,0.,-3.));
#1166 = DIRECTION('',(0.,0.,1.));
#1167 = DIRECTION('',(1.,0.,-0.));
#1168 = DEFINITIONAL_REPRESENTATION('',(#1169),#1173);
#1169 = CIRCLE('',#1170,71.937472849691);
#1170 = AXIS2_PLACEMENT_2D('',#1171,#1172);
#1171 = CARTESIAN_POINT('',(0.,0.));
#1172 = DIRECTION('',(1.,0.));
#1173 = ( GEOMETRIC_REPRESENTATION_CONTEXT(2) 
PARAMETRIC_REPRESENTATION_CONTEXT() REPRESENTATION_CONTEXT('2D SPACE',''
  ) );
#1174 = ORIENTED_EDGE('',*,*,#1124,.F.);
#1175 = ORIENTED_EDGE('',*,*,#434,.T.);
#1176 = FACE_BOUND('',#1177,.F.);
#1177 = EDGE_LOOP('',(#1178,#1289,#1459));
#1178 = ORIENTED_EDGE('',*,*,#1179,.T.);
#1179 = EDGE_CURVE('',#1180,#1182,#1184,.T.);
#1180 = VERTEX_POINT('',#1181);
#1181 = CARTESIAN_POINT('',(40.502050062129,18.719700413531,
    -56.50802383018));
#1182 = VERTEX_POINT('',#1183);
#1183 = CARTESIAN_POINT('',(42.458674349295,21.532415671404,
    -54.01496133345));
#1184 = SURFACE_CURVE('',#1185,(#1216,#1250),.PCURVE_S1.);
#1185 = B_SPLINE_CURVE_WITH_KNOTS('',5,(#1186,#1187,#1188,#1189,#1190,
    #1191,#1192,#1193,#1194,#1195,#1196,#1197,#1198,#1199,#1200,#1201,
    #1202,#1203,#1204,#1205,#1206,#1207,#1208,#1209,#1210,#1211,#1212,
    #1213,#1214,#1215),.UNSPECIFIED.,.F.,.F.,(6,4,4,4,4,4,4,6),(0.,
    0.165683488308,0.291589726022,0.415596087419,0.537455887129,
    0.654933678064,0.812133622893,1.),.UNSPECIFIED.);
#1186 = CARTESIAN_POINT('',(40.502047203743,18.719699353216,
    -56.50802623018));
#1187 = CARTESIAN_POINT('',(40.608196491185,18.759075270481,
    -56.41889962075));
#1188 = CARTESIAN_POINT('',(40.711993223059,18.803274942416,
    -56.32940195253));
#1189 = CARTESIAN_POINT('',(40.813328602732,18.852152245694,
    -56.23966194976));
#1190 = CARTESIAN_POINT('',(40.912085164099,18.905596467842,
    -56.14980290717));
#1191 = CARTESIAN_POINT('',(41.081126671578,19.00755639373,
    -55.99165795181));
#1192 = CARTESIAN_POINT('',(41.152554059078,19.054174477784,
    -55.92337285818));
#1193 = CARTESIAN_POINT('',(41.222361828052,19.103351151843,
    -55.85514103649));
#1194 = CARTESIAN_POINT('',(41.29048646035,19.155062023039,
    -55.78701722758));
#1195 = CARTESIAN_POINT('',(41.422226195958,19.262704213585,
    -55.65212493147));
#1196 = CARTESIAN_POINT('',(41.485893232282,19.318559786886,
    -55.58535205191));
#1197 = CARTESIAN_POINT('',(41.547790694556,19.376844868162,
    -55.51879389721));
#1198 = CARTESIAN_POINT('',(41.607839925854,19.437552931574,
    -55.4525103475));
#1199 = CARTESIAN_POINT('',(41.723056380889,19.56272435,-55.32176507862)
  );
#1200 = CARTESIAN_POINT('',(41.778289386091,19.627104093931,
    -55.25729238761));
#1201 = CARTESIAN_POINT('',(41.831565236036,19.693825539242,
    -55.19321076288));
#1202 = CARTESIAN_POINT('',(41.882783308403,19.762895064177,
    -55.12959211478));
#1203 = CARTESIAN_POINT('',(41.979107592582,19.903184726009,
    -55.00571277625));
#1204 = CARTESIAN_POINT('',(42.0243664991,19.974237506929,
    -54.94541451576));
#1205 = CARTESIAN_POINT('',(42.067500050625,20.047493352232,
    -54.88569657883));
#1206 = CARTESIAN_POINT('',(42.10838451006,20.122963807598,
    -54.82664677405));
#1207 = CARTESIAN_POINT('',(42.198383162051,20.304629831685,
    -54.69038315784));
#1208 = CARTESIAN_POINT('',(42.245602810689,20.412580262519,
    -54.61378310157));
#1209 = CARTESIAN_POINT('',(42.288194129693,20.524551524439,
    -54.53880781883));
#1210 = CARTESIAN_POINT('',(42.325726557213,20.640547075294,
    -54.46577916885));
#1211 = CARTESIAN_POINT('',(42.395854654114,20.903931781438,
    -54.31064626605));
#1212 = CARTESIAN_POINT('',(42.426050175504,21.052999397987,
    -54.22956958704));
#1213 = CARTESIAN_POINT('',(42.447380030354,21.207721269999,
    -54.15254789607));
#1214 = CARTESIAN_POINT('',(42.458674349295,21.367776659693,
    -54.08059269832));
#1215 = CARTESIAN_POINT('',(42.458674349295,21.532415671404,
    -54.01496133345));
#1216 = PCURVE('',#451,#1217);
#1217 = DEFINITIONAL_REPRESENTATION('',(#1218),#1249);
#1218 = B_SPLINE_CURVE_WITH_KNOTS('',5,(#1219,#1220,#1221,#1222,#1223,
    #1224,#1225,#1226,#1227,#1228,#1229,#1230,#1231,#1232,#1233,#1234,
    #1235,#1236,#1237,#1238,#1239,#1240,#1241,#1242,#1243,#1244,#1245,
    #1246,#1247,#1248),.UNSPECIFIED.,.F.,.F.,(6,4,4,4,4,4,4,6),(0.,
    0.165683488308,0.291589726022,0.415596087419,0.537455887129,
    0.654933678064,0.812133622893,1.),.UNSPECIFIED.);
#1219 = CARTESIAN_POINT('',(0.432945947488,-0.902427724742));
#1220 = CARTESIAN_POINT('',(0.432748906589,-0.90043021511));
#1221 = CARTESIAN_POINT('',(0.432673368027,-0.898430705835));
#1222 = CARTESIAN_POINT('',(0.432715842513,-0.896432090572));
#1223 = CARTESIAN_POINT('',(0.432873730818,-0.894437067858));
#1224 = CARTESIAN_POINT('',(0.433351647298,-0.890936779973));
#1225 = CARTESIAN_POINT('',(0.433623647787,-0.889428940644));
#1226 = CARTESIAN_POINT('',(0.433960520266,-0.887925782865));
#1227 = CARTESIAN_POINT('',(0.434361782335,-0.886428456841));
#1228 = CARTESIAN_POINT('',(0.435285668092,-0.883470311329));
#1229 = CARTESIAN_POINT('',(0.435806368713,-0.88200929375));
#1230 = CARTESIAN_POINT('',(0.43638914872,-0.880556208586));
#1231 = CARTESIAN_POINT('',(0.437034094955,-0.879112281138));
#1232 = CARTESIAN_POINT('',(0.438436801018,-0.876270213083));
#1233 = CARTESIAN_POINT('',(0.439192413551,-0.874871727409));
#1234 = CARTESIAN_POINT('',(0.440008754571,-0.87348463776));
#1235 = CARTESIAN_POINT('',(0.440886440303,-0.87211039406));
#1236 = CARTESIAN_POINT('',(0.442732475708,-0.869439785834));
#1237 = CARTESIAN_POINT('',(0.443696425283,-0.868142416927));
#1238 = CARTESIAN_POINT('',(0.444719006402,-0.866860000156));
#1239 = CARTESIAN_POINT('',(0.445801247034,-0.865594296296));
#1240 = CARTESIAN_POINT('',(0.448474088075,-0.862678808336));
#1241 = CARTESIAN_POINT('',(0.450112766299,-0.861043956147));
#1242 = CARTESIAN_POINT('',(0.451863619209,-0.859447607097));
#1243 = CARTESIAN_POINT('',(0.45373007947,-0.857896227515));
#1244 = CARTESIAN_POINT('',(0.458089501977,-0.854607543981));
#1245 = CARTESIAN_POINT('',(0.460633134146,-0.852893407611));
#1246 = CARTESIAN_POINT('',(0.463354232152,-0.851269063346));
#1247 = CARTESIAN_POINT('',(0.466257483908,-0.84975491381));
#1248 = CARTESIAN_POINT('',(0.469341848398,-0.848376293435));
#1249 = ( GEOMETRIC_REPRESENTATION_CONTEXT(2) 
PARAMETRIC_REPRESENTATION_CONTEXT() REPRESENTATION_CONTEXT('2D SPACE',''
  ) );
#1250 = PCURVE('',#1251,#1256);
#1251 = CYLINDRICAL_SURFACE('',#1252,3.);
#1252 = AXIS2_PLACEMENT_3D('',#1253,#1254,#1255);
#1253 = CARTESIAN_POINT('',(39.458674349295,21.532415671404,
    -56.50802383018));
#1254 = DIRECTION('',(0.,0.,1.));
#1255 = DIRECTION('',(1.,0.,-0.));
#1256 = DEFINITIONAL_REPRESENTATION('',(#1257),#1288);
#1257 = B_SPLINE_CURVE_WITH_KNOTS('',5,(#1258,#1259,#1260,#1261,#1262,
    #1263,#1264,#1265,#1266,#1267,#1268,#1269,#1270,#1271,#1272,#1273,
    #1274,#1275,#1276,#1277,#1278,#1279,#1280,#1281,#1282,#1283,#1284,
    #1285,#1286,#1287),.UNSPECIFIED.,.F.,.F.,(6,4,4,4,4,4,4,6),(0.,
    0.165683488308,0.291589726022,0.415596087419,0.537455887129,
    0.654933678064,0.812133622893,1.),.UNSPECIFIED.);
#1258 = CARTESIAN_POINT('',(5.067602914106,-2.399999999625E-06));
#1259 = CARTESIAN_POINT('',(5.105341980344,8.91242094318E-02));
#1260 = CARTESIAN_POINT('',(5.14290503766,0.178621877643));
#1261 = CARTESIAN_POINT('',(5.180353106643,0.268361880421));
#1262 = CARTESIAN_POINT('',(5.217742435558,0.358220923012));
#1263 = CARTESIAN_POINT('',(5.283545895225,0.516365878368));
#1264 = CARTESIAN_POINT('',(5.311959521186,0.584650971994));
#1265 = CARTESIAN_POINT('',(5.340398814916,0.65288279369));
#1266 = CARTESIAN_POINT('',(5.368889879428,0.721006602598));
#1267 = CARTESIAN_POINT('',(5.425597902694,0.855898898706));
#1268 = CARTESIAN_POINT('',(5.453812515388,0.922671778265));
#1269 = CARTESIAN_POINT('',(5.48212883349,0.989229932966));
#1270 = CARTESIAN_POINT('',(5.510573766554,1.055513482679));
#1271 = CARTESIAN_POINT('',(5.567282295701,1.186258751555));
#1272 = CARTESIAN_POINT('',(5.595540486804,1.250731442569));
#1273 = CARTESIAN_POINT('',(5.623977023328,1.314813067295));
#1274 = CARTESIAN_POINT('',(5.652620765491,1.378431715398));
#1275 = CARTESIAN_POINT('',(5.709345791263,1.502311053928));
#1276 = CARTESIAN_POINT('',(5.737410181846,1.562609314419));
#1277 = CARTESIAN_POINT('',(5.76572348383,1.622327251344));
#1278 = CARTESIAN_POINT('',(5.794315622888,1.681377056124));
#1279 = CARTESIAN_POINT('',(5.861894631519,1.817640672341));
#1280 = CARTESIAN_POINT('',(5.901125438704,1.894240728603));
#1281 = CARTESIAN_POINT('',(5.940993039566,1.969216011352));
#1282 = CARTESIAN_POINT('',(5.981575469782,2.042244661332));
#1283 = CARTESIAN_POINT('',(6.072429108739,2.197377564126));
#1284 = CARTESIAN_POINT('',(6.123035245166,2.278454243139));
#1285 = CARTESIAN_POINT('',(6.17495392571,2.355475934106));
#1286 = CARTESIAN_POINT('',(6.22830563661,2.427431131857));
#1287 = CARTESIAN_POINT('',(6.28318530718,2.49306249673));
#1288 = ( GEOMETRIC_REPRESENTATION_CONTEXT(2) 
PARAMETRIC_REPRESENTATION_CONTEXT() REPRESENTATION_CONTEXT('2D SPACE',''
  ) );
#1289 = ORIENTED_EDGE('',*,*,#1290,.T.);
#1290 = EDGE_CURVE('',#1182,#1291,#1293,.T.);
#1291 = VERTEX_POINT('',#1292);
#1292 = CARTESIAN_POINT('',(37.657837949664,23.931788143898,
    -56.50802383018));
#1293 = SURFACE_CURVE('',#1294,(#1347,#1403),.PCURVE_S1.);
#1294 = B_SPLINE_CURVE_WITH_KNOTS('',6,(#1295,#1296,#1297,#1298,#1299,
    #1300,#1301,#1302,#1303,#1304,#1305,#1306,#1307,#1308,#1309,#1310,
    #1311,#1312,#1313,#1314,#1315,#1316,#1317,#1318,#1319,#1320,#1321,
    #1322,#1323,#1324,#1325,#1326,#1327,#1328,#1329,#1330,#1331,#1332,
    #1333,#1334,#1335,#1336,#1337,#1338,#1339,#1340,#1341,#1342,#1343,
    #1344,#1345,#1346),.UNSPECIFIED.,.F.,.F.,(7,5,5,5,5,5,5,5,5,5,7),(0.
    ,7.911453127749E-02,0.116757978707,0.19334846497,0.277130089977,
    0.318689417905,0.399956759218,0.512882871676,0.698591259085,
    0.898429094294,1.),.UNSPECIFIED.);
#1295 = CARTESIAN_POINT('',(42.458674349295,21.532415671404,
    -54.01496133345));
#1296 = CARTESIAN_POINT('',(42.458674349295,21.626709926665,
    -53.97737206097));
#1297 = CARTESIAN_POINT('',(42.455117555703,21.722427042378,
    -53.9417824908));
#1298 = CARTESIAN_POINT('',(42.447803775631,21.819438569329,
    -53.90839627609));
#1299 = CARTESIAN_POINT('',(42.436525488368,21.917550946815,
    -53.87744912887));
#1300 = CARTESIAN_POINT('',(42.42109576039,22.01649986626,
    -53.84919022315));
#1301 = CARTESIAN_POINT('',(42.391993386864,22.163261402788,
    -53.81181294856));
#1302 = CARTESIAN_POINT('',(42.381639729275,22.210690071774,
    -53.80042605339));
#1303 = CARTESIAN_POINT('',(42.370299999844,22.258193243095,
    -53.78972968914));
#1304 = CARTESIAN_POINT('',(42.357962680902,22.305729801363,
    -53.77974939495));
#1305 = CARTESIAN_POINT('',(42.344619924852,22.353254914506,
    -53.77050947244));
#1306 = CARTESIAN_POINT('',(42.30106579067,22.49729398788,-53.7447864719
    ));
#1307 = CARTESIAN_POINT('',(42.267680525744,22.593634857006,
    -53.73069714481));
#1308 = CARTESIAN_POINT('',(42.230088517406,22.68930615517,-53.71996149)
  );
#1309 = CARTESIAN_POINT('',(42.188339203268,22.783852668465,
    -53.71272912391));
#1310 = CARTESIAN_POINT('',(42.142574964839,22.876808605165,
    -53.70908413158));
#1311 = CARTESIAN_POINT('',(42.038878013061,23.067137287857,
    -53.70896325695));
#1312 = CARTESIAN_POINT('',(41.980189659871,23.16413544438,
    -53.71319269243));
#1313 = CARTESIAN_POINT('',(41.917321565619,23.258080377302,
    -53.72171704867));
#1314 = CARTESIAN_POINT('',(41.850692252776,23.348495365984,
    -53.73441719583));
#1315 = CARTESIAN_POINT('',(41.780774731831,23.43502557439,
    -53.75108304337));
#1316 = CARTESIAN_POINT('',(41.672001851977,23.558286456678,
    -53.78154399006));
#1317 = CARTESIAN_POINT('',(41.635245666168,23.598142256124,
    -53.79255422668));
#1318 = CARTESIAN_POINT('',(41.597856404178,23.636956880393,
    -53.80444291384));
#1319 = CARTESIAN_POINT('',(41.559889880785,23.674711589065,
    -53.81717576184));
#1320 = CARTESIAN_POINT('',(41.521399664086,23.711394838782,
    -53.83071721213));
#1321 = CARTESIAN_POINT('',(41.406245173236,23.816626858226,
    -53.87302276756));
#1322 = CARTESIAN_POINT('',(41.328248097586,23.882130460572,
    -53.90396844225));
#1323 = CARTESIAN_POINT('',(41.248815733116,23.943478293364,
    -53.93760338366));
#1324 = CARTESIAN_POINT('',(41.168275274563,24.000713236666,
    -53.97366375009));
#1325 = CARTESIAN_POINT('',(41.086902874848,24.05392818027,
    -54.0119035153));
#1326 = CARTESIAN_POINT('',(40.890990272721,24.171761308358,
    -54.10798153317));
#1327 = CARTESIAN_POINT('',(40.77589886167,24.232734001053,
    -54.16764101854));
#1328 = CARTESIAN_POINT('',(40.660203847818,24.286492672059,
    -54.2305278939));
#1329 = CARTESIAN_POINT('',(40.544350353762,24.333400371798,
    -54.29615794826));
#1330 = CARTESIAN_POINT('',(40.428667448628,24.373820510301,
    -54.36413425549));
#1331 = CARTESIAN_POINT('',(40.123759170229,24.464443968534,
    -54.5493108983));
#1332 = CARTESIAN_POINT('',(39.935295286847,24.504131313215,
    -54.66993475963));
#1333 = CARTESIAN_POINT('',(39.748888989064,24.528684700484,
    -54.79470920387));
#1334 = CARTESIAN_POINT('',(39.565246861628,24.539236504547,
    -54.92264029308));
#1335 = CARTESIAN_POINT('',(39.384845594554,24.536755785122,
    -55.05297955855));
#1336 = CARTESIAN_POINT('',(39.017606788062,24.505956803541,
    -55.3275807137));
#1337 = CARTESIAN_POINT('',(38.83142116954,24.475696144759,
    -55.47207426518));
#1338 = CARTESIAN_POINT('',(38.649809228757,24.432020382526,
    -55.61806630001));
#1339 = CARTESIAN_POINT('',(38.47322436101,24.375515210458,
    -55.76499203767));
#1340 = CARTESIAN_POINT('',(38.302112000256,24.30662098253,
    -55.91235971407));
#1341 = CARTESIAN_POINT('',(38.052993511705,24.184359567668,
    -56.13466660043));
#1342 = CARTESIAN_POINT('',(37.970586257449,24.140019525239,
    -56.20958121302));
#1343 = CARTESIAN_POINT('',(37.889788230055,24.092572706676,
    -56.28443631369));
#1344 = CARTESIAN_POINT('',(37.810673956278,24.042043001068,
    -56.35917090676));
#1345 = CARTESIAN_POINT('',(37.73332605241,23.988445462625,
    -56.43372236044));
#1346 = CARTESIAN_POINT('',(37.657835511334,23.93178631382,
    -56.50802623018));
#1347 = PCURVE('',#451,#1348);
#1348 = DEFINITIONAL_REPRESENTATION('',(#1349),#1402);
#1349 = B_SPLINE_CURVE_WITH_KNOTS('',6,(#1350,#1351,#1352,#1353,#1354,
    #1355,#1356,#1357,#1358,#1359,#1360,#1361,#1362,#1363,#1364,#1365,
    #1366,#1367,#1368,#1369,#1370,#1371,#1372,#1373,#1374,#1375,#1376,
    #1377,#1378,#1379,#1380,#1381,#1382,#1383,#1384,#1385,#1386,#1387,
    #1388,#1389,#1390,#1391,#1392,#1393,#1394,#1395,#1396,#1397,#1398,
    #1399,#1400,#1401),.UNSPECIFIED.,.F.,.F.,(7,5,5,5,5,5,5,5,5,5,7),(0.
    ,7.911453127749E-02,0.116757978707,0.19334846497,0.277130089977,
    0.318689417905,0.399956759218,0.512882871676,0.698591259085,
    0.898429094294,1.),.UNSPECIFIED.);
#1350 = CARTESIAN_POINT('',(0.469341848398,-0.848376293435));
#1351 = CARTESIAN_POINT('',(0.471108366853,-0.847586711548));
#1352 = CARTESIAN_POINT('',(0.472931536071,-0.846839982955));
#1353 = CARTESIAN_POINT('',(0.474811022917,-0.846140213329));
#1354 = CARTESIAN_POINT('',(0.47674546296,-0.84549216402));
#1355 = CARTESIAN_POINT('',(0.478732119837,-0.84490087316));
#1356 = CARTESIAN_POINT('',(0.481734543316,-0.844119289743));
#1357 = CARTESIAN_POINT('',(0.482713346494,-0.843881268132));
#1358 = CARTESIAN_POINT('',(0.483702464468,-0.843657753676));
#1359 = CARTESIAN_POINT('',(0.484701311365,-0.843449263208));
#1360 = CARTESIAN_POINT('',(0.485709205136,-0.843256288633));
#1361 = CARTESIAN_POINT('',(0.488792882057,-0.84271918432));
#1362 = CARTESIAN_POINT('',(0.49089494786,-0.842425169727));
#1363 = CARTESIAN_POINT('',(0.493024376401,-0.842201234213));
#1364 = CARTESIAN_POINT('',(0.495173074639,-0.842050407835));
#1365 = CARTESIAN_POINT('',(0.497331916461,-0.841974393263));
#1366 = CARTESIAN_POINT('',(0.50185199349,-0.841971872491));
#1367 = CARTESIAN_POINT('',(0.504213915102,-0.842060075496));
#1368 = CARTESIAN_POINT('',(0.506562780765,-0.842237843933));
#1369 = CARTESIAN_POINT('',(0.508886757792,-0.842502765774));
#1370 = CARTESIAN_POINT('',(0.511175565431,-0.842850586563));
#1371 = CARTESIAN_POINT('',(0.514533728029,-0.843486761038));
#1372 = CARTESIAN_POINT('',(0.515636465136,-0.843716768922));
#1373 = CARTESIAN_POINT('',(0.516727486707,-0.843965203495));
#1374 = CARTESIAN_POINT('',(0.51780596577,-0.844231370797));
#1375 = CARTESIAN_POINT('',(0.518871216976,-0.844514551406));
#1376 = CARTESIAN_POINT('',(0.521978765133,-0.845399629549));
#1377 = CARTESIAN_POINT('',(0.523982028852,-0.846047509937));
#1378 = CARTESIAN_POINT('',(0.525928525532,-0.846752302614));
#1379 = CARTESIAN_POINT('',(0.527815961551,-0.847508675149));
#1380 = CARTESIAN_POINT('',(0.529643336061,-0.84831165921));
#1381 = CARTESIAN_POINT('',(0.533866283175,-0.850331616954));
#1382 = CARTESIAN_POINT('',(0.5362054485,-0.851587787016));
#1383 = CARTESIAN_POINT('',(0.538428526067,-0.852914187878));
#1384 = CARTESIAN_POINT('',(0.54053731047,-0.854301061281));
#1385 = CARTESIAN_POINT('',(0.542534582791,-0.855740419164));
#1386 = CARTESIAN_POINT('',(0.547530509113,-0.85966975819));
#1387 = CARTESIAN_POINT('',(0.550343174213,-0.862237601101));
#1388 = CARTESIAN_POINT('',(0.552877992185,-0.864903398169));
#1389 = CARTESIAN_POINT('',(0.555145102621,-0.867647215566));
#1390 = CARTESIAN_POINT('',(0.557153788989,-0.870453959694));
#1391 = CARTESIAN_POINT('',(0.56080004271,-0.8763919401));
#1392 = CARTESIAN_POINT('',(0.562396795464,-0.879530036374));
#1393 = CARTESIAN_POINT('',(0.563707695302,-0.882715149732));
#1394 = CARTESIAN_POINT('',(0.56473374652,-0.885935769628));
#1395 = CARTESIAN_POINT('',(0.565472997909,-0.889181656379));
#1396 = CARTESIAN_POINT('',(0.566145292745,-0.894102040983));
#1397 = CARTESIAN_POINT('',(0.566296006036,-0.895764242027));
#1398 = CARTESIAN_POINT('',(0.566370003895,-0.897429265562));
#1399 = CARTESIAN_POINT('',(0.566366127611,-0.899095787074));
#1400 = CARTESIAN_POINT('',(0.566282927494,-0.900762423027));
#1401 = CARTESIAN_POINT('',(0.566118656674,-0.902427724742));
#1402 = ( GEOMETRIC_REPRESENTATION_CONTEXT(2) 
PARAMETRIC_REPRESENTATION_CONTEXT() REPRESENTATION_CONTEXT('2D SPACE',''
  ) );
#1403 = PCURVE('',#1251,#1404);
#1404 = DEFINITIONAL_REPRESENTATION('',(#1405),#1458);
#1405 = B_SPLINE_CURVE_WITH_KNOTS('',6,(#1406,#1407,#1408,#1409,#1410,
    #1411,#1412,#1413,#1414,#1415,#1416,#1417,#1418,#1419,#1420,#1421,
    #1422,#1423,#1424,#1425,#1426,#1427,#1428,#1429,#1430,#1431,#1432,
    #1433,#1434,#1435,#1436,#1437,#1438,#1439,#1440,#1441,#1442,#1443,
    #1444,#1445,#1446,#1447,#1448,#1449,#1450,#1451,#1452,#1453,#1454,
    #1455,#1456,#1457),.UNSPECIFIED.,.F.,.F.,(7,5,5,5,5,5,5,5,5,5,7),(0.
    ,7.911453127749E-02,0.116757978707,0.19334846497,0.277130089977,
    0.318689417905,0.399956759218,0.512882871676,0.698591259085,
    0.898429094294,1.),.UNSPECIFIED.);
#1406 = CARTESIAN_POINT('',(0.,2.49306249673));
#1407 = CARTESIAN_POINT('',(3.143141842033E-02,2.530651769212));
#1408 = CARTESIAN_POINT('',(6.333720500449E-02,2.566241339382));
#1409 = CARTESIAN_POINT('',(9.573006185023E-02,2.599627554088));
#1410 = CARTESIAN_POINT('',(0.128610477409,2.630574701305));
#1411 = CARTESIAN_POINT('',(0.161963836811,2.658833607029));
#1412 = CARTESIAN_POINT('',(0.211836894276,2.696210881621));
#1413 = CARTESIAN_POINT('',(0.228015774908,2.707597776787));
#1414 = CARTESIAN_POINT('',(0.244290465605,2.718294141036));
#1415 = CARTESIAN_POINT('',(0.260656190222,2.728274435232));
#1416 = CARTESIAN_POINT('',(0.277107104941,2.737514357741));
#1417 = CARTESIAN_POINT('',(0.327267090391,2.763237358282));
#1418 = CARTESIAN_POINT('',(0.361227205402,2.777326685365));
#1419 = CARTESIAN_POINT('',(0.395447730308,2.788062340178));
#1420 = CARTESIAN_POINT('',(0.429854483945,2.795294706271));
#1421 = CARTESIAN_POINT('',(0.46436174318,2.7989396986));
#1422 = CARTESIAN_POINT('',(0.536609822942,2.79906057323));
#1423 = CARTESIAN_POINT('',(0.57436131642,2.794831137751));
#1424 = CARTESIAN_POINT('',(0.6119829337,2.786306781506));
#1425 = CARTESIAN_POINT('',(0.649364149623,2.773606634343));
#1426 = CARTESIAN_POINT('',(0.686411710894,2.756940786808));
#1427 = CARTESIAN_POINT('',(0.741209099816,2.726479840115));
#1428 = CARTESIAN_POINT('',(0.759277146382,2.7154696035));
#1429 = CARTESIAN_POINT('',(0.777235403808,2.703580916335));
#1430 = CARTESIAN_POINT('',(0.795077049071,2.690848068343));
#1431 = CARTESIAN_POINT('',(0.812796832666,2.677306618047));
#1432 = CARTESIAN_POINT('',(0.864795053446,2.635001062615));
#1433 = CARTESIAN_POINT('',(0.898716640433,2.604055387928));
#1434 = CARTESIAN_POINT('',(0.932130482593,2.570420446519));
#1435 = CARTESIAN_POINT('',(0.965028049359,2.534360080084));
#1436 = CARTESIAN_POINT('',(0.997414488347,2.496120314879));
#1437 = CARTESIAN_POINT('',(1.073620636938,2.400042297003));
#1438 = CARTESIAN_POINT('',(1.116971532182,2.340382811642));
#1439 = CARTESIAN_POINT('',(1.159412184329,2.27749593628));
#1440 = CARTESIAN_POINT('',(1.201000179285,2.211865881922));
#1441 = CARTESIAN_POINT('',(1.241801665897,2.143889574689));
#1442 = CARTESIAN_POINT('',(1.347831886651,1.95871293188));
#1443 = CARTESIAN_POINT('',(1.411818869308,1.838089070548));
#1444 = CARTESIAN_POINT('',(1.474225993564,1.71331462631));
#1445 = CARTESIAN_POINT('',(1.535303785449,1.585383537101));
#1446 = CARTESIAN_POINT('',(1.595296505748,1.455044271626));
#1447 = CARTESIAN_POINT('',(1.718139186649,1.180443116478));
#1448 = CARTESIAN_POINT('',(1.78082706429,1.035949565));
#1449 = CARTESIAN_POINT('',(1.842833304079,0.889957530166));
#1450 = CARTESIAN_POINT('',(1.904387101874,0.743031792513));
#1451 = CARTESIAN_POINT('',(1.965708346462,0.595664116104));
#1452 = CARTESIAN_POINT('',(2.058209322373,0.373357229751));
#1453 = CARTESIAN_POINT('',(2.089380458874,0.298442617153));
#1454 = CARTESIAN_POINT('',(2.120580838005,0.223587516492));
#1455 = CARTESIAN_POINT('',(2.151839151308,0.148852923418));
#1456 = CARTESIAN_POINT('',(2.183184354598,7.430146974263E-02));
#1457 = CARTESIAN_POINT('',(2.214646997235,-2.4E-06));
#1458 = ( GEOMETRIC_REPRESENTATION_CONTEXT(2) 
PARAMETRIC_REPRESENTATION_CONTEXT() REPRESENTATION_CONTEXT('2D SPACE',''
  ) );
#1459 = ORIENTED_EDGE('',*,*,#1460,.F.);
#1460 = EDGE_CURVE('',#1180,#1291,#1461,.T.);
#1461 = SURFACE_CURVE('',#1462,(#1467,#1474),.PCURVE_S1.);
#1462 = CIRCLE('',#1463,44.618866444673);
#1463 = AXIS2_PLACEMENT_3D('',#1464,#1465,#1466);
#1464 = CARTESIAN_POINT('',(0.,0.,-56.50802383018));
#1465 = DIRECTION('',(0.,0.,1.));
#1466 = DIRECTION('',(1.,0.,-0.));
#1467 = PCURVE('',#451,#1468);
#1468 = DEFINITIONAL_REPRESENTATION('',(#1469),#1473);
#1469 = LINE('',#1470,#1471);
#1470 = CARTESIAN_POINT('',(0.,-0.902427670953));
#1471 = VECTOR('',#1472,1.);
#1472 = DIRECTION('',(1.,0.));
#1473 = ( GEOMETRIC_REPRESENTATION_CONTEXT(2) 
PARAMETRIC_REPRESENTATION_CONTEXT() REPRESENTATION_CONTEXT('2D SPACE',''
  ) );
#1474 = PCURVE('',#1475,#1480);
#1475 = PLANE('',#1476);
#1476 = AXIS2_PLACEMENT_3D('',#1477,#1478,#1479);
#1477 = CARTESIAN_POINT('',(39.458674349295,21.532415671404,
    -56.50802383018));
#1478 = DIRECTION('',(0.,0.,1.));
#1479 = DIRECTION('',(1.,0.,-0.));
#1480 = DEFINITIONAL_REPRESENTATION('',(#1481),#1485);
#1481 = CIRCLE('',#1482,44.618866444673);
#1482 = AXIS2_PLACEMENT_2D('',#1483,#1484);
#1483 = CARTESIAN_POINT('',(-39.45867434929,-21.5324156714));
#1484 = DIRECTION('',(1.,0.));
#1485 = ( GEOMETRIC_REPRESENTATION_CONTEXT(2) 
PARAMETRIC_REPRESENTATION_CONTEXT() REPRESENTATION_CONTEXT('2D SPACE',''
  ) );
#1486 = FACE_BOUND('',#1487,.F.);
#1487 = EDGE_LOOP('',(#1488,#1519));
#1488 = ORIENTED_EDGE('',*,*,#1489,.F.);
#1489 = EDGE_CURVE('',#1490,#1492,#1494,.T.);
#1490 = VERTEX_POINT('',#1491);
#1491 = CARTESIAN_POINT('',(-37.65783794966,23.931788143898,
    -56.50802383018));
#1492 = VERTEX_POINT('',#1493);
#1493 = CARTESIAN_POINT('',(-40.50205006212,18.719700413531,
    -56.50802383018));
#1494 = SURFACE_CURVE('',#1495,(#1500,#1507),.PCURVE_S1.);
#1495 = CIRCLE('',#1496,44.618866444673);
#1496 = AXIS2_PLACEMENT_3D('',#1497,#1498,#1499);
#1497 = CARTESIAN_POINT('',(0.,0.,-56.50802383018));
#1498 = DIRECTION('',(0.,0.,1.));
#1499 = DIRECTION('',(1.,0.,-0.));
#1500 = PCURVE('',#451,#1501);
#1501 = DEFINITIONAL_REPRESENTATION('',(#1502),#1506);
#1502 = LINE('',#1503,#1504);
#1503 = CARTESIAN_POINT('',(0.,-0.902427670953));
#1504 = VECTOR('',#1505,1.);
#1505 = DIRECTION('',(1.,0.));
#1506 = ( GEOMETRIC_REPRESENTATION_CONTEXT(2) 
PARAMETRIC_REPRESENTATION_CONTEXT() REPRESENTATION_CONTEXT('2D SPACE',''
  ) );
#1507 = PCURVE('',#1508,#1513);
#1508 = PLANE('',#1509);
#1509 = AXIS2_PLACEMENT_3D('',#1510,#1511,#1512);
#1510 = CARTESIAN_POINT('',(-39.45867434929,21.532415671404,
    -56.50802383018));
#1511 = DIRECTION('',(0.,0.,1.));
#1512 = DIRECTION('',(1.,0.,-0.));
#1513 = DEFINITIONAL_REPRESENTATION('',(#1514),#1518);
#1514 = CIRCLE('',#1515,44.618866444673);
#1515 = AXIS2_PLACEMENT_2D('',#1516,#1517);
#1516 = CARTESIAN_POINT('',(39.458674349295,-21.5324156714));
#1517 = DIRECTION('',(1.,0.));
#1518 = ( GEOMETRIC_REPRESENTATION_CONTEXT(2) 
PARAMETRIC_REPRESENTATION_CONTEXT() REPRESENTATION_CONTEXT('2D SPACE',''
  ) );
#1519 = ORIENTED_EDGE('',*,*,#1520,.T.);
#1520 = EDGE_CURVE('',#1490,#1492,#1521,.T.);
#1521 = SURFACE_CURVE('',#1522,(#1600,#1681),.PCURVE_S1.);
#1522 = B_SPLINE_CURVE_WITH_KNOTS('',6,(#1523,#1524,#1525,#1526,#1527,
    #1528,#1529,#1530,#1531,#1532,#1533,#1534,#1535,#1536,#1537,#1538,
    #1539,#1540,#1541,#1542,#1543,#1544,#1545,#1546,#1547,#1548,#1549,
    #1550,#1551,#1552,#1553,#1554,#1555,#1556,#1557,#1558,#1559,#1560,
    #1561,#1562,#1563,#1564,#1565,#1566,#1567,#1568,#1569,#1570,#1571,
    #1572,#1573,#1574,#1575,#1576,#1577,#1578,#1579,#1580,#1581,#1582,
    #1583,#1584,#1585,#1586,#1587,#1588,#1589,#1590,#1591,#1592,#1593,
    #1594,#1595,#1596,#1597,#1598,#1599),.UNSPECIFIED.,.F.,.F.,(7,5,5,5,
    5,5,5,5,5,5,5,5,5,5,5,7),(0.,6.324799824158E-02,0.186778364166,
    0.302390215122,0.371776356777,0.422906560493,0.448734145885,
    0.499872435998,0.535235301854,0.551640172934,0.5774789006,
    0.627928457198,0.698064058356,0.812850506586,0.937269641201,1.),
  .UNSPECIFIED.);
#1523 = CARTESIAN_POINT('',(-37.65783551133,23.93178631382,
    -56.50802623018));
#1524 = CARTESIAN_POINT('',(-37.73364940913,23.988688156829,
    -56.43340408671));
#1525 = CARTESIAN_POINT('',(-37.81133660618,24.042502099131,
    -56.35853224251));
#1526 = CARTESIAN_POINT('',(-37.89080494838,24.093221845906,
    -56.28347596169));
#1527 = CARTESIAN_POINT('',(-37.97197079234,24.140832113245,
    -56.20829867336));
#1528 = CARTESIAN_POINT('',(-38.0547587128,24.185308623518,
    -56.13306215233));
#1529 = CARTESIAN_POINT('',(-38.30383147567,24.307300098256,
    -55.91088350369));
#1530 = CARTESIAN_POINT('',(-38.47446492888,24.375887382847,
    -55.76396859515));
#1531 = CARTESIAN_POINT('',(-38.65053506361,24.432158336652,
    -55.61749579547));
#1532 = CARTESIAN_POINT('',(-38.83160055673,24.475676173153,
    -55.4719525634));
#1533 = CARTESIAN_POINT('',(-39.01721226768,24.505860118518,
    -55.32789861623));
#1534 = CARTESIAN_POINT('',(-39.3845505789,24.536790243427,
    -55.05317883712));
#1535 = CARTESIAN_POINT('',(-39.56567822325,24.53929142836,
    -54.9223108415));
#1536 = CARTESIAN_POINT('',(-39.7500737027,24.528655456705,
    -54.79386963704));
#1537 = CARTESIAN_POINT('',(-39.93725445936,24.503900637604,
    -54.66861316278));
#1538 = CARTESIAN_POINT('',(-40.12650368163,24.463880153454,
    -54.54754896354));
#1539 = CARTESIAN_POINT('',(-40.4311619687,24.372924153951,
    -54.36267780833));
#1540 = CARTESIAN_POINT('',(-40.54580135755,24.332762167534,
    -54.29535527021));
#1541 = CARTESIAN_POINT('',(-40.66060408333,24.286225230028,
    -54.23034160498));
#1542 = CARTESIAN_POINT('',(-40.77524932777,24.232959755694,
    -54.1680234993));
#1543 = CARTESIAN_POINT('',(-40.88930428984,24.172612532308,
    -54.10887185211));
#1544 = CARTESIAN_POINT('',(-41.08543279552,24.054929020919,
    -54.01257897402));
#1545 = CARTESIAN_POINT('',(-41.16801457119,24.000984258431,
    -53.97374687192));
#1546 = CARTESIAN_POINT('',(-41.24974238755,23.942900840806,
    -53.93715657649));
#1547 = CARTESIAN_POINT('',(-41.33032768001,23.880581395495,
    -53.90306529733));
#1548 = CARTESIAN_POINT('',(-41.40942783722,23.813981684093,
    -53.87174903459));
#1549 = CARTESIAN_POINT('',(-41.5256640805,23.707353781222,
    -53.82920773643));
#1550 = CARTESIAN_POINT('',(-41.56419480136,23.67048695284,
    -53.81570965229));
#1551 = CARTESIAN_POINT('',(-41.60219547452,23.632544507697,
    -53.8030265418));
#1552 = CARTESIAN_POINT('',(-41.63961200773,23.593538459017,
    -53.79119416464));
#1553 = CARTESIAN_POINT('',(-41.67638808585,23.553488124787,
    -53.78024694956));
#1554 = CARTESIAN_POINT('',(-41.78389977382,23.43111023345,
    -53.75035722333));
#1555 = CARTESIAN_POINT('',(-41.85261133138,23.345797544692,
    -53.734088871));
#1556 = CARTESIAN_POINT('',(-41.9181253706,23.25672914817,
    -53.72166818767));
#1557 = CARTESIAN_POINT('',(-41.97999138781,23.164245584588,
    -53.71329420363));
#1558 = CARTESIAN_POINT('',(-42.03781027691,23.068801874421,
    -53.70908034868));
#1559 = CARTESIAN_POINT('',(-42.12822284671,22.90334681985,
    -53.70898887172));
#1560 = CARTESIAN_POINT('',(-42.16310172625,22.834562304945,
    -53.71094054139));
#1561 = CARTESIAN_POINT('',(-42.19579402865,22.764822150579,
    -53.71488177477));
#1562 = CARTESIAN_POINT('',(-42.22622856671,22.694317488725,
    -53.72078767306));
#1563 = CARTESIAN_POINT('',(-42.25436293291,22.623240238393,
    -53.7286113795));
#1564 = CARTESIAN_POINT('',(-42.292156441,22.518631462543,
    -53.74277628783));
#1565 = CARTESIAN_POINT('',(-42.30363452482,22.485398640929,
    -53.74766384245));
#1566 = CARTESIAN_POINT('',(-42.31461275477,22.452101276425,
    -53.75294368773));
#1567 = CARTESIAN_POINT('',(-42.32509089411,22.418757081328,
    -53.75860873389));
#1568 = CARTESIAN_POINT('',(-42.33506988145,22.385383066335,
    -53.76465129479));
#1569 = CARTESIAN_POINT('',(-42.35948651115,22.299408038797,
    -53.78116207474));
#1570 = CARTESIAN_POINT('',(-42.37318809625,22.246786798278,
    -53.79217717515));
#1571 = CARTESIAN_POINT('',(-42.38566452468,22.194195389914,
    -53.80407633198));
#1572 = CARTESIAN_POINT('',(-42.39693027279,22.141691457799,
    -53.81682499663));
#1573 = CARTESIAN_POINT('',(-42.4070047223,22.0893268027,-53.83038732462
    ));
#1574 = CARTESIAN_POINT('',(-42.43329892054,21.935268439,-53.8727260016)
  );
#1575 = CARTESIAN_POINT('',(-42.44623121741,21.834100522111,
    -53.90368833253));
#1576 = CARTESIAN_POINT('',(-42.45488028854,21.733975196487,
    -53.9373481314));
#1577 = CARTESIAN_POINT('',(-42.45945995057,21.635145667922,
    -53.97344050646));
#1578 = CARTESIAN_POINT('',(-42.46019859791,21.537794774845,
    -54.01171843353));
#1579 = CARTESIAN_POINT('',(-42.45330100897,21.308927444709,
    -54.10792651384));
#1580 = CARTESIAN_POINT('',(-42.44228552475,21.178926429513,
    -54.16768634714));
#1581 = CARTESIAN_POINT('',(-42.42485508585,21.052332854507,
    -54.23068441807));
#1582 = CARTESIAN_POINT('',(-42.40155862525,20.929325451385,
    -54.2964340862));
#1583 = CARTESIAN_POINT('',(-42.37288215178,20.809984554908,
    -54.36453656994));
#1584 = CARTESIAN_POINT('',(-42.28414206987,20.504987529338,
    -54.54950847897));
#1585 = CARTESIAN_POINT('',(-42.21575016245,20.3255872945,
    -54.66975817145));
#1586 = CARTESIAN_POINT('',(-42.13581541033,20.156045066685,
    -54.79413338997));
#1587 = CARTESIAN_POINT('',(-42.04566073565,19.996342195898,
    -54.92164902476));
#1588 = CARTESIAN_POINT('',(-41.94634994444,19.846356540222,
    -55.05156277958));
#1589 = CARTESIAN_POINT('',(-41.72179718749,19.553759964132,
    -55.32629875956));
#1590 = CARTESIAN_POINT('',(-41.59513908942,19.412901623632,
    -55.47138363424));
#1591 = CARTESIAN_POINT('',(-41.45959788022,19.28324006226,
    -55.61798187767));
#1592 = CARTESIAN_POINT('',(-41.31592082238,19.164840615427,
    -55.7655214526));
#1593 = CARTESIAN_POINT('',(-41.16472682486,19.057841302804,
    -55.91350453148));
#1594 = CARTESIAN_POINT('',(-40.92666770305,18.914463738126,
    -56.13613076656));
#1595 = CARTESIAN_POINT('',(-40.84508252997,18.869378396294,
    -56.2107516087));
#1596 = CARTESIAN_POINT('',(-40.76176969553,18.827304305963,
    -56.28531269344));
#1597 = CARTESIAN_POINT('',(-40.67678888035,18.788290720379,
    -56.35975373015));
#1598 = CARTESIAN_POINT('',(-40.59019676898,18.752398300816,
    -56.43401280944));
#1599 = CARTESIAN_POINT('',(-40.50204720374,18.719699353216,
    -56.50802623018));
#1600 = PCURVE('',#451,#1601);
#1601 = DEFINITIONAL_REPRESENTATION('',(#1602),#1680);
#1602 = B_SPLINE_CURVE_WITH_KNOTS('',6,(#1603,#1604,#1605,#1606,#1607,
    #1608,#1609,#1610,#1611,#1612,#1613,#1614,#1615,#1616,#1617,#1618,
    #1619,#1620,#1621,#1622,#1623,#1624,#1625,#1626,#1627,#1628,#1629,
    #1630,#1631,#1632,#1633,#1634,#1635,#1636,#1637,#1638,#1639,#1640,
    #1641,#1642,#1643,#1644,#1645,#1646,#1647,#1648,#1649,#1650,#1651,
    #1652,#1653,#1654,#1655,#1656,#1657,#1658,#1659,#1660,#1661,#1662,
    #1663,#1664,#1665,#1666,#1667,#1668,#1669,#1670,#1671,#1672,#1673,
    #1674,#1675,#1676,#1677,#1678,#1679),.UNSPECIFIED.,.F.,.F.,(7,5,5,5,
    5,5,5,5,5,5,5,5,5,5,5,7),(0.,6.324799824158E-02,0.186778364166,
    0.302390215122,0.371776356777,0.422906560493,0.448734145885,
    0.499872435998,0.535235301854,0.551640172934,0.5774789006,
    0.627928457198,0.698064058356,0.812850506586,0.937269641201,1.),
  .UNSPECIFIED.);
#1603 = CARTESIAN_POINT('',(2.575473996916,-0.902427724742));
#1604 = CARTESIAN_POINT('',(2.575309022457,-0.900755289862));
#1605 = CARTESIAN_POINT('',(2.575225814707,-0.899081509485));
#1606 = CARTESIAN_POINT('',(2.575222604257,-0.897407850713));
#1607 = CARTESIAN_POINT('',(2.575297923977,-0.895735714588));
#1608 = CARTESIAN_POINT('',(2.575450602714,-0.894066442344));
#1609 = CARTESIAN_POINT('',(2.576127326655,-0.88914915605));
#1610 = CARTESIAN_POINT('',(2.576866562444,-0.885913363004));
#1611 = CARTESIAN_POINT('',(2.577890845479,-0.882702742462));
#1612 = CARTESIAN_POINT('',(2.579198252333,-0.879527443484));
#1613 = CARTESIAN_POINT('',(2.580789787415,-0.876398873347));
#1614 = CARTESIAN_POINT('',(2.584434917403,-0.870458214055));
#1615 = CARTESIAN_POINT('',(2.586451521036,-0.867640079645));
#1616 = CARTESIAN_POINT('',(2.588728631834,-0.864885362562));
#1617 = CARTESIAN_POINT('',(2.591275660568,-0.862209348297));
#1618 = CARTESIAN_POINT('',(2.594102865594,-0.859632243543));
#1619 = CARTESIAN_POINT('',(2.599101556414,-0.855709592602));
#1620 = CARTESIAN_POINT('',(2.601082611061,-0.854284122193));
#1621 = CARTESIAN_POINT('',(2.603173198569,-0.852910289408));
#1622 = CARTESIAN_POINT('',(2.605376020083,-0.851595876194));
#1623 = CARTESIAN_POINT('',(2.607692824324,-0.85035037238));
#1624 = CARTESIAN_POINT('',(2.611915626679,-0.848325833473));
#1625 = CARTESIAN_POINT('',(2.61376910305,-0.847510401909));
#1626 = CARTESIAN_POINT('',(2.615684437233,-0.846742919125));
#1627 = CARTESIAN_POINT('',(2.617660588349,-0.846028579315));
#1628 = CARTESIAN_POINT('',(2.619695143687,-0.845372960709));
#1629 = CARTESIAN_POINT('',(2.622839051,-0.844482983013));
#1630 = CARTESIAN_POINT('',(2.623907980644,-0.844200719318));
#1631 = CARTESIAN_POINT('',(2.624990149814,-0.843935600831));
#1632 = CARTESIAN_POINT('',(2.626084860464,-0.84368835106));
#1633 = CARTESIAN_POINT('',(2.627191271323,-0.843459666789));
#1634 = CARTESIAN_POINT('',(2.630520242151,-0.842835440176));
#1635 = CARTESIAN_POINT('',(2.63277451398,-0.842495918905));
#1636 = CARTESIAN_POINT('',(2.635062617946,-0.842236826142));
#1637 = CARTESIAN_POINT('',(2.637374717852,-0.842062192407));
#1638 = CARTESIAN_POINT('',(2.639699521694,-0.841974314373));
#1639 = CARTESIAN_POINT('',(2.64363155258,-0.841972406672));
#1640 = CARTESIAN_POINT('',(2.645239153196,-0.8420131077));
#1641 = CARTESIAN_POINT('',(2.6468427438,-0.842095299533));
#1642 = CARTESIAN_POINT('',(2.648438456986,-0.842218477859));
#1643 = CARTESIAN_POINT('',(2.650022677214,-0.84238169354));
#1644 = CARTESIAN_POINT('',(2.652320036737,-0.842677296819));
#1645 = CARTESIAN_POINT('',(2.653044871183,-0.842779305541));
#1646 = CARTESIAN_POINT('',(2.653766198299,-0.842889516645));
#1647 = CARTESIAN_POINT('',(2.654483717781,-0.84300778656));
#1648 = CARTESIAN_POINT('',(2.655197151978,-0.843133959659));
#1649 = CARTESIAN_POINT('',(2.657023114433,-0.843478782918));
#1650 = CARTESIAN_POINT('',(2.658129219137,-0.843708890312));
#1651 = CARTESIAN_POINT('',(2.659223563043,-0.843957541423));
#1652 = CARTESIAN_POINT('',(2.66030531,-0.844224037048));
#1653 = CARTESIAN_POINT('',(2.661373767117,-0.844507651976));
#1654 = CARTESIAN_POINT('',(2.664487451074,-0.845393416706));
#1655 = CARTESIAN_POINT('',(2.66649361304,-0.846041641149));
#1656 = CARTESIAN_POINT('',(2.668442883641,-0.846746949913));
#1657 = CARTESIAN_POINT('',(2.670332954831,-0.847503989328));
#1658 = CARTESIAN_POINT('',(2.672162818985,-0.848307770893));
#1659 = CARTESIAN_POINT('',(2.676392512453,-0.850330456246));
#1660 = CARTESIAN_POINT('',(2.678735685484,-0.851588737589));
#1661 = CARTESIAN_POINT('',(2.680962376285,-0.852917485952));
#1662 = CARTESIAN_POINT('',(2.683074389401,-0.854306894102));
#1663 = CARTESIAN_POINT('',(2.685074521508,-0.855748936634));
#1664 = CARTESIAN_POINT('',(2.690062184534,-0.859673982689));
#1665 = CARTESIAN_POINT('',(2.692865950338,-0.862233871485));
#1666 = CARTESIAN_POINT('',(2.695393573228,-0.864891120481));
#1667 = CARTESIAN_POINT('',(2.697655112956,-0.867625972849));
#1668 = CARTESIAN_POINT('',(2.699659773493,-0.870423460226));
#1669 = CARTESIAN_POINT('',(2.703314548045,-0.876364072605));
#1670 = CARTESIAN_POINT('',(2.704919833773,-0.87951491191));
#1671 = CARTESIAN_POINT('',(2.706236895859,-0.882713209337));
#1672 = CARTESIAN_POINT('',(2.70726675043,-0.885947306845));
#1673 = CARTESIAN_POINT('',(2.708007420795,-0.889206837823));
#1674 = CARTESIAN_POINT('',(2.708676276068,-0.894134528448));
#1675 = CARTESIAN_POINT('',(2.70882520534,-0.895790275858));
#1676 = CARTESIAN_POINT('',(2.708898004236,-0.897448808321));
#1677 = CARTESIAN_POINT('',(2.70889352535,-0.899108816453));
#1678 = CARTESIAN_POINT('',(2.708810334798,-0.900768932583));
#1679 = CARTESIAN_POINT('',(2.708646706102,-0.902427724742));
#1680 = ( GEOMETRIC_REPRESENTATION_CONTEXT(2) 
PARAMETRIC_REPRESENTATION_CONTEXT() REPRESENTATION_CONTEXT('2D SPACE',''
  ) );
#1681 = PCURVE('',#1682,#1687);
#1682 = CYLINDRICAL_SURFACE('',#1683,3.);
#1683 = AXIS2_PLACEMENT_3D('',#1684,#1685,#1686);
#1684 = CARTESIAN_POINT('',(-39.45867434929,21.532415671404,
    -56.50802383018));
#1685 = DIRECTION('',(0.,0.,1.));
#1686 = DIRECTION('',(1.,0.,-0.));
#1687 = DEFINITIONAL_REPRESENTATION('',(#1688),#1766);
#1688 = B_SPLINE_CURVE_WITH_KNOTS('',6,(#1689,#1690,#1691,#1692,#1693,
    #1694,#1695,#1696,#1697,#1698,#1699,#1700,#1701,#1702,#1703,#1704,
    #1705,#1706,#1707,#1708,#1709,#1710,#1711,#1712,#1713,#1714,#1715,
    #1716,#1717,#1718,#1719,#1720,#1721,#1722,#1723,#1724,#1725,#1726,
    #1727,#1728,#1729,#1730,#1731,#1732,#1733,#1734,#1735,#1736,#1737,
    #1738,#1739,#1740,#1741,#1742,#1743,#1744,#1745,#1746,#1747,#1748,
    #1749,#1750,#1751,#1752,#1753,#1754,#1755,#1756,#1757,#1758,#1759,
    #1760,#1761,#1762,#1763,#1764,#1765),.UNSPECIFIED.,.F.,.F.,(7,5,5,5,
    5,5,5,5,5,5,5,5,5,5,5,7),(0.,6.324799824158E-02,0.186778364166,
    0.302390215122,0.371776356777,0.422906560493,0.448734145885,
    0.499872435998,0.535235301854,0.551640172934,0.5774789006,
    0.627928457198,0.698064058356,0.812850506586,0.937269641201,1.),
  .UNSPECIFIED.);
#1689 = CARTESIAN_POINT('',(0.926945656355,-2.399999999625E-06));
#1690 = CARTESIAN_POINT('',(0.9585430663,7.461974346973E-02));
#1691 = CARTESIAN_POINT('',(0.990022025006,0.149491587667));
#1692 = CARTESIAN_POINT('',(1.021413481113,0.224547868492));
#1693 = CARTESIAN_POINT('',(1.052746758573,0.299725156813));
#1694 = CARTESIAN_POINT('',(1.084050914383,0.374961677844));
#1695 = CARTESIAN_POINT('',(1.176498593948,0.597140326484));
#1696 = CARTESIAN_POINT('',(1.237635064308,0.744055235032));
#1697 = CARTESIAN_POINT('',(1.299003873652,0.890528034709));
#1698 = CARTESIAN_POINT('',(1.360823010302,1.036071266774));
#1699 = CARTESIAN_POINT('',(1.423319723283,1.180125213943));
#1700 = CARTESIAN_POINT('',(1.546199116509,1.454844993053));
#1701 = CARTESIAN_POINT('',(1.60643228988,1.585712988674));
#1702 = CARTESIAN_POINT('',(1.667759522749,1.714154193133));
#1703 = CARTESIAN_POINT('',(1.730428036944,1.839410667394));
#1704 = CARTESIAN_POINT('',(1.794691184978,1.960474866638));
#1705 = CARTESIAN_POINT('',(1.900673188546,2.145346021847));
#1706 = CARTESIAN_POINT('',(1.941119090552,2.212668559968));
#1707 = CARTESIAN_POINT('',(1.982338010502,2.277682225196));
#1708 = CARTESIAN_POINT('',(2.024394328104,2.340000330874));
#1709 = CARTESIAN_POINT('',(2.06734415202,2.399151978069));
#1710 = CARTESIAN_POINT('',(2.143586309791,2.495444856157));
#1711 = CARTESIAN_POINT('',(2.176442299964,2.53427695826));
#1712 = CARTESIAN_POINT('',(2.209824633168,2.570867253691));
#1713 = CARTESIAN_POINT('',(2.243738725037,2.604958532848));
#1714 = CARTESIAN_POINT('',(2.278175480411,2.636274795592));
#1715 = CARTESIAN_POINT('',(2.330753859918,2.678816093743));
#1716 = CARTESIAN_POINT('',(2.348525634756,2.692314177889));
#1717 = CARTESIAN_POINT('',(2.36641946065,2.704997288376));
#1718 = CARTESIAN_POINT('',(2.38442996394,2.716829665542));
#1719 = CARTESIAN_POINT('',(2.4025501791,2.727776880622));
#1720 = CARTESIAN_POINT('',(2.456848850393,2.757666606845));
#1721 = CARTESIAN_POINT('',(2.49332967461,2.773934959175));
#1722 = CARTESIAN_POINT('',(2.530131622042,2.786355642505));
#1723 = CARTESIAN_POINT('',(2.567165345247,2.794729626544));
#1724 = CARTESIAN_POINT('',(2.604325283736,2.798943481498));
#1725 = CARTESIAN_POINT('',(2.667174139343,2.799034958463));
#1726 = CARTESIAN_POINT('',(2.692869346898,2.797083288791));
#1727 = CARTESIAN_POINT('',(2.718525150229,2.793142055404));
#1728 = CARTESIAN_POINT('',(2.744104721288,2.787236157115));
#1729 = CARTESIAN_POINT('',(2.769574072029,2.779412450682));
#1730 = CARTESIAN_POINT('',(2.806649588415,2.765247542351));
#1731 = CARTESIAN_POINT('',(2.818368134844,2.760359987725));
#1732 = CARTESIAN_POINT('',(2.830053228626,2.755080142451));
#1733 = CARTESIAN_POINT('',(2.841702124013,2.749415096291));
#1734 = CARTESIAN_POINT('',(2.853312330018,2.743372535385));
#1735 = CARTESIAN_POINT('',(2.883103971586,2.726861755434));
#1736 = CARTESIAN_POINT('',(2.901224857568,2.715846655027));
#1737 = CARTESIAN_POINT('',(2.919235510754,2.703947498201));
#1738 = CARTESIAN_POINT('',(2.937129025846,2.691198833551));
#1739 = CARTESIAN_POINT('',(2.954900089338,2.677636505558));
#1740 = CARTESIAN_POINT('',(3.006995476516,2.635297828576));
#1741 = CARTESIAN_POINT('',(3.040962607208,2.604335497644));
#1742 = CARTESIAN_POINT('',(3.074420809792,2.570675698779));
#1743 = CARTESIAN_POINT('',(3.107361457967,2.534583323714));
#1744 = CARTESIAN_POINT('',(3.139789685247,2.49630539665));
#1745 = CARTESIAN_POINT('',(3.216113433944,2.400097316336));
#1746 = CARTESIAN_POINT('',(3.259538023787,2.34033748304));
#1747 = CARTESIAN_POINT('',(3.302049292084,2.277339412108));
#1748 = CARTESIAN_POINT('',(3.343705116172,2.211589743982));
#1749 = CARTESIAN_POINT('',(3.38457198313,2.143487260236));
#1750 = CARTESIAN_POINT('',(3.490453461808,1.958515351204));
#1751 = CARTESIAN_POINT('',(3.554241577288,1.838265658726));
#1752 = CARTESIAN_POINT('',(3.61645928543,1.713890440207));
#1753 = CARTESIAN_POINT('',(3.677355051729,1.586374805421));
#1754 = CARTESIAN_POINT('',(3.737171020729,1.456461050598));
#1755 = CARTESIAN_POINT('',(3.860114863824,1.181725070622));
#1756 = CARTESIAN_POINT('',(3.923067036402,1.036640195936));
#1757 = CARTESIAN_POINT('',(3.985331026025,0.89004195251));
#1758 = CARTESIAN_POINT('',(4.047138752263,0.742502377578));
#1759 = CARTESIAN_POINT('',(4.108712753329,0.594519298695));
#1760 = CARTESIAN_POINT('',(4.20134660335,0.371893063621));
#1761 = CARTESIAN_POINT('',(4.232396351211,0.297272221473));
#1762 = CARTESIAN_POINT('',(4.263475447427,0.222711136734));
#1763 = CARTESIAN_POINT('',(4.294612252589,0.148270100024));
#1764 = CARTESIAN_POINT('',(4.325835389454,7.40110207403E-02));
#1765 = CARTESIAN_POINT('',(4.357175046663,-2.4E-06));
#1766 = ( GEOMETRIC_REPRESENTATION_CONTEXT(2) 
PARAMETRIC_REPRESENTATION_CONTEXT() REPRESENTATION_CONTEXT('2D SPACE',''
  ) );
#1767 = FACE_BOUND('',#1768,.F.);
#1768 = EDGE_LOOP('',(#1769,#1961,#2041));
#1769 = ORIENTED_EDGE('',*,*,#1770,.T.);
#1770 = EDGE_CURVE('',#1771,#1773,#1775,.T.);
#1771 = VERTEX_POINT('',#1772);
#1772 = CARTESIAN_POINT('',(37.657837949664,-23.93178814389,
    -56.50802383018));
#1773 = VERTEX_POINT('',#1774);
#1774 = CARTESIAN_POINT('',(42.458674349295,-21.5324156714,
    -54.01496133345));
#1775 = SURFACE_CURVE('',#1776,(#1834,#1895),.PCURVE_S1.);
#1776 = B_SPLINE_CURVE_WITH_KNOTS('',6,(#1777,#1778,#1779,#1780,#1781,
    #1782,#1783,#1784,#1785,#1786,#1787,#1788,#1789,#1790,#1791,#1792,
    #1793,#1794,#1795,#1796,#1797,#1798,#1799,#1800,#1801,#1802,#1803,
    #1804,#1805,#1806,#1807,#1808,#1809,#1810,#1811,#1812,#1813,#1814,
    #1815,#1816,#1817,#1818,#1819,#1820,#1821,#1822,#1823,#1824,#1825,
    #1826,#1827,#1828,#1829,#1830,#1831,#1832,#1833),.UNSPECIFIED.,.F.,
  .F.,(7,5,5,5,5,5,5,5,5,5,5,7),(0.,0.101219880342,0.301779519004,
    0.487563166495,0.599987267487,0.6818102749,0.723581421309,
    0.749664009023,0.806343703727,0.885712197804,0.925189872745,1.),
  .UNSPECIFIED.);
#1777 = CARTESIAN_POINT('',(37.657835511334,-23.93178631382,
    -56.50802623018));
#1778 = CARTESIAN_POINT('',(37.733066052338,-23.98825032052,
    -56.43397827344));
#1779 = CARTESIAN_POINT('',(37.810141189512,-24.041673773,
    -56.35968443028));
#1780 = CARTESIAN_POINT('',(37.888970858508,-24.0920505084,
    -56.28520848919));
#1781 = CARTESIAN_POINT('',(37.969473263944,-24.13936565571,
    -56.21061244487));
#1782 = CARTESIAN_POINT('',(38.051574596414,-24.18359563439,
    -56.13595667164));
#1783 = CARTESIAN_POINT('',(38.300923582036,-24.30616954012,
    -55.91337366536));
#1784 = CARTESIAN_POINT('',(38.472628588819,-24.37537758264,
    -55.76546901673));
#1785 = CARTESIAN_POINT('',(38.649847368482,-24.43210856449,
    -55.61800764192));
#1786 = CARTESIAN_POINT('',(38.832129670108,-24.47591739227,
    -55.47148659028));
#1787 = CARTESIAN_POINT('',(39.01901696678,-24.50621195124,
    -55.32647696533));
#1788 = CARTESIAN_POINT('',(39.38709411008,-24.53681607928,
    -55.05134443765));
#1789 = CARTESIAN_POINT('',(39.567604678025,-24.53916249519,
    -54.92097543742));
#1790 = CARTESIAN_POINT('',(39.751355409543,-24.52845831032,
    -54.79302210206));
#1791 = CARTESIAN_POINT('',(39.937868099581,-24.50373146226,
    -54.66823527147));
#1792 = CARTESIAN_POINT('',(40.126433334677,-24.46384640472,
    -54.54761233172));
#1793 = CARTESIAN_POINT('',(40.430930340459,-24.37302626264,
    -54.36280591562));
#1794 = CARTESIAN_POINT('',(40.54610278939,-24.33268466226,
    -54.29516755853));
#1795 = CARTESIAN_POINT('',(40.661440497457,-24.28590875997,
    -54.22985927084));
#1796 = CARTESIAN_POINT('',(40.776618007912,-24.23233988659,
    -54.16727331612));
#1797 = CARTESIAN_POINT('',(40.891195672274,-24.17161989075,
    -54.10788777455));
#1798 = CARTESIAN_POINT('',(41.087169029924,-24.05378107092,
    -54.01176793104));
#1799 = CARTESIAN_POINT('',(41.169096895267,-24.00018690591,
    -53.97327333786));
#1800 = CARTESIAN_POINT('',(41.25018054888,-23.94251691773,
    -53.93698896266));
#1801 = CARTESIAN_POINT('',(41.330137781951,-23.88067637114,
    -53.90316614758));
#1802 = CARTESIAN_POINT('',(41.408633957996,-23.81462211093,
    -53.87207444672));
#1803 = CARTESIAN_POINT('',(41.524423190037,-23.70853576338,
    -53.82964455814));
#1804 = CARTESIAN_POINT('',(41.563076005456,-23.67159376978,
    -53.81608714304));
#1805 = CARTESIAN_POINT('',(41.601196894402,-23.63356987818,
    -53.80334855098));
#1806 = CARTESIAN_POINT('',(41.63873134563,-23.59447609772,
    -53.79146485858));
#1807 = CARTESIAN_POINT('',(41.675622590048,-23.55433181459,
    -53.7804708081));
#1808 = CARTESIAN_POINT('',(41.734409954201,-23.48746013547,
    -53.7641093399));
#1809 = CARTESIAN_POINT('',(41.756734082874,-23.46135641436,
    -53.75817946287));
#1810 = CARTESIAN_POINT('',(41.778770573792,-23.43486088186,
    -53.75261687396));
#1811 = CARTESIAN_POINT('',(41.800505234457,-23.40798164895,
    -53.74742891722));
#1812 = CARTESIAN_POINT('',(41.821923919405,-23.38072811922,
    -53.74262237048));
#1813 = CARTESIAN_POINT('',(41.888839885802,-23.29309660171,
    -53.72860074308));
#1814 = CARTESIAN_POINT('',(41.933110984457,-23.23136216089,
    -53.72082791157));
#1815 = CARTESIAN_POINT('',(41.97567746445,-23.16802332248,
    -53.71494902917));
#1816 = CARTESIAN_POINT('',(42.016403426394,-23.10321696598,
    -53.71101011285));
#1817 = CARTESIAN_POINT('',(42.055168771589,-23.03710319457,
    -53.70903577446));
#1818 = CARTESIAN_POINT('',(42.143268774443,-22.87571705969,
    -53.70901201714));
#1819 = CARTESIAN_POINT('',(42.190632812299,-22.77934742258,
    -53.71285025646));
#1820 = CARTESIAN_POINT('',(42.233678064645,-22.68128069266,
    -53.72054184513));
#1821 = CARTESIAN_POINT('',(42.272249485402,-22.5820352726,
    -53.73199062676));
#1822 = CARTESIAN_POINT('',(42.306298903528,-22.48211596077,
    -53.74702568282));
#1823 = CARTESIAN_POINT('',(42.350564140987,-22.33220889923,
    -53.77457523905));
#1824 = CARTESIAN_POINT('',(42.364158983443,-22.28236143013,
    -53.78455937818));
#1825 = CARTESIAN_POINT('',(42.376650017717,-22.23251712999,
    -53.79534983037));
#1826 = CARTESIAN_POINT('',(42.388047898094,-22.18272666302,
    -53.80691778808));
#1827 = CARTESIAN_POINT('',(42.398367531552,-22.13303606699,
    -53.81923314041));
#1828 = CARTESIAN_POINT('',(42.425173131889,-21.98959098546,
    -53.8569615483));
#1829 = CARTESIAN_POINT('',(42.43891105678,-21.89620524774,
    -53.88423160125));
#1830 = CARTESIAN_POINT('',(42.448965136083,-21.80360466648,
    -53.91386889555));
#1831 = CARTESIAN_POINT('',(42.455494706406,-21.71200565075,
    -53.94566466354));
#1832 = CARTESIAN_POINT('',(42.458674349295,-21.62157111557,
    -53.97942058629));
#1833 = CARTESIAN_POINT('',(42.458674349295,-21.5324156714,
    -54.01496133345));
#1834 = PCURVE('',#451,#1835);
#1835 = DEFINITIONAL_REPRESENTATION('',(#1836),#1894);
#1836 = B_SPLINE_CURVE_WITH_KNOTS('',6,(#1837,#1838,#1839,#1840,#1841,
    #1842,#1843,#1844,#1845,#1846,#1847,#1848,#1849,#1850,#1851,#1852,
    #1853,#1854,#1855,#1856,#1857,#1858,#1859,#1860,#1861,#1862,#1863,
    #1864,#1865,#1866,#1867,#1868,#1869,#1870,#1871,#1872,#1873,#1874,
    #1875,#1876,#1877,#1878,#1879,#1880,#1881,#1882,#1883,#1884,#1885,
    #1886,#1887,#1888,#1889,#1890,#1891,#1892,#1893),.UNSPECIFIED.,.F.,
  .F.,(7,5,5,5,5,5,5,5,5,5,5,7),(0.,0.101219880342,0.301779519004,
    0.487563166495,0.599987267487,0.6818102749,0.723581421309,
    0.749664009023,0.806343703727,0.885712197804,0.925189872745,1.),
  .UNSPECIFIED.);
#1837 = CARTESIAN_POINT('',(5.717066650506,-0.902427724742));
#1838 = CARTESIAN_POINT('',(5.716902945458,-0.900768158561));
#1839 = CARTESIAN_POINT('',(5.71681975364,-0.899107267205));
#1840 = CARTESIAN_POINT('',(5.716815346154,-0.897446484607));
#1841 = CARTESIAN_POINT('',(5.716888287244,-0.895787180311));
#1842 = CARTESIAN_POINT('',(5.717037428165,-0.894130665499));
#1843 = CARTESIAN_POINT('',(5.717706677306,-0.889203959986));
#1844 = CARTESIAN_POINT('',(5.718447142825,-0.885946166612));
#1845 = CARTESIAN_POINT('',(5.719476488241,-0.882713784798));
#1846 = CARTESIAN_POINT('',(5.720792739896,-0.879517164874));
#1847 = CARTESIAN_POINT('',(5.722396912189,-0.876367945912));
#1848 = CARTESIAN_POINT('',(5.726056049157,-0.87041872056));
#1849 = CARTESIAN_POINT('',(5.728068267348,-0.867611454369));
#1850 = CARTESIAN_POINT('',(5.730339192353,-0.864867276967));
#1851 = CARTESIAN_POINT('',(5.732878143875,-0.862201329767));
#1852 = CARTESIAN_POINT('',(5.735695288244,-0.859633615788));
#1853 = CARTESIAN_POINT('',(5.740689853811,-0.855712294159));
#1854 = CARTESIAN_POINT('',(5.742679999053,-0.854280135396));
#1855 = CARTESIAN_POINT('',(5.744780700797,-0.852900088845));
#1856 = CARTESIAN_POINT('',(5.746994698595,-0.851580048763));
#1857 = CARTESIAN_POINT('',(5.749323758438,-0.850329649839));
#1858 = CARTESIAN_POINT('',(5.753547485423,-0.848308805709));
#1859 = CARTESIAN_POINT('',(5.755387607227,-0.847500474974));
#1860 = CARTESIAN_POINT('',(5.757288617849,-0.846739413832));
#1861 = CARTESIAN_POINT('',(5.759249491319,-0.846030698001));
#1862 = CARTESIAN_POINT('',(5.761267870231,-0.845379775417));
#1863 = CARTESIAN_POINT('',(5.76439737316,-0.844492117993));
#1864 = CARTESIAN_POINT('',(5.765468954819,-0.844208610805));
#1865 = CARTESIAN_POINT('',(5.766553864475,-0.843942330403));
#1866 = CARTESIAN_POINT('',(5.767651400308,-0.8436940067));
#1867 = CARTESIAN_POINT('',(5.768760715741,-0.843464342828));
#1868 = CARTESIAN_POINT('',(5.7705802017,-0.84312264323));
#1869 = CARTESIAN_POINT('',(5.771283802514,-0.842998824516));
#1870 = CARTESIAN_POINT('',(5.771991358668,-0.842882694611));
#1871 = CARTESIAN_POINT('',(5.772702603327,-0.842774402215));
#1872 = CARTESIAN_POINT('',(5.773417248283,-0.842674084583));
#1873 = CARTESIAN_POINT('',(5.775694684992,-0.842381471967));
#1874 = CARTESIAN_POINT('',(5.777269061298,-0.842219317467));
#1875 = CARTESIAN_POINT('',(5.778854789101,-0.842096702292));
#1876 = CARTESIAN_POINT('',(5.780448320386,-0.842014558569));
#1877 = CARTESIAN_POINT('',(5.782045860616,-0.841973384803));
#1878 = CARTESIAN_POINT('',(5.785880303513,-0.841972889357));
#1879 = CARTESIAN_POINT('',(5.788117604704,-0.842052934053));
#1880 = CARTESIAN_POINT('',(5.790343758159,-0.842213336468));
#1881 = CARTESIAN_POINT('',(5.792548640646,-0.842452149583));
#1882 = CARTESIAN_POINT('',(5.794723340798,-0.842765912021));
#1883 = CARTESIAN_POINT('',(5.797922772077,-0.843341201118));
#1884 = CARTESIAN_POINT('',(5.798976228739,-0.843549738842));
#1885 = CARTESIAN_POINT('',(5.800019488277,-0.843775180032));
#1886 = CARTESIAN_POINT('',(5.801051796727,-0.844016941616));
#1887 = CARTESIAN_POINT('',(5.802072517011,-0.844274414308));
#1888 = CARTESIAN_POINT('',(5.80499240852,-0.84506349621));
#1889 = CARTESIAN_POINT('',(5.806860117764,-0.845634204031));
#1890 = CARTESIAN_POINT('',(5.80868077157,-0.84625492542));
#1891 = CARTESIAN_POINT('',(5.810452187312,-0.846921440091));
#1892 = CARTESIAN_POINT('',(5.812173211352,-0.847629741869));
#1893 = CARTESIAN_POINT('',(5.813843458782,-0.848376293435));
#1894 = ( GEOMETRIC_REPRESENTATION_CONTEXT(2) 
PARAMETRIC_REPRESENTATION_CONTEXT() REPRESENTATION_CONTEXT('2D SPACE',''
  ) );
#1895 = PCURVE('',#1896,#1901);
#1896 = CYLINDRICAL_SURFACE('',#1897,3.);
#1897 = AXIS2_PLACEMENT_3D('',#1898,#1899,#1900);
#1898 = CARTESIAN_POINT('',(39.458674349295,-21.5324156714,
    -56.50802383018));
#1899 = DIRECTION('',(0.,0.,1.));
#1900 = DIRECTION('',(1.,0.,-0.));
#1901 = DEFINITIONAL_REPRESENTATION('',(#1902),#1960);
#1902 = B_SPLINE_CURVE_WITH_KNOTS('',6,(#1903,#1904,#1905,#1906,#1907,
    #1908,#1909,#1910,#1911,#1912,#1913,#1914,#1915,#1916,#1917,#1918,
    #1919,#1920,#1921,#1922,#1923,#1924,#1925,#1926,#1927,#1928,#1929,
    #1930,#1931,#1932,#1933,#1934,#1935,#1936,#1937,#1938,#1939,#1940,
    #1941,#1942,#1943,#1944,#1945,#1946,#1947,#1948,#1949,#1950,#1951,
    #1952,#1953,#1954,#1955,#1956,#1957,#1958,#1959),.UNSPECIFIED.,.F.,
  .F.,(7,5,5,5,5,5,5,5,5,5,5,7),(0.,0.101219880342,0.301779519004,
    0.487563166495,0.599987267487,0.6818102749,0.723581421309,
    0.749664009023,0.806343703727,0.885712197804,0.925189872745,1.),
  .UNSPECIFIED.);
#1903 = CARTESIAN_POINT('',(4.068538309945,-2.399999999625E-06));
#1904 = CARTESIAN_POINT('',(4.099892590802,7.404555673475E-02));
#1905 = CARTESIAN_POINT('',(4.13113024195,0.148339399896));
#1906 = CARTESIAN_POINT('',(4.162281495079,0.222815340989));
#1907 = CARTESIAN_POINT('',(4.193375012539,0.297411385304));
#1908 = CARTESIAN_POINT('',(4.224439194076,0.372067158541));
#1909 = CARTESIAN_POINT('',(4.317055054846,0.594650164821));
#1910 = CARTESIAN_POINT('',(4.378596816136,0.742554813453));
#1911 = CARTESIAN_POINT('',(4.440372137706,0.890016188257));
#1912 = CARTESIAN_POINT('',(4.502603218006,1.036537239894));
#1913 = CARTESIAN_POINT('',(4.565521627197,1.181546864852));
#1914 = CARTESIAN_POINT('',(4.688637379449,1.456679392526));
#1915 = CARTESIAN_POINT('',(4.74866569018,1.587048392754));
#1916 = CARTESIAN_POINT('',(4.809782124468,1.715001728116));
#1917 = CARTESIAN_POINT('',(4.872231439178,1.839788558703));
#1918 = CARTESIAN_POINT('',(4.936264585468,1.960411498463));
#1919 = CARTESIAN_POINT('',(5.04218212401,2.145217914555));
#1920 = CARTESIAN_POINT('',(5.082814910832,2.212856271652));
#1921 = CARTESIAN_POINT('',(5.124227994876,2.278164559333));
#1922 = CARTESIAN_POINT('',(5.16648663682,2.340750514053));
#1923 = CARTESIAN_POINT('',(5.209647637938,2.400136055625));
#1924 = CARTESIAN_POINT('',(5.285872119545,2.496255899139));
#1925 = CARTESIAN_POINT('',(5.318482238206,2.534750492315));
#1926 = CARTESIAN_POINT('',(5.351610606209,2.57103486752));
#1927 = CARTESIAN_POINT('',(5.385262426342,2.6048576826));
#1928 = CARTESIAN_POINT('',(5.419428814026,2.635949383453));
#1929 = CARTESIAN_POINT('',(5.47177537222,2.678379272042));
#1930 = CARTESIAN_POINT('',(5.489593846608,2.691936687141));
#1931 = CARTESIAN_POINT('',(5.507535165171,2.704675279197));
#1932 = CARTESIAN_POINT('',(5.525593932442,2.716558971595));
#1933 = CARTESIAN_POINT('',(5.543763144219,2.727553022075));
#1934 = CARTESIAN_POINT('',(5.57344249666,2.743914490273));
#1935 = CARTESIAN_POINT('',(5.584890691913,2.749844367306));
#1936 = CARTESIAN_POINT('',(5.596376353463,2.755406956218));
#1937 = CARTESIAN_POINT('',(5.607897085455,2.760594912962));
#1938 = CARTESIAN_POINT('',(5.619450251631,2.765401459696));
#1939 = CARTESIAN_POINT('',(5.656203224934,2.779423087097));
#1940 = CARTESIAN_POINT('',(5.681514342247,2.787195918604));
#1941 = CARTESIAN_POINT('',(5.706934329954,2.793074801012));
#1942 = CARTESIAN_POINT('',(5.732429830886,2.797013717326));
#1943 = CARTESIAN_POINT('',(5.757964707751,2.798988055714));
#1944 = CARTESIAN_POINT('',(5.819253727102,2.799011813039));
#1945 = CARTESIAN_POINT('',(5.855014071956,2.795173573715));
#1946 = CARTESIAN_POINT('',(5.890663775702,2.787481985052));
#1947 = CARTESIAN_POINT('',(5.926107942854,2.776033203415));
#1948 = CARTESIAN_POINT('',(5.96126519791,2.760998147355));
#1949 = CARTESIAN_POINT('',(6.01336716881,2.733448591123));
#1950 = CARTESIAN_POINT('',(6.030586107264,2.723464451998));
#1951 = CARTESIAN_POINT('',(6.047709172898,2.712673999806));
#1952 = CARTESIAN_POINT('',(6.064730012976,2.701106042101));
#1953 = CARTESIAN_POINT('',(6.081643576884,2.68879068977));
#1954 = CARTESIAN_POINT('',(6.130286301161,2.65106228188));
#1955 = CARTESIAN_POINT('',(6.161726330013,2.623792228929));
#1956 = CARTESIAN_POINT('',(6.192741817149,2.594154934629));
#1957 = CARTESIAN_POINT('',(6.223321929193,2.56235916664));
#1958 = CARTESIAN_POINT('',(6.253466825788,2.528603243885));
#1959 = CARTESIAN_POINT('',(6.28318530718,2.49306249673));
#1960 = ( GEOMETRIC_REPRESENTATION_CONTEXT(2) 
PARAMETRIC_REPRESENTATION_CONTEXT() REPRESENTATION_CONTEXT('2D SPACE',''
  ) );
#1961 = ORIENTED_EDGE('',*,*,#1962,.T.);
#1962 = EDGE_CURVE('',#1773,#1963,#1965,.T.);
#1963 = VERTEX_POINT('',#1964);
#1964 = CARTESIAN_POINT('',(40.502050062129,-18.71970041353,
    -56.50802383018));
#1965 = SURFACE_CURVE('',#1966,(#1989,#2015),.PCURVE_S1.);
#1966 = B_SPLINE_CURVE_WITH_KNOTS('',6,(#1967,#1968,#1969,#1970,#1971,
    #1972,#1973,#1974,#1975,#1976,#1977,#1978,#1979,#1980,#1981,#1982,
    #1983,#1984,#1985,#1986,#1987,#1988),.UNSPECIFIED.,.F.,.F.,(7,5,5,5,
    7),(0.,0.198880496675,0.503901260577,0.835434880263,1.),
  .UNSPECIFIED.);
#1967 = CARTESIAN_POINT('',(42.458674349295,-21.5324156714,
    -54.01496133345));
#1968 = CARTESIAN_POINT('',(42.458674349295,-21.38715628899,
    -54.07286724183));
#1969 = CARTESIAN_POINT('',(42.450234198321,-21.245338614,
    -54.13549236622));
#1970 = CARTESIAN_POINT('',(42.434104013588,-21.10738861744,
    -54.20209588268));
#1971 = CARTESIAN_POINT('',(42.410990429563,-20.97356625457,
    -54.27203901729));
#1972 = CARTESIAN_POINT('',(42.381519682926,-20.84399045611,
    -54.34480159074));
#1973 = CARTESIAN_POINT('',(42.292032369898,-20.52645253732,
    -54.53532730694));
#1974 = CARTESIAN_POINT('',(42.224139718675,-20.344347043,
    -54.65631526387));
#1975 = CARTESIAN_POINT('',(42.144371064438,-20.17229509246,
    -54.78158906701));
#1976 = CARTESIAN_POINT('',(42.05410764255,-20.01028400432,
    -54.91011719403));
#1977 = CARTESIAN_POINT('',(41.954459237894,-19.85818610997,
    -55.04112525749));
#1978 = CARTESIAN_POINT('',(41.72845278073,-19.5611482963,
    -55.31868031664));
#1979 = CARTESIAN_POINT('',(41.600590792118,-19.41806327437,
    -55.46550919193));
#1980 = CARTESIAN_POINT('',(41.463599698518,-19.28645345487,
    -55.61390728371));
#1981 = CARTESIAN_POINT('',(41.318258052084,-19.16638573182,
    -55.76327890319));
#1982 = CARTESIAN_POINT('',(41.165209764382,-19.05800143822,
    -55.91310695651));
#1983 = CARTESIAN_POINT('',(40.925350264406,-18.91373611339,
    -56.13733557389));
#1984 = CARTESIAN_POINT('',(40.844006306307,-18.8688351327,
    -56.21171467776));
#1985 = CARTESIAN_POINT('',(40.760946400657,-18.82692646258,
    -56.28603382908));
#1986 = CARTESIAN_POINT('',(40.67622962816,-18.78805895085,
    -56.36023331324));
#1987 = CARTESIAN_POINT('',(40.589912119053,-18.75229271035,
    -56.43425181135));
#1988 = CARTESIAN_POINT('',(40.502047203743,-18.71969935321,
    -56.50802623018));
#1989 = PCURVE('',#451,#1990);
#1990 = DEFINITIONAL_REPRESENTATION('',(#1991),#2014);
#1991 = B_SPLINE_CURVE_WITH_KNOTS('',6,(#1992,#1993,#1994,#1995,#1996,
    #1997,#1998,#1999,#2000,#2001,#2002,#2003,#2004,#2005,#2006,#2007,
    #2008,#2009,#2010,#2011,#2012,#2013),.UNSPECIFIED.,.F.,.F.,(7,5,5,5,
    7),(0.,0.198880496675,0.503901260577,0.835434880263,1.),
  .UNSPECIFIED.);
#1992 = CARTESIAN_POINT('',(5.813843458782,-0.848376293435));
#1993 = CARTESIAN_POINT('',(5.816564763267,-0.849592636646));
#1994 = CARTESIAN_POINT('',(5.819150416716,-0.850910122272));
#1995 = CARTESIAN_POINT('',(5.821600182763,-0.852313827621));
#1996 = CARTESIAN_POINT('',(5.823915917323,-0.853790876487));
#1997 = CARTESIAN_POINT('',(5.826100982028,-0.855330796905));
#1998 = CARTESIAN_POINT('',(5.83131702518,-0.859372238055));
#1999 = CARTESIAN_POINT('',(5.834175289766,-0.861946930916));
#2000 = CARTESIAN_POINT('',(5.836751146628,-0.864622482623));
#2001 = CARTESIAN_POINT('',(5.839055034662,-0.867378205303));
#2002 = CARTESIAN_POINT('',(5.841096617465,-0.870198481821));
#2003 = CARTESIAN_POINT('',(5.84482309761,-0.876198615317));
#2004 = CARTESIAN_POINT('',(5.846460528621,-0.879386712262));
#2005 = CARTESIAN_POINT('',(5.847802486039,-0.882623822509));
#2006 = CARTESIAN_POINT('',(5.848850077781,-0.885897809568));
#2007 = CARTESIAN_POINT('',(5.849601308435,-0.889197906669));
#2008 = CARTESIAN_POINT('',(5.850271326292,-0.894161262113));
#2009 = CARTESIAN_POINT('',(5.850418794419,-0.89581169857));
#2010 = CARTESIAN_POINT('',(5.850490611979,-0.897464889515));
#2011 = CARTESIAN_POINT('',(5.850485640825,-0.899119537928));
#2012 = CARTESIAN_POINT('',(5.850402460003,-0.900774289105));
#2013 = CARTESIAN_POINT('',(5.850239359692,-0.902427724742));
#2014 = ( GEOMETRIC_REPRESENTATION_CONTEXT(2) 
PARAMETRIC_REPRESENTATION_CONTEXT() REPRESENTATION_CONTEXT('2D SPACE',''
  ) );
#2015 = PCURVE('',#1896,#2016);
#2016 = DEFINITIONAL_REPRESENTATION('',(#2017),#2040);
#2017 = B_SPLINE_CURVE_WITH_KNOTS('',6,(#2018,#2019,#2020,#2021,#2022,
    #2023,#2024,#2025,#2026,#2027,#2028,#2029,#2030,#2031,#2032,#2033,
    #2034,#2035,#2036,#2037,#2038,#2039),.UNSPECIFIED.,.F.,.F.,(7,5,5,5,
    7),(0.,0.198880496675,0.503901260577,0.835434880263,1.),
  .UNSPECIFIED.);
#2018 = CARTESIAN_POINT('',(0.,2.49306249673));
#2019 = CARTESIAN_POINT('',(4.841979413535E-02,2.435156588349));
#2020 = CARTESIAN_POINT('',(9.569230116372E-02,2.372531463962));
#2021 = CARTESIAN_POINT('',(0.141880105556,2.3059279475));
#2022 = CARTESIAN_POINT('',(0.187052031854,2.235984812887));
#2023 = CARTESIAN_POINT('',(0.231289356715,2.163222239439));
#2024 = CARTESIAN_POINT('',(0.341258195262,1.972696523236));
#2025 = CARTESIAN_POINT('',(0.405823082827,1.851708566311));
#2026 = CARTESIAN_POINT('',(0.468765880129,1.726434763168));
#2027 = CARTESIAN_POINT('',(0.530342679414,1.597906636151));
#2028 = CARTESIAN_POINT('',(0.590803975645,1.466898572686));
#2029 = CARTESIAN_POINT('',(0.715218328796,1.189343513537));
#2030 = CARTESIAN_POINT('',(0.7789832632,1.042514638251));
#2031 = CARTESIAN_POINT('',(0.84203557996,0.894116546469));
#2032 = CARTESIAN_POINT('',(0.904615764088,0.744744926989));
#2033 = CARTESIAN_POINT('',(0.96695464863,0.594916873664));
#2034 = CARTESIAN_POINT('',(1.06025527604,0.370688256287));
#2035 = CARTESIAN_POINT('',(1.091205137826,0.29630915242));
#2036 = CARTESIAN_POINT('',(1.122184431725,0.221990001102));
#2037 = CARTESIAN_POINT('',(1.15322124788,0.147790516933));
#2038 = CARTESIAN_POINT('',(1.184343936944,7.37720188236E-02));
#2039 = CARTESIAN_POINT('',(1.215582393074,-2.4E-06));
#2040 = ( GEOMETRIC_REPRESENTATION_CONTEXT(2) 
PARAMETRIC_REPRESENTATION_CONTEXT() REPRESENTATION_CONTEXT('2D SPACE',''
  ) );
#2041 = ORIENTED_EDGE('',*,*,#2042,.F.);
#2042 = EDGE_CURVE('',#1771,#1963,#2043,.T.);
#2043 = SURFACE_CURVE('',#2044,(#2049,#2056),.PCURVE_S1.);
#2044 = CIRCLE('',#2045,44.618866444673);
#2045 = AXIS2_PLACEMENT_3D('',#2046,#2047,#2048);
#2046 = CARTESIAN_POINT('',(0.,0.,-56.50802383018));
#2047 = DIRECTION('',(0.,0.,1.));
#2048 = DIRECTION('',(1.,0.,-0.));
#2049 = PCURVE('',#451,#2050);
#2050 = DEFINITIONAL_REPRESENTATION('',(#2051),#2055);
#2051 = LINE('',#2052,#2053);
#2052 = CARTESIAN_POINT('',(0.,-0.902427670953));
#2053 = VECTOR('',#2054,1.);
#2054 = DIRECTION('',(1.,0.));
#2055 = ( GEOMETRIC_REPRESENTATION_CONTEXT(2) 
PARAMETRIC_REPRESENTATION_CONTEXT() REPRESENTATION_CONTEXT('2D SPACE',''
  ) );
#2056 = PCURVE('',#2057,#2062);
#2057 = PLANE('',#2058);
#2058 = AXIS2_PLACEMENT_3D('',#2059,#2060,#2061);
#2059 = CARTESIAN_POINT('',(39.458674349295,-21.5324156714,
    -56.50802383018));
#2060 = DIRECTION('',(0.,0.,1.));
#2061 = DIRECTION('',(1.,0.,-0.));
#2062 = DEFINITIONAL_REPRESENTATION('',(#2063),#2067);
#2063 = CIRCLE('',#2064,44.618866444673);
#2064 = AXIS2_PLACEMENT_2D('',#2065,#2066);
#2065 = CARTESIAN_POINT('',(-39.45867434929,21.532415671404));
#2066 = DIRECTION('',(1.,0.));
#2067 = ( GEOMETRIC_REPRESENTATION_CONTEXT(2) 
PARAMETRIC_REPRESENTATION_CONTEXT() REPRESENTATION_CONTEXT('2D SPACE',''
  ) );
#2068 = FACE_BOUND('',#2069,.F.);
#2069 = EDGE_LOOP('',(#2070,#2101));
#2070 = ORIENTED_EDGE('',*,*,#2071,.F.);
#2071 = EDGE_CURVE('',#2072,#2074,#2076,.T.);
#2072 = VERTEX_POINT('',#2073);
#2073 = CARTESIAN_POINT('',(-40.50205006212,-18.71970041353,
    -56.50802383018));
#2074 = VERTEX_POINT('',#2075);
#2075 = CARTESIAN_POINT('',(-37.65783794966,-23.93178814389,
    -56.50802383018));
#2076 = SURFACE_CURVE('',#2077,(#2082,#2089),.PCURVE_S1.);
#2077 = CIRCLE('',#2078,44.618866444673);
#2078 = AXIS2_PLACEMENT_3D('',#2079,#2080,#2081);
#2079 = CARTESIAN_POINT('',(0.,0.,-56.50802383018));
#2080 = DIRECTION('',(0.,0.,1.));
#2081 = DIRECTION('',(1.,0.,-0.));
#2082 = PCURVE('',#451,#2083);
#2083 = DEFINITIONAL_REPRESENTATION('',(#2084),#2088);
#2084 = LINE('',#2085,#2086);
#2085 = CARTESIAN_POINT('',(0.,-0.902427670953));
#2086 = VECTOR('',#2087,1.);
#2087 = DIRECTION('',(1.,0.));
#2088 = ( GEOMETRIC_REPRESENTATION_CONTEXT(2) 
PARAMETRIC_REPRESENTATION_CONTEXT() REPRESENTATION_CONTEXT('2D SPACE',''
  ) );
#2089 = PCURVE('',#2090,#2095);
#2090 = PLANE('',#2091);
#2091 = AXIS2_PLACEMENT_3D('',#2092,#2093,#2094);
#2092 = CARTESIAN_POINT('',(-39.45867434929,-21.5324156714,
    -56.50802383018));
#2093 = DIRECTION('',(0.,0.,1.));
#2094 = DIRECTION('',(1.,0.,-0.));
#2095 = DEFINITIONAL_REPRESENTATION('',(#2096),#2100);
#2096 = CIRCLE('',#2097,44.618866444673);
#2097 = AXIS2_PLACEMENT_2D('',#2098,#2099);
#2098 = CARTESIAN_POINT('',(39.458674349295,21.532415671404));
#2099 = DIRECTION('',(1.,0.));
#2100 = ( GEOMETRIC_REPRESENTATION_CONTEXT(2) 
PARAMETRIC_REPRESENTATION_CONTEXT() REPRESENTATION_CONTEXT('2D SPACE',''
  ) );
#2101 = ORIENTED_EDGE('',*,*,#2102,.T.);
#2102 = EDGE_CURVE('',#2072,#2074,#2103,.T.);
#2103 = SURFACE_CURVE('',#2104,(#2182,#2263),.PCURVE_S1.);
#2104 = B_SPLINE_CURVE_WITH_KNOTS('',6,(#2105,#2106,#2107,#2108,#2109,
    #2110,#2111,#2112,#2113,#2114,#2115,#2116,#2117,#2118,#2119,#2120,
    #2121,#2122,#2123,#2124,#2125,#2126,#2127,#2128,#2129,#2130,#2131,
    #2132,#2133,#2134,#2135,#2136,#2137,#2138,#2139,#2140,#2141,#2142,
    #2143,#2144,#2145,#2146,#2147,#2148,#2149,#2150,#2151,#2152,#2153,
    #2154,#2155,#2156,#2157,#2158,#2159,#2160,#2161,#2162,#2163,#2164,
    #2165,#2166,#2167,#2168,#2169,#2170,#2171,#2172,#2173,#2174,#2175,
    #2176,#2177,#2178,#2179,#2180,#2181),.UNSPECIFIED.,.F.,.F.,(7,5,5,5,
    5,5,5,5,5,5,5,5,5,5,5,7),(0.,6.32091452597E-02,0.186991701487,
    0.302022472117,0.37183070788,0.4228496163,0.448589149238,
    0.464500557739,0.499832260041,0.551064176955,0.577327631371,
    0.627786192786,0.697557082572,0.812543710542,0.937049261831,1.),
  .UNSPECIFIED.);
#2105 = CARTESIAN_POINT('',(-40.50204720374,-18.71969935321,
    -56.50802623018));
#2106 = CARTESIAN_POINT('',(-40.59086951045,-18.75264785324,
    -56.43344795245));
#2107 = CARTESIAN_POINT('',(-40.67811048406,-18.78883874767,
    -56.35862026637));
#2108 = CARTESIAN_POINT('',(-40.76371506274,-18.82819807386,
    -56.28360832254));
#2109 = CARTESIAN_POINT('',(-40.84762523838,-18.87066386288,
    -56.20847543976));
#2110 = CARTESIAN_POINT('',(-40.92977989499,-18.91618589644,
    -56.13328328507));
#2111 = CARTESIAN_POINT('',(-41.16743430282,-19.05978056536,
    -55.91084496209));
#2112 = CARTESIAN_POINT('',(-41.3177484187,-19.16639227354,
    -55.76362587126));
#2113 = CARTESIAN_POINT('',(-41.46061580794,-19.28428643405,
    -55.61685095576));
#2114 = CARTESIAN_POINT('',(-41.59542635123,-19.41332769378,
    -55.47101076768));
#2115 = CARTESIAN_POINT('',(-41.72144360808,-19.55345233656,
    -55.32666880829));
#2116 = CARTESIAN_POINT('',(-41.94574821652,-19.84543133325,
    -55.05235664887));
#2117 = CARTESIAN_POINT('',(-42.04531438388,-19.99568971104,
    -54.92215475386));
#2118 = CARTESIAN_POINT('',(-42.13568930942,-20.15570638531,
    -54.79435843662));
#2119 = CARTESIAN_POINT('',(-42.21580279208,-20.32560441876,
    -54.66971435433));
#2120 = CARTESIAN_POINT('',(-42.28432367899,-20.50540229963,
    -54.54921385856));
#2121 = CARTESIAN_POINT('',(-42.3729430931,-20.81032185472,
    -54.36435830381));
#2122 = CARTESIAN_POINT('',(-42.40147638825,-20.92911120565,
    -54.29657818186));
#2123 = CARTESIAN_POINT('',(-42.42467932965,-21.05153254803,
    -54.23112944679));
#2124 = CARTESIAN_POINT('',(-42.44207285238,-21.1775066924,
    -54.16840518576));
#2125 = CARTESIAN_POINT('',(-42.45311608317,-21.30685803357,
    -54.10888469013));
#2126 = CARTESIAN_POINT('',(-42.46023469926,-21.53609278057,
    -54.01237095206));
#2127 = CARTESIAN_POINT('',(-42.45953808947,-21.63452421325,
    -53.97363181356));
#2128 = CARTESIAN_POINT('',(-42.45491518978,-21.73446973795,
    -53.9371256212));
#2129 = CARTESIAN_POINT('',(-42.44612955377,-21.83574047694,
    -53.90310794049));
#2130 = CARTESIAN_POINT('',(-42.43296005001,-21.93807397008,
    -53.87185296754));
#2131 = CARTESIAN_POINT('',(-42.40628315003,-22.09311649232,
    -53.82940031957));
#2132 = CARTESIAN_POINT('',(-42.39617671029,-22.14528873882,
    -53.81593817222));
#2133 = CARTESIAN_POINT('',(-42.38488717325,-22.1975968273,
    -53.80328512291));
#2134 = CARTESIAN_POINT('',(-42.37239553248,-22.24998934602,
    -53.79147657396));
#2135 = CARTESIAN_POINT('',(-42.35868764486,-22.30240913637,
    -53.78054662388));
#2136 = CARTESIAN_POINT('',(-42.33452543667,-22.38717548255,
    -53.76433299261));
#2137 = CARTESIAN_POINT('',(-42.32482734558,-22.41954418334,
    -53.75848687968));
#2138 = CARTESIAN_POINT('',(-42.31465967627,-22.45188440935,
    -53.75299608758));
#2139 = CARTESIAN_POINT('',(-42.30402158387,-22.48418063131,
    -53.74786762407));
#2140 = CARTESIAN_POINT('',(-42.29291326372,-22.51641669796,
    -53.74310796951));
#2141 = CARTESIAN_POINT('',(-42.25562822386,-22.6199860505,
    -53.72898630713));
#2142 = CARTESIAN_POINT('',(-42.22760677315,-22.69102073225,
    -53.72109678421));
#2143 = CARTESIAN_POINT('',(-42.19728812575,-22.76148975317,
    -53.71512007225));
#2144 = CARTESIAN_POINT('',(-42.16471387979,-22.83120178987,
    -53.71110339233));
#2145 = CARTESIAN_POINT('',(-42.12995433184,-22.89996610148,
    -53.70907215241));
#2146 = CARTESIAN_POINT('',(-42.0396898841,-23.0656570218,
    -53.70896024719));
#2147 = CARTESIAN_POINT('',(-41.98187639678,-23.16135295252,
    -53.71306901575));
#2148 = CARTESIAN_POINT('',(-41.91999268893,-23.25408835809,
    -53.721355074));
#2149 = CARTESIAN_POINT('',(-41.85443893691,-23.34340402269,
    -53.73370590849));
#2150 = CARTESIAN_POINT('',(-41.78566773136,-23.42895571269,
    -53.74992243536));
#2151 = CARTESIAN_POINT('',(-41.67749839195,-23.55229462499,
    -53.77991019043));
#2152 = CARTESIAN_POINT('',(-41.64011562008,-23.59304468454,
    -53.79102245143));
#2153 = CARTESIAN_POINT('',(-41.60206976923,-23.63271512022,
    -53.80305053862));
#2154 = CARTESIAN_POINT('',(-41.56342007448,-23.67128558434,
    -53.81595824959));
#2155 = CARTESIAN_POINT('',(-41.52422339571,-23.70874353577,
    -53.82970795938));
#2156 = CARTESIAN_POINT('',(-41.40827894225,-23.81489918818,
    -53.87222366516));
#2157 = CARTESIAN_POINT('',(-41.33020667823,-23.88058269438,
    -53.90315297539));
#2158 = CARTESIAN_POINT('',(-41.25068942224,-23.94209847606,
    -53.93678349541));
#2159 = CARTESIAN_POINT('',(-41.17005640087,-23.99948886956,
    -53.97285007853));
#2160 = CARTESIAN_POINT('',(-41.08858551873,-24.05284675703,
    -54.01110538371));
#2161 = CARTESIAN_POINT('',(-40.89298710626,-24.17065466255,
    -54.10696546059));
#2162 = CARTESIAN_POINT('',(-40.77831552433,-24.23152206486,
    -54.16636185836));
#2163 = CARTESIAN_POINT('',(-40.66303835615,-24.28522188427,
    -54.22896941619));
#2164 = CARTESIAN_POINT('',(-40.54759741754,-24.33211316577,
    -54.29430805564));
#2165 = CARTESIAN_POINT('',(-40.43231969448,-24.37255571038,
    -54.36198389686));
#2166 = CARTESIAN_POINT('',(-40.12805336551,-24.46345493854,
    -54.54659444837));
#2167 = CARTESIAN_POINT('',(-39.9398160744,-24.50338523896,
    -54.66696469637));
#2168 = CARTESIAN_POINT('',(-39.75361913841,-24.52820353253,
    -54.79149090342));
#2169 = CARTESIAN_POINT('',(-39.57016951826,-24.53904091812,
    -54.91917932415));
#2170 = CARTESIAN_POINT('',(-39.38994388072,-24.53686584278,
    -55.04928168829));
#2171 = CARTESIAN_POINT('',(-39.02184950642,-24.50664673569,
    -55.32428791395));
#2172 = CARTESIAN_POINT('',(-38.83468199521,-24.47648514066,
    -55.46945127625));
#2173 = CARTESIAN_POINT('',(-38.65212622995,-24.43277066126,
    -55.61613531879));
#2174 = CARTESIAN_POINT('',(-38.47464253171,-24.37609890961,
    -55.76376617284));
#2175 = CARTESIAN_POINT('',(-38.30268248574,-24.30691774963,
    -55.9118446975));
#2176 = CARTESIAN_POINT('',(-38.05281382168,-24.18426287603,
    -56.13482995535));
#2177 = CARTESIAN_POINT('',(-37.97044531215,-24.13993675374,
    -56.20971179299));
#2178 = CARTESIAN_POINT('',(-37.88968472392,-24.0925065957,
    -56.28453409067));
#2179 = CARTESIAN_POINT('',(-37.81060649273,-24.04199625188,
    -56.35923593154));
#2180 = CARTESIAN_POINT('',(-37.73329313038,-23.98842075312,
    -56.43375476494));
#2181 = CARTESIAN_POINT('',(-37.65783551133,-23.93178631382,
    -56.50802623018));
#2182 = PCURVE('',#451,#2183);
#2183 = DEFINITIONAL_REPRESENTATION('',(#2184),#2262);
#2184 = B_SPLINE_CURVE_WITH_KNOTS('',6,(#2185,#2186,#2187,#2188,#2189,
    #2190,#2191,#2192,#2193,#2194,#2195,#2196,#2197,#2198,#2199,#2200,
    #2201,#2202,#2203,#2204,#2205,#2206,#2207,#2208,#2209,#2210,#2211,
    #2212,#2213,#2214,#2215,#2216,#2217,#2218,#2219,#2220,#2221,#2222,
    #2223,#2224,#2225,#2226,#2227,#2228,#2229,#2230,#2231,#2232,#2233,
    #2234,#2235,#2236,#2237,#2238,#2239,#2240,#2241,#2242,#2243,#2244,
    #2245,#2246,#2247,#2248,#2249,#2250,#2251,#2252,#2253,#2254,#2255,
    #2256,#2257,#2258,#2259,#2260,#2261),.UNSPECIFIED.,.F.,.F.,(7,5,5,5,
    5,5,5,5,5,5,5,5,5,5,5,7),(0.,6.32091452597E-02,0.186991701487,
    0.302022472117,0.37183070788,0.4228496163,0.448589149238,
    0.464500557739,0.499832260041,0.551064176955,0.577327631371,
    0.627786192786,0.697557082572,0.812543710542,0.937049261831,1.),
  .UNSPECIFIED.);
#2185 = CARTESIAN_POINT('',(3.574538601078,-0.902427724742));
#2186 = CARTESIAN_POINT('',(3.574373723597,-0.900756272983));
#2187 = CARTESIAN_POINT('',(3.574290516722,-0.899083477283));
#2188 = CARTESIAN_POINT('',(3.574287214162,-0.897410802195));
#2189 = CARTESIAN_POINT('',(3.574362351198,-0.895739646335));
#2190 = CARTESIAN_POINT('',(3.574514758396,-0.894071348628));
#2191 = CARTESIAN_POINT('',(3.575191608648,-0.889148279318));
#2192 = CARTESIAN_POINT('',(3.575932545317,-0.885905795948));
#2193 = CARTESIAN_POINT('',(3.576959698642,-0.882688594428));
#2194 = CARTESIAN_POINT('',(3.578271141505,-0.879506888078));
#2195 = CARTESIAN_POINT('',(3.579867892675,-0.87637216075));
#2196 = CARTESIAN_POINT('',(3.583513077203,-0.870440546224));
#2197 = CARTESIAN_POINT('',(3.585520775309,-0.867636802482));
#2198 = CARTESIAN_POINT('',(3.58778641491,-0.864895904793));
#2199 = CARTESIAN_POINT('',(3.590319256663,-0.862232909972));
#2200 = CARTESIAN_POINT('',(3.59312941636,-0.859667699995));
#2201 = CARTESIAN_POINT('',(3.598116600172,-0.855745172772));
#2202 = CARTESIAN_POINT('',(3.600107574792,-0.854309959103));
#2203 = CARTESIAN_POINT('',(3.602209386,-0.852926899501));
#2204 = CARTESIAN_POINT('',(3.604424790693,-0.851603904695));
#2205 = CARTESIAN_POINT('',(3.606755575111,-0.850350633678));
#2206 = CARTESIAN_POINT('',(3.610990302642,-0.848321466193));
#2207 = CARTESIAN_POINT('',(3.612840049755,-0.847507990206));
#2208 = CARTESIAN_POINT('',(3.614751385058,-0.846742272575));
#2209 = CARTESIAN_POINT('',(3.616723272064,-0.846029474294));
#2210 = CARTESIAN_POINT('',(3.618753313845,-0.845375137128));
#2211 = CARTESIAN_POINT('',(3.62188879873,-0.84448701086));
#2212 = CARTESIAN_POINT('',(3.622953948405,-0.844205497273));
#2213 = CARTESIAN_POINT('',(3.624032254776,-0.843941005586));
#2214 = CARTESIAN_POINT('',(3.625123028051,-0.843694252071));
#2215 = CARTESIAN_POINT('',(3.626225437176,-0.843465926829));
#2216 = CARTESIAN_POINT('',(3.628026550191,-0.843127313699));
#2217 = CARTESIAN_POINT('',(3.628718677404,-0.843005243281));
#2218 = CARTESIAN_POINT('',(3.62941464076,-0.842890611302));
#2219 = CARTESIAN_POINT('',(3.630114186678,-0.842783559653));
#2220 = CARTESIAN_POINT('',(3.63081704151,-0.842684219565));
#2221 = CARTESIAN_POINT('',(3.633090314577,-0.842389515768));
#2222 = CARTESIAN_POINT('',(3.634672666613,-0.842224925596));
#2223 = CARTESIAN_POINT('',(3.636266600981,-0.842100269457));
#2224 = CARTESIAN_POINT('',(3.637868519591,-0.842016503864));
#2225 = CARTESIAN_POINT('',(3.639474569786,-0.841974143444));
#2226 = CARTESIAN_POINT('',(3.643409438848,-0.841971809724));
#2227 = CARTESIAN_POINT('',(3.645738781882,-0.842057496253));
#2228 = CARTESIAN_POINT('',(3.648055626393,-0.842230295222));
#2229 = CARTESIAN_POINT('',(3.650348600308,-0.842487928524));
#2230 = CARTESIAN_POINT('',(3.652607786475,-0.842826364538));
#2231 = CARTESIAN_POINT('',(3.655960911727,-0.84345263152));
#2232 = CARTESIAN_POINT('',(3.65708626766,-0.843684761681));
#2233 = CARTESIAN_POINT('',(3.658199536159,-0.843936100098));
#2234 = CARTESIAN_POINT('',(3.659299831878,-0.84420591409));
#2235 = CARTESIAN_POINT('',(3.660386422526,-0.844493442412));
#2236 = CARTESIAN_POINT('',(3.663518837864,-0.845382900994));
#2237 = CARTESIAN_POINT('',(3.665526074346,-0.846030426275));
#2238 = CARTESIAN_POINT('',(3.667476431729,-0.846735112283));
#2239 = CARTESIAN_POINT('',(3.669367588731,-0.847491600163));
#2240 = CARTESIAN_POINT('',(3.671198528377,-0.848294894979));
#2241 = CARTESIAN_POINT('',(3.675417514908,-0.850310233414));
#2242 = CARTESIAN_POINT('',(3.677750149371,-0.851560832823));
#2243 = CARTESIAN_POINT('',(3.679967498974,-0.852881299155));
#2244 = CARTESIAN_POINT('',(3.682071324739,-0.854261957338));
#2245 = CARTESIAN_POINT('',(3.684064370798,-0.855694880503));
#2246 = CARTESIAN_POINT('',(3.689057646539,-0.85961197144));
#2247 = CARTESIAN_POINT('',(3.691871820661,-0.862174239994));
#2248 = CARTESIAN_POINT('',(3.694408717839,-0.864834529247));
#2249 = CARTESIAN_POINT('',(3.696678468534,-0.867572909139));
#2250 = CARTESIAN_POINT('',(3.698690363101,-0.870374290593));
#2251 = CARTESIAN_POINT('',(3.70235631579,-0.876320427479));
#2252 = CARTESIAN_POINT('',(3.703965995099,-0.879472805943));
#2253 = CARTESIAN_POINT('',(3.70528704256,-0.882672813354));
#2254 = CARTESIAN_POINT('',(3.706320502279,-0.885908755485));
#2255 = CARTESIAN_POINT('',(3.70706442073,-0.889170239729));
#2256 = CARTESIAN_POINT('',(3.707738274825,-0.894105665501));
#2257 = CARTESIAN_POINT('',(3.707888788624,-0.895767146559));
#2258 = CARTESIAN_POINT('',(3.707962652368,-0.897431445913));
#2259 = CARTESIAN_POINT('',(3.707958708615,-0.899097240737));
#2260 = CARTESIAN_POINT('',(3.707875509444,-0.900763149278));
#2261 = CARTESIAN_POINT('',(3.707711310263,-0.902427724742));
#2262 = ( GEOMETRIC_REPRESENTATION_CONTEXT(2) 
PARAMETRIC_REPRESENTATION_CONTEXT() REPRESENTATION_CONTEXT('2D SPACE',''
  ) );
#2263 = PCURVE('',#2264,#2269);
#2264 = CYLINDRICAL_SURFACE('',#2265,3.);
#2265 = AXIS2_PLACEMENT_3D('',#2266,#2267,#2268);
#2266 = CARTESIAN_POINT('',(-39.45867434929,-21.5324156714,
    -56.50802383018));
#2267 = DIRECTION('',(0.,0.,1.));
#2268 = DIRECTION('',(1.,0.,-0.));
#2269 = DEFINITIONAL_REPRESENTATION('',(#2270),#2348);
#2270 = B_SPLINE_CURVE_WITH_KNOTS('',6,(#2271,#2272,#2273,#2274,#2275,
    #2276,#2277,#2278,#2279,#2280,#2281,#2282,#2283,#2284,#2285,#2286,
    #2287,#2288,#2289,#2290,#2291,#2292,#2293,#2294,#2295,#2296,#2297,
    #2298,#2299,#2300,#2301,#2302,#2303,#2304,#2305,#2306,#2307,#2308,
    #2309,#2310,#2311,#2312,#2313,#2314,#2315,#2316,#2317,#2318,#2319,
    #2320,#2321,#2322,#2323,#2324,#2325,#2326,#2327,#2328,#2329,#2330,
    #2331,#2332,#2333,#2334,#2335,#2336,#2337,#2338,#2339,#2340,#2341,
    #2342,#2343,#2344,#2345,#2346,#2347),.UNSPECIFIED.,.F.,.F.,(7,5,5,5,
    5,5,5,5,5,5,5,5,5,5,5,7),(0.,6.32091452597E-02,0.186991701487,
    0.302022472117,0.37183070788,0.4228496163,0.448589149238,
    0.464500557739,0.499832260041,0.551064176955,0.577327631371,
    0.627786192786,0.697557082572,0.812543710542,0.937049261831,1.),
  .UNSPECIFIED.);
#2271 = CARTESIAN_POINT('',(1.926010260516,-2.399999999625E-06));
#2272 = CARTESIAN_POINT('',(1.957589096299,7.457587772837E-02));
#2273 = CARTESIAN_POINT('',(1.989049620522,0.149403563807));
#2274 = CARTESIAN_POINT('',(2.020422726648,0.224415507634));
#2275 = CARTESIAN_POINT('',(2.051737687729,0.299548390418));
#2276 = CARTESIAN_POINT('',(2.083023510199,0.374740545112));
#2277 = CARTESIAN_POINT('',(2.175579227053,0.597178868085));
#2278 = CARTESIAN_POINT('',(2.236841786297,0.744397958917));
#2279 = CARTESIAN_POINT('',(2.298337890646,0.89117287442));
#2280 = CARTESIAN_POINT('',(2.360286862921,1.037013062501));
#2281 = CARTESIAN_POINT('',(2.42291733248,1.181355021886));
#2282 = CARTESIAN_POINT('',(2.545647520687,1.455667181304));
#2283 = CARTESIAN_POINT('',(2.605585403232,1.585869076322));
#2284 = CARTESIAN_POINT('',(2.666606909311,1.713665393558));
#2285 = CARTESIAN_POINT('',(2.728955648211,1.83830947585));
#2286 = CARTESIAN_POINT('',(2.792881506377,1.958809971616));
#2287 = CARTESIAN_POINT('',(2.898726957457,2.143665526372));
#2288 = CARTESIAN_POINT('',(2.939404532522,2.211445648316));
#2289 = CARTESIAN_POINT('',(2.980863665848,2.276894383384));
#2290 = CARTESIAN_POINT('',(3.023169937158,2.339618644421));
#2291 = CARTESIAN_POINT('',(3.066380507048,2.399139140045));
#2292 = CARTESIAN_POINT('',(3.142828923879,2.495652878115));
#2293 = CARTESIAN_POINT('',(3.175616464391,2.534392016621));
#2294 = CARTESIAN_POINT('',(3.208928091779,2.570898208983));
#2295 = CARTESIAN_POINT('',(3.242769164637,2.604915889689));
#2296 = CARTESIAN_POINT('',(3.277130650271,2.636170862635));
#2297 = CARTESIAN_POINT('',(3.329570923911,2.678623510612));
#2298 = CARTESIAN_POINT('',(3.347281074736,2.692085657962));
#2299 = CARTESIAN_POINT('',(3.365112501311,2.704738707266));
#2300 = CARTESIAN_POINT('',(3.383059897346,2.716547256218));
#2301 = CARTESIAN_POINT('',(3.401116386615,2.727477206293));
#2302 = CARTESIAN_POINT('',(3.430497305876,2.743690837568));
#2303 = CARTESIAN_POINT('',(3.441759727673,2.749536950501));
#2304 = CARTESIAN_POINT('',(3.453058482111,2.755027742593));
#2305 = CARTESIAN_POINT('',(3.464391293702,2.760156206105));
#2306 = CARTESIAN_POINT('',(3.475755661207,2.764915860672));
#2307 = CARTESIAN_POINT('',(3.512447750851,2.77903752305));
#2308 = CARTESIAN_POINT('',(3.537890111282,2.786927045971));
#2309 = CARTESIAN_POINT('',(3.563443540141,2.792903757923));
#2310 = CARTESIAN_POINT('',(3.589074226928,2.796920437843));
#2311 = CARTESIAN_POINT('',(3.614745490741,2.798951677768));
#2312 = CARTESIAN_POINT('',(3.677639715525,2.799063582988));
#2313 = CARTESIAN_POINT('',(3.714870455834,2.794954814432));
#2314 = CARTESIAN_POINT('',(3.751976927296,2.786668756173));
#2315 = CARTESIAN_POINT('',(3.788852801734,2.774317921689));
#2316 = CARTESIAN_POINT('',(3.825407953795,2.758101394818));
#2317 = CARTESIAN_POINT('',(3.880091988916,2.728113639747));
#2318 = CARTESIAN_POINT('',(3.898520557443,2.717001378745));
#2319 = CARTESIAN_POINT('',(3.916835766137,2.704973291555));
#2320 = CARTESIAN_POINT('',(3.935030283288,2.692065580586));
#2321 = CARTESIAN_POINT('',(3.953098478022,2.678315870802));
#2322 = CARTESIAN_POINT('',(4.005498794844,2.635800165017));
#2323 = CARTESIAN_POINT('',(4.039478000826,2.604870854785));
#2324 = CARTESIAN_POINT('',(4.072948259782,2.571240334769));
#2325 = CARTESIAN_POINT('',(4.105900811703,2.53517375165));
#2326 = CARTESIAN_POINT('',(4.138340699959,2.496918446468));
#2327 = CARTESIAN_POINT('',(4.214452782197,2.401058369585));
#2328 = CARTESIAN_POINT('',(4.257664234258,2.341661971815));
#2329 = CARTESIAN_POINT('',(4.299971124879,2.279054413992));
#2330 = CARTESIAN_POINT('',(4.34143031132,2.213715774534));
#2331 = CARTESIAN_POINT('',(4.382107203413,2.146039933321));
#2332 = CARTESIAN_POINT('',(4.487958602723,1.961429381809));
#2333 = CARTESIAN_POINT('',(4.551888985247,1.84105913381));
#2334 = CARTESIAN_POINT('',(4.614239230764,1.716532926753));
#2335 = CARTESIAN_POINT('',(4.675259187284,1.58884450603));
#2336 = CARTESIAN_POINT('',(4.735192517582,1.458742141892));
#2337 = CARTESIAN_POINT('',(4.858303426398,1.183735916224));
#2338 = CARTESIAN_POINT('',(4.921306156713,1.038572553929));
#2339 = CARTESIAN_POINT('',(4.983617532117,0.891888511387));
#2340 = CARTESIAN_POINT('',(5.045470029251,0.744257657337));
#2341 = CARTESIAN_POINT('',(5.107086705831,0.596179132676));
#2342 = CARTESIAN_POINT('',(5.199869946233,0.373193874832));
#2343 = CARTESIAN_POINT('',(5.231027539662,0.298312037187));
#2344 = CARTESIAN_POINT('',(5.262214387655,0.22348973951));
#2345 = CARTESIAN_POINT('',(5.293459144653,0.148787898635));
#2346 = CARTESIAN_POINT('',(5.324790729295,7.42690652381E-02));
#2347 = CARTESIAN_POINT('',(5.356239650825,-2.4E-06));
#2348 = ( GEOMETRIC_REPRESENTATION_CONTEXT(2) 
PARAMETRIC_REPRESENTATION_CONTEXT() REPRESENTATION_CONTEXT('2D SPACE',''
  ) );
#2349 = ADVANCED_FACE('',(#2350),#519,.T.);
#2350 = FACE_BOUND('',#2351,.T.);
#2351 = EDGE_LOOP('',(#2352,#2375,#2376,#2377,#2400,#2428,#2451));
#2352 = ORIENTED_EDGE('',*,*,#2353,.F.);
#2353 = EDGE_CURVE('',#583,#2354,#2356,.T.);
#2354 = VERTEX_POINT('',#2355);
#2355 = CARTESIAN_POINT('',(67.126179071422,4.5,5.4));
#2356 = SURFACE_CURVE('',#2357,(#2361,#2368),.PCURVE_S1.);
#2357 = LINE('',#2358,#2359);
#2358 = CARTESIAN_POINT('',(63.726179071422,4.5,5.4));
#2359 = VECTOR('',#2360,1.);
#2360 = DIRECTION('',(1.,0.,0.));
#2361 = PCURVE('',#519,#2362);
#2362 = DEFINITIONAL_REPRESENTATION('',(#2363),#2367);
#2363 = LINE('',#2364,#2365);
#2364 = CARTESIAN_POINT('',(0.,9.));
#2365 = VECTOR('',#2366,1.);
#2366 = DIRECTION('',(1.,0.));
#2367 = ( GEOMETRIC_REPRESENTATION_CONTEXT(2) 
PARAMETRIC_REPRESENTATION_CONTEXT() REPRESENTATION_CONTEXT('2D SPACE',''
  ) );
#2368 = PCURVE('',#621,#2369);
#2369 = DEFINITIONAL_REPRESENTATION('',(#2370),#2374);
#2370 = LINE('',#2371,#2372);
#2371 = CARTESIAN_POINT('',(3.,0.));
#2372 = VECTOR('',#2373,1.);
#2373 = DIRECTION('',(0.,1.));
#2374 = ( GEOMETRIC_REPRESENTATION_CONTEXT(2) 
PARAMETRIC_REPRESENTATION_CONTEXT() REPRESENTATION_CONTEXT('2D SPACE',''
  ) );
#2375 = ORIENTED_EDGE('',*,*,#582,.F.);
#2376 = ORIENTED_EDGE('',*,*,#500,.F.);
#2377 = ORIENTED_EDGE('',*,*,#2378,.T.);
#2378 = EDGE_CURVE('',#501,#2379,#2381,.T.);
#2379 = VERTEX_POINT('',#2380);
#2380 = CARTESIAN_POINT('',(66.90718180638,-5.469500841637,5.4));
#2381 = SURFACE_CURVE('',#2382,(#2386,#2393),.PCURVE_S1.);
#2382 = LINE('',#2383,#2384);
#2383 = CARTESIAN_POINT('',(63.515602291451,-5.230359891751,5.4));
#2384 = VECTOR('',#2385,1.);
#2385 = DIRECTION('',(0.997523386744,-7.033557349594E-02,0.));
#2386 = PCURVE('',#519,#2387);
#2387 = DEFINITIONAL_REPRESENTATION('',(#2388),#2392);
#2388 = LINE('',#2389,#2390);
#2389 = CARTESIAN_POINT('',(-0.210576779972,-0.730359891751));
#2390 = VECTOR('',#2391,1.);
#2391 = DIRECTION('',(0.997523386744,-7.033557349594E-02));
#2392 = ( GEOMETRIC_REPRESENTATION_CONTEXT(2) 
PARAMETRIC_REPRESENTATION_CONTEXT() REPRESENTATION_CONTEXT('2D SPACE',''
  ) );
#2393 = PCURVE('',#776,#2394);
#2394 = DEFINITIONAL_REPRESENTATION('',(#2395),#2399);
#2395 = LINE('',#2396,#2397);
#2396 = CARTESIAN_POINT('',(1.5,0.));
#2397 = VECTOR('',#2398,1.);
#2398 = DIRECTION('',(0.,1.));
#2399 = ( GEOMETRIC_REPRESENTATION_CONTEXT(2) 
PARAMETRIC_REPRESENTATION_CONTEXT() REPRESENTATION_CONTEXT('2D SPACE',''
  ) );
#2400 = ORIENTED_EDGE('',*,*,#2401,.T.);
#2401 = EDGE_CURVE('',#2379,#2402,#2404,.T.);
#2402 = VERTEX_POINT('',#2403);
#2403 = CARTESIAN_POINT('',(66.975541504616,-4.5,5.4));
#2404 = SURFACE_CURVE('',#2405,(#2409,#2416),.PCURVE_S1.);
#2405 = LINE('',#2406,#2407);
#2406 = CARTESIAN_POINT('',(66.90718180638,-5.469500841637,5.4));
#2407 = VECTOR('',#2408,1.);
#2408 = DIRECTION('',(7.033557349594E-02,0.997523386744,0.));
#2409 = PCURVE('',#519,#2410);
#2410 = DEFINITIONAL_REPRESENTATION('',(#2411),#2415);
#2411 = LINE('',#2412,#2413);
#2412 = CARTESIAN_POINT('',(3.181002734958,-0.969500841637));
#2413 = VECTOR('',#2414,1.);
#2414 = DIRECTION('',(7.033557349594E-02,0.997523386744));
#2415 = ( GEOMETRIC_REPRESENTATION_CONTEXT(2) 
PARAMETRIC_REPRESENTATION_CONTEXT() REPRESENTATION_CONTEXT('2D SPACE',''
  ) );
#2416 = PCURVE('',#2417,#2422);
#2417 = PLANE('',#2418);
#2418 = AXIS2_PLACEMENT_3D('',#2419,#2420,#2421);
#2419 = CARTESIAN_POINT('',(66.90718180638,-5.469500841637,3.9));
#2420 = DIRECTION('',(0.997523386744,-7.033557349594E-02,0.));
#2421 = DIRECTION('',(0.,0.,1.));
#2422 = DEFINITIONAL_REPRESENTATION('',(#2423),#2427);
#2423 = LINE('',#2424,#2425);
#2424 = CARTESIAN_POINT('',(1.5,0.));
#2425 = VECTOR('',#2426,1.);
#2426 = DIRECTION('',(0.,-1.));
#2427 = ( GEOMETRIC_REPRESENTATION_CONTEXT(2) 
PARAMETRIC_REPRESENTATION_CONTEXT() REPRESENTATION_CONTEXT('2D SPACE',''
  ) );
#2428 = ORIENTED_EDGE('',*,*,#2429,.T.);
#2429 = EDGE_CURVE('',#2402,#2430,#2432,.T.);
#2430 = VERTEX_POINT('',#2431);
#2431 = CARTESIAN_POINT('',(67.126179071422,-4.5,5.4));
#2432 = SURFACE_CURVE('',#2433,(#2437,#2444),.PCURVE_S1.);
#2433 = LINE('',#2434,#2435);
#2434 = CARTESIAN_POINT('',(63.726179071422,-4.5,5.4));
#2435 = VECTOR('',#2436,1.);
#2436 = DIRECTION('',(1.,0.,0.));
#2437 = PCURVE('',#519,#2438);
#2438 = DEFINITIONAL_REPRESENTATION('',(#2439),#2443);
#2439 = LINE('',#2440,#2441);
#2440 = CARTESIAN_POINT('',(0.,0.));
#2441 = VECTOR('',#2442,1.);
#2442 = DIRECTION('',(1.,0.));
#2443 = ( GEOMETRIC_REPRESENTATION_CONTEXT(2) 
PARAMETRIC_REPRESENTATION_CONTEXT() REPRESENTATION_CONTEXT('2D SPACE',''
  ) );
#2444 = PCURVE('',#723,#2445);
#2445 = DEFINITIONAL_REPRESENTATION('',(#2446),#2450);
#2446 = LINE('',#2447,#2448);
#2447 = CARTESIAN_POINT('',(3.,0.));
#2448 = VECTOR('',#2449,1.);
#2449 = DIRECTION('',(0.,1.));
#2450 = ( GEOMETRIC_REPRESENTATION_CONTEXT(2) 
PARAMETRIC_REPRESENTATION_CONTEXT() REPRESENTATION_CONTEXT('2D SPACE',''
  ) );
#2451 = ORIENTED_EDGE('',*,*,#2452,.T.);
#2452 = EDGE_CURVE('',#2430,#2354,#2453,.T.);
#2453 = SURFACE_CURVE('',#2454,(#2458,#2465),.PCURVE_S1.);
#2454 = LINE('',#2455,#2456);
#2455 = CARTESIAN_POINT('',(67.126179071422,-4.5,5.4));
#2456 = VECTOR('',#2457,1.);
#2457 = DIRECTION('',(0.,1.,0.));
#2458 = PCURVE('',#519,#2459);
#2459 = DEFINITIONAL_REPRESENTATION('',(#2460),#2464);
#2460 = LINE('',#2461,#2462);
#2461 = CARTESIAN_POINT('',(3.4,0.));
#2462 = VECTOR('',#2463,1.);
#2463 = DIRECTION('',(0.,1.));
#2464 = ( GEOMETRIC_REPRESENTATION_CONTEXT(2) 
PARAMETRIC_REPRESENTATION_CONTEXT() REPRESENTATION_CONTEXT('2D SPACE',''
  ) );
#2465 = PCURVE('',#2466,#2471);
#2466 = PLANE('',#2467);
#2467 = AXIS2_PLACEMENT_3D('',#2468,#2469,#2470);
#2468 = CARTESIAN_POINT('',(67.126179071422,-4.5,2.4));
#2469 = DIRECTION('',(1.,0.,0.));
#2470 = DIRECTION('',(0.,0.,1.));
#2471 = DEFINITIONAL_REPRESENTATION('',(#2472),#2476);
#2472 = LINE('',#2473,#2474);
#2473 = CARTESIAN_POINT('',(3.,0.));
#2474 = VECTOR('',#2475,1.);
#2475 = DIRECTION('',(0.,-1.));
#2476 = ( GEOMETRIC_REPRESENTATION_CONTEXT(2) 
PARAMETRIC_REPRESENTATION_CONTEXT() REPRESENTATION_CONTEXT('2D SPACE',''
  ) );
#2477 = ADVANCED_FACE('',(#2478),#776,.F.);
#2478 = FACE_BOUND('',#2479,.F.);
#2479 = EDGE_LOOP('',(#2480,#2503,#2504,#2505));
#2480 = ORIENTED_EDGE('',*,*,#2481,.F.);
#2481 = EDGE_CURVE('',#735,#2482,#2484,.T.);
#2482 = VERTEX_POINT('',#2483);
#2483 = CARTESIAN_POINT('',(66.90718180638,-5.469500841637,3.9));
#2484 = SURFACE_CURVE('',#2485,(#2489,#2496),.PCURVE_S1.);
#2485 = LINE('',#2486,#2487);
#2486 = CARTESIAN_POINT('',(63.515602291451,-5.230359891751,3.9));
#2487 = VECTOR('',#2488,1.);
#2488 = DIRECTION('',(0.997523386744,-7.033557349594E-02,0.));
#2489 = PCURVE('',#776,#2490);
#2490 = DEFINITIONAL_REPRESENTATION('',(#2491),#2495);
#2491 = LINE('',#2492,#2493);
#2492 = CARTESIAN_POINT('',(0.,0.));
#2493 = VECTOR('',#2494,1.);
#2494 = DIRECTION('',(0.,1.));
#2495 = ( GEOMETRIC_REPRESENTATION_CONTEXT(2) 
PARAMETRIC_REPRESENTATION_CONTEXT() REPRESENTATION_CONTEXT('2D SPACE',''
  ) );
#2496 = PCURVE('',#751,#2497);
#2497 = DEFINITIONAL_REPRESENTATION('',(#2498),#2502);
#2498 = LINE('',#2499,#2500);
#2499 = CARTESIAN_POINT('',(0.,0.));
#2500 = VECTOR('',#2501,1.);
#2501 = DIRECTION('',(1.,0.));
#2502 = ( GEOMETRIC_REPRESENTATION_CONTEXT(2) 
PARAMETRIC_REPRESENTATION_CONTEXT() REPRESENTATION_CONTEXT('2D SPACE',''
  ) );
#2503 = ORIENTED_EDGE('',*,*,#763,.T.);
#2504 = ORIENTED_EDGE('',*,*,#2378,.T.);
#2505 = ORIENTED_EDGE('',*,*,#2506,.F.);
#2506 = EDGE_CURVE('',#2482,#2379,#2507,.T.);
#2507 = SURFACE_CURVE('',#2508,(#2512,#2519),.PCURVE_S1.);
#2508 = LINE('',#2509,#2510);
#2509 = CARTESIAN_POINT('',(66.90718180638,-5.469500841637,3.9));
#2510 = VECTOR('',#2511,1.);
#2511 = DIRECTION('',(0.,0.,1.));
#2512 = PCURVE('',#776,#2513);
#2513 = DEFINITIONAL_REPRESENTATION('',(#2514),#2518);
#2514 = LINE('',#2515,#2516);
#2515 = CARTESIAN_POINT('',(0.,3.4));
#2516 = VECTOR('',#2517,1.);
#2517 = DIRECTION('',(1.,0.));
#2518 = ( GEOMETRIC_REPRESENTATION_CONTEXT(2) 
PARAMETRIC_REPRESENTATION_CONTEXT() REPRESENTATION_CONTEXT('2D SPACE',''
  ) );
#2519 = PCURVE('',#2417,#2520);
#2520 = DEFINITIONAL_REPRESENTATION('',(#2521),#2525);
#2521 = LINE('',#2522,#2523);
#2522 = CARTESIAN_POINT('',(0.,0.));
#2523 = VECTOR('',#2524,1.);
#2524 = DIRECTION('',(1.,0.));
#2525 = ( GEOMETRIC_REPRESENTATION_CONTEXT(2) 
PARAMETRIC_REPRESENTATION_CONTEXT() REPRESENTATION_CONTEXT('2D SPACE',''
  ) );
#2526 = ADVANCED_FACE('',(#2527),#751,.F.);
#2527 = FACE_BOUND('',#2528,.F.);
#2528 = EDGE_LOOP('',(#2529,#2530,#2531,#2554));
#2529 = ORIENTED_EDGE('',*,*,#734,.F.);
#2530 = ORIENTED_EDGE('',*,*,#2481,.T.);
#2531 = ORIENTED_EDGE('',*,*,#2532,.T.);
#2532 = EDGE_CURVE('',#2482,#2533,#2535,.T.);
#2533 = VERTEX_POINT('',#2534);
#2534 = CARTESIAN_POINT('',(66.975541504616,-4.5,3.9));
#2535 = SURFACE_CURVE('',#2536,(#2540,#2547),.PCURVE_S1.);
#2536 = LINE('',#2537,#2538);
#2537 = CARTESIAN_POINT('',(66.90718180638,-5.469500841637,3.9));
#2538 = VECTOR('',#2539,1.);
#2539 = DIRECTION('',(7.033557349594E-02,0.997523386744,0.));
#2540 = PCURVE('',#751,#2541);
#2541 = DEFINITIONAL_REPRESENTATION('',(#2542),#2546);
#2542 = LINE('',#2543,#2544);
#2543 = CARTESIAN_POINT('',(3.4,0.));
#2544 = VECTOR('',#2545,1.);
#2545 = DIRECTION('',(0.,1.));
#2546 = ( GEOMETRIC_REPRESENTATION_CONTEXT(2) 
PARAMETRIC_REPRESENTATION_CONTEXT() REPRESENTATION_CONTEXT('2D SPACE',''
  ) );
#2547 = PCURVE('',#2417,#2548);
#2548 = DEFINITIONAL_REPRESENTATION('',(#2549),#2553);
#2549 = LINE('',#2550,#2551);
#2550 = CARTESIAN_POINT('',(0.,0.));
#2551 = VECTOR('',#2552,1.);
#2552 = DIRECTION('',(0.,-1.));
#2553 = ( GEOMETRIC_REPRESENTATION_CONTEXT(2) 
PARAMETRIC_REPRESENTATION_CONTEXT() REPRESENTATION_CONTEXT('2D SPACE',''
  ) );
#2554 = ORIENTED_EDGE('',*,*,#2555,.F.);
#2555 = EDGE_CURVE('',#709,#2533,#2556,.T.);
#2556 = SURFACE_CURVE('',#2557,(#2561,#2567),.PCURVE_S1.);
#2557 = LINE('',#2558,#2559);
#2558 = CARTESIAN_POINT('',(63.620890681436,-4.5,3.9));
#2559 = VECTOR('',#2560,1.);
#2560 = DIRECTION('',(1.,0.,0.));
#2561 = PCURVE('',#751,#2562);
#2562 = DEFINITIONAL_REPRESENTATION('',(#2563),#2566);
#2563 = B_SPLINE_CURVE_WITH_KNOTS('',1,(#2564,#2565),.UNSPECIFIED.,.F.,
  .F.,(2,2),(0.105288389986,3.35465082318),.PIECEWISE_BEZIER_KNOTS.);
#2564 = CARTESIAN_POINT('',(0.158684980882,0.743362111346));
#2565 = CARTESIAN_POINT('',(3.4,0.971907881581));
#2566 = ( GEOMETRIC_REPRESENTATION_CONTEXT(2) 
PARAMETRIC_REPRESENTATION_CONTEXT() REPRESENTATION_CONTEXT('2D SPACE',''
  ) );
#2567 = PCURVE('',#723,#2568);
#2568 = DEFINITIONAL_REPRESENTATION('',(#2569),#2572);
#2569 = B_SPLINE_CURVE_WITH_KNOTS('',1,(#2570,#2571),.UNSPECIFIED.,.F.,
  .F.,(2,2),(0.105288389986,3.35465082318),.PIECEWISE_BEZIER_KNOTS.);
#2570 = CARTESIAN_POINT('',(1.5,0.));
#2571 = CARTESIAN_POINT('',(1.5,3.249362433194));
#2572 = ( GEOMETRIC_REPRESENTATION_CONTEXT(2) 
PARAMETRIC_REPRESENTATION_CONTEXT() REPRESENTATION_CONTEXT('2D SPACE',''
  ) );
#2573 = ADVANCED_FACE('',(#2574),#723,.F.);
#2574 = FACE_BOUND('',#2575,.F.);
#2575 = EDGE_LOOP('',(#2576,#2577,#2600,#2621,#2622,#2623));
#2576 = ORIENTED_EDGE('',*,*,#2429,.T.);
#2577 = ORIENTED_EDGE('',*,*,#2578,.F.);
#2578 = EDGE_CURVE('',#2579,#2430,#2581,.T.);
#2579 = VERTEX_POINT('',#2580);
#2580 = CARTESIAN_POINT('',(67.126179071422,-4.5,2.4));
#2581 = SURFACE_CURVE('',#2582,(#2586,#2593),.PCURVE_S1.);
#2582 = LINE('',#2583,#2584);
#2583 = CARTESIAN_POINT('',(67.126179071422,-4.5,2.4));
#2584 = VECTOR('',#2585,1.);
#2585 = DIRECTION('',(0.,0.,1.));
#2586 = PCURVE('',#723,#2587);
#2587 = DEFINITIONAL_REPRESENTATION('',(#2588),#2592);
#2588 = LINE('',#2589,#2590);
#2589 = CARTESIAN_POINT('',(0.,3.4));
#2590 = VECTOR('',#2591,1.);
#2591 = DIRECTION('',(1.,0.));
#2592 = ( GEOMETRIC_REPRESENTATION_CONTEXT(2) 
PARAMETRIC_REPRESENTATION_CONTEXT() REPRESENTATION_CONTEXT('2D SPACE',''
  ) );
#2593 = PCURVE('',#2466,#2594);
#2594 = DEFINITIONAL_REPRESENTATION('',(#2595),#2599);
#2595 = LINE('',#2596,#2597);
#2596 = CARTESIAN_POINT('',(0.,0.));
#2597 = VECTOR('',#2598,1.);
#2598 = DIRECTION('',(1.,0.));
#2599 = ( GEOMETRIC_REPRESENTATION_CONTEXT(2) 
PARAMETRIC_REPRESENTATION_CONTEXT() REPRESENTATION_CONTEXT('2D SPACE',''
  ) );
#2600 = ORIENTED_EDGE('',*,*,#2601,.F.);
#2601 = EDGE_CURVE('',#685,#2579,#2602,.T.);
#2602 = SURFACE_CURVE('',#2603,(#2607,#2614),.PCURVE_S1.);
#2603 = LINE('',#2604,#2605);
#2604 = CARTESIAN_POINT('',(63.726179071422,-4.5,2.4));
#2605 = VECTOR('',#2606,1.);
#2606 = DIRECTION('',(1.,0.,0.));
#2607 = PCURVE('',#723,#2608);
#2608 = DEFINITIONAL_REPRESENTATION('',(#2609),#2613);
#2609 = LINE('',#2610,#2611);
#2610 = CARTESIAN_POINT('',(0.,0.));
#2611 = VECTOR('',#2612,1.);
#2612 = DIRECTION('',(0.,1.));
#2613 = ( GEOMETRIC_REPRESENTATION_CONTEXT(2) 
PARAMETRIC_REPRESENTATION_CONTEXT() REPRESENTATION_CONTEXT('2D SPACE',''
  ) );
#2614 = PCURVE('',#649,#2615);
#2615 = DEFINITIONAL_REPRESENTATION('',(#2616),#2620);
#2616 = LINE('',#2617,#2618);
#2617 = CARTESIAN_POINT('',(0.,0.));
#2618 = VECTOR('',#2619,1.);
#2619 = DIRECTION('',(1.,0.));
#2620 = ( GEOMETRIC_REPRESENTATION_CONTEXT(2) 
PARAMETRIC_REPRESENTATION_CONTEXT() REPRESENTATION_CONTEXT('2D SPACE',''
  ) );
#2621 = ORIENTED_EDGE('',*,*,#708,.T.);
#2622 = ORIENTED_EDGE('',*,*,#2555,.T.);
#2623 = ORIENTED_EDGE('',*,*,#2624,.F.);
#2624 = EDGE_CURVE('',#2402,#2533,#2625,.T.);
#2625 = SURFACE_CURVE('',#2626,(#2630,#2636),.PCURVE_S1.);
#2626 = LINE('',#2627,#2628);
#2627 = CARTESIAN_POINT('',(66.975541504616,-4.5,3.15));
#2628 = VECTOR('',#2629,1.);
#2629 = DIRECTION('',(0.,0.,-1.));
#2630 = PCURVE('',#723,#2631);
#2631 = DEFINITIONAL_REPRESENTATION('',(#2632),#2635);
#2632 = B_SPLINE_CURVE_WITH_KNOTS('',1,(#2633,#2634),.UNSPECIFIED.,.F.,
  .F.,(2,2),(-2.25,-0.75),.PIECEWISE_BEZIER_KNOTS.);
#2633 = CARTESIAN_POINT('',(3.,3.249362433194));
#2634 = CARTESIAN_POINT('',(1.5,3.249362433194));
#2635 = ( GEOMETRIC_REPRESENTATION_CONTEXT(2) 
PARAMETRIC_REPRESENTATION_CONTEXT() REPRESENTATION_CONTEXT('2D SPACE',''
  ) );
#2636 = PCURVE('',#2417,#2637);
#2637 = DEFINITIONAL_REPRESENTATION('',(#2638),#2641);
#2638 = B_SPLINE_CURVE_WITH_KNOTS('',1,(#2639,#2640),.UNSPECIFIED.,.F.,
  .F.,(2,2),(-2.25,-0.75),.PIECEWISE_BEZIER_KNOTS.);
#2639 = CARTESIAN_POINT('',(1.5,-0.971907881581));
#2640 = CARTESIAN_POINT('',(0.,-0.971907881581));
#2641 = ( GEOMETRIC_REPRESENTATION_CONTEXT(2) 
PARAMETRIC_REPRESENTATION_CONTEXT() REPRESENTATION_CONTEXT('2D SPACE',''
  ) );
#2642 = ADVANCED_FACE('',(#2643),#649,.F.);
#2643 = FACE_BOUND('',#2644,.F.);
#2644 = EDGE_LOOP('',(#2645,#2668,#2669,#2670,#2671));
#2645 = ORIENTED_EDGE('',*,*,#2646,.F.);
#2646 = EDGE_CURVE('',#607,#2647,#2649,.T.);
#2647 = VERTEX_POINT('',#2648);
#2648 = CARTESIAN_POINT('',(67.126179071422,4.5,2.4));
#2649 = SURFACE_CURVE('',#2650,(#2654,#2661),.PCURVE_S1.);
#2650 = LINE('',#2651,#2652);
#2651 = CARTESIAN_POINT('',(63.726179071422,4.5,2.4));
#2652 = VECTOR('',#2653,1.);
#2653 = DIRECTION('',(1.,0.,0.));
#2654 = PCURVE('',#649,#2655);
#2655 = DEFINITIONAL_REPRESENTATION('',(#2656),#2660);
#2656 = LINE('',#2657,#2658);
#2657 = CARTESIAN_POINT('',(0.,9.));
#2658 = VECTOR('',#2659,1.);
#2659 = DIRECTION('',(1.,0.));
#2660 = ( GEOMETRIC_REPRESENTATION_CONTEXT(2) 
PARAMETRIC_REPRESENTATION_CONTEXT() REPRESENTATION_CONTEXT('2D SPACE',''
  ) );
#2661 = PCURVE('',#621,#2662);
#2662 = DEFINITIONAL_REPRESENTATION('',(#2663),#2667);
#2663 = LINE('',#2664,#2665);
#2664 = CARTESIAN_POINT('',(0.,0.));
#2665 = VECTOR('',#2666,1.);
#2666 = DIRECTION('',(0.,1.));
#2667 = ( GEOMETRIC_REPRESENTATION_CONTEXT(2) 
PARAMETRIC_REPRESENTATION_CONTEXT() REPRESENTATION_CONTEXT('2D SPACE',''
  ) );
#2668 = ORIENTED_EDGE('',*,*,#632,.F.);
#2669 = ORIENTED_EDGE('',*,*,#684,.F.);
#2670 = ORIENTED_EDGE('',*,*,#2601,.T.);
#2671 = ORIENTED_EDGE('',*,*,#2672,.T.);
#2672 = EDGE_CURVE('',#2579,#2647,#2673,.T.);
#2673 = SURFACE_CURVE('',#2674,(#2678,#2685),.PCURVE_S1.);
#2674 = LINE('',#2675,#2676);
#2675 = CARTESIAN_POINT('',(67.126179071422,-4.5,2.4));
#2676 = VECTOR('',#2677,1.);
#2677 = DIRECTION('',(0.,1.,0.));
#2678 = PCURVE('',#649,#2679);
#2679 = DEFINITIONAL_REPRESENTATION('',(#2680),#2684);
#2680 = LINE('',#2681,#2682);
#2681 = CARTESIAN_POINT('',(3.4,0.));
#2682 = VECTOR('',#2683,1.);
#2683 = DIRECTION('',(0.,1.));
#2684 = ( GEOMETRIC_REPRESENTATION_CONTEXT(2) 
PARAMETRIC_REPRESENTATION_CONTEXT() REPRESENTATION_CONTEXT('2D SPACE',''
  ) );
#2685 = PCURVE('',#2466,#2686);
#2686 = DEFINITIONAL_REPRESENTATION('',(#2687),#2691);
#2687 = LINE('',#2688,#2689);
#2688 = CARTESIAN_POINT('',(0.,0.));
#2689 = VECTOR('',#2690,1.);
#2690 = DIRECTION('',(0.,-1.));
#2691 = ( GEOMETRIC_REPRESENTATION_CONTEXT(2) 
PARAMETRIC_REPRESENTATION_CONTEXT() REPRESENTATION_CONTEXT('2D SPACE',''
  ) );
#2692 = ADVANCED_FACE('',(#2693),#621,.T.);
#2693 = FACE_BOUND('',#2694,.T.);
#2694 = EDGE_LOOP('',(#2695,#2696,#2697,#2698));
#2695 = ORIENTED_EDGE('',*,*,#2646,.F.);
#2696 = ORIENTED_EDGE('',*,*,#606,.T.);
#2697 = ORIENTED_EDGE('',*,*,#2353,.T.);
#2698 = ORIENTED_EDGE('',*,*,#2699,.F.);
#2699 = EDGE_CURVE('',#2647,#2354,#2700,.T.);
#2700 = SURFACE_CURVE('',#2701,(#2705,#2712),.PCURVE_S1.);
#2701 = LINE('',#2702,#2703);
#2702 = CARTESIAN_POINT('',(67.126179071422,4.5,2.4));
#2703 = VECTOR('',#2704,1.);
#2704 = DIRECTION('',(0.,0.,1.));
#2705 = PCURVE('',#621,#2706);
#2706 = DEFINITIONAL_REPRESENTATION('',(#2707),#2711);
#2707 = LINE('',#2708,#2709);
#2708 = CARTESIAN_POINT('',(0.,3.4));
#2709 = VECTOR('',#2710,1.);
#2710 = DIRECTION('',(1.,0.));
#2711 = ( GEOMETRIC_REPRESENTATION_CONTEXT(2) 
PARAMETRIC_REPRESENTATION_CONTEXT() REPRESENTATION_CONTEXT('2D SPACE',''
  ) );
#2712 = PCURVE('',#2466,#2713);
#2713 = DEFINITIONAL_REPRESENTATION('',(#2714),#2718);
#2714 = LINE('',#2715,#2716);
#2715 = CARTESIAN_POINT('',(0.,-9.));
#2716 = VECTOR('',#2717,1.);
#2717 = DIRECTION('',(1.,0.));
#2718 = ( GEOMETRIC_REPRESENTATION_CONTEXT(2) 
PARAMETRIC_REPRESENTATION_CONTEXT() REPRESENTATION_CONTEXT('2D SPACE',''
  ) );
#2719 = ADVANCED_FACE('',(#2720,#2723),#569,.T.);
#2720 = FACE_BOUND('',#2721,.T.);
#2721 = EDGE_LOOP('',(#2722));
#2722 = ORIENTED_EDGE('',*,*,#554,.T.);
#2723 = FACE_BOUND('',#2724,.T.);
#2724 = EDGE_LOOP('',(#2725));
#2725 = ORIENTED_EDGE('',*,*,#2726,.F.);
#2726 = EDGE_CURVE('',#2727,#2727,#2729,.T.);
#2727 = VERTEX_POINT('',#2728);
#2728 = CARTESIAN_POINT('',(60.926179071422,-1.492261003682E-14,7.));
#2729 = SURFACE_CURVE('',#2730,(#2735,#2742),.PCURVE_S1.);
#2730 = CIRCLE('',#2731,60.926179071422);
#2731 = AXIS2_PLACEMENT_3D('',#2732,#2733,#2734);
#2732 = CARTESIAN_POINT('',(0.,0.,7.));
#2733 = DIRECTION('',(0.,0.,1.));
#2734 = DIRECTION('',(1.,0.,-0.));
#2735 = PCURVE('',#569,#2736);
#2736 = DEFINITIONAL_REPRESENTATION('',(#2737),#2741);
#2737 = CIRCLE('',#2738,60.926179071422);
#2738 = AXIS2_PLACEMENT_2D('',#2739,#2740);
#2739 = CARTESIAN_POINT('',(0.,0.));
#2740 = DIRECTION('',(1.,0.));
#2741 = ( GEOMETRIC_REPRESENTATION_CONTEXT(2) 
PARAMETRIC_REPRESENTATION_CONTEXT() REPRESENTATION_CONTEXT('2D SPACE',''
  ) );
#2742 = PCURVE('',#2743,#2748);
#2743 = CYLINDRICAL_SURFACE('',#2744,60.926179071422);
#2744 = AXIS2_PLACEMENT_3D('',#2745,#2746,#2747);
#2745 = CARTESIAN_POINT('',(0.,0.,-3.1));
#2746 = DIRECTION('',(0.,0.,1.));
#2747 = DIRECTION('',(1.,0.,-0.));
#2748 = DEFINITIONAL_REPRESENTATION('',(#2749),#2753);
#2749 = LINE('',#2750,#2751);
#2750 = CARTESIAN_POINT('',(0.,10.1));
#2751 = VECTOR('',#2752,1.);
#2752 = DIRECTION('',(1.,0.));
#2753 = ( GEOMETRIC_REPRESENTATION_CONTEXT(2) 
PARAMETRIC_REPRESENTATION_CONTEXT() REPRESENTATION_CONTEXT('2D SPACE',''
  ) );
#2754 = ADVANCED_FACE('',(#2755),#808,.F.);
#2755 = FACE_BOUND('',#2756,.F.);
#2756 = EDGE_LOOP('',(#2757,#2780,#2781,#2804));
#2757 = ORIENTED_EDGE('',*,*,#2758,.F.);
#2758 = EDGE_CURVE('',#792,#2759,#2761,.T.);
#2759 = VERTEX_POINT('',#2760);
#2760 = CARTESIAN_POINT('',(-37.46020385274,55.882976334835,2.4));
#2761 = SURFACE_CURVE('',#2762,(#2766,#2773),.PCURVE_S1.);
#2762 = LINE('',#2763,#2764);
#2763 = CARTESIAN_POINT('',(-35.76020385274,52.938489961968,2.4));
#2764 = VECTOR('',#2765,1.);
#2765 = DIRECTION('',(-0.5,0.866025403784,0.));
#2766 = PCURVE('',#808,#2767);
#2767 = DEFINITIONAL_REPRESENTATION('',(#2768),#2772);
#2768 = LINE('',#2769,#2770);
#2769 = CARTESIAN_POINT('',(0.,9.));
#2770 = VECTOR('',#2771,1.);
#2771 = DIRECTION('',(1.,0.));
#2772 = ( GEOMETRIC_REPRESENTATION_CONTEXT(2) 
PARAMETRIC_REPRESENTATION_CONTEXT() REPRESENTATION_CONTEXT('2D SPACE',''
  ) );
#2773 = PCURVE('',#943,#2774);
#2774 = DEFINITIONAL_REPRESENTATION('',(#2775),#2779);
#2775 = LINE('',#2776,#2777);
#2776 = CARTESIAN_POINT('',(0.,0.));
#2777 = VECTOR('',#2778,1.);
#2778 = DIRECTION('',(0.,1.));
#2779 = ( GEOMETRIC_REPRESENTATION_CONTEXT(2) 
PARAMETRIC_REPRESENTATION_CONTEXT() REPRESENTATION_CONTEXT('2D SPACE',''
  ) );
#2780 = ORIENTED_EDGE('',*,*,#789,.F.);
#2781 = ORIENTED_EDGE('',*,*,#2782,.T.);
#2782 = EDGE_CURVE('',#790,#2783,#2785,.T.);
#2783 = VERTEX_POINT('',#2784);
#2784 = CARTESIAN_POINT('',(-29.66597521868,60.382976334835,2.4));
#2785 = SURFACE_CURVE('',#2786,(#2790,#2797),.PCURVE_S1.);
#2786 = LINE('',#2787,#2788);
#2787 = CARTESIAN_POINT('',(-27.96597521868,57.438489961968,2.4));
#2788 = VECTOR('',#2789,1.);
#2789 = DIRECTION('',(-0.5,0.866025403784,0.));
#2790 = PCURVE('',#808,#2791);
#2791 = DEFINITIONAL_REPRESENTATION('',(#2792),#2796);
#2792 = LINE('',#2793,#2794);
#2793 = CARTESIAN_POINT('',(0.,0.));
#2794 = VECTOR('',#2795,1.);
#2795 = DIRECTION('',(1.,0.));
#2796 = ( GEOMETRIC_REPRESENTATION_CONTEXT(2) 
PARAMETRIC_REPRESENTATION_CONTEXT() REPRESENTATION_CONTEXT('2D SPACE',''
  ) );
#2797 = PCURVE('',#835,#2798);
#2798 = DEFINITIONAL_REPRESENTATION('',(#2799),#2803);
#2799 = LINE('',#2800,#2801);
#2800 = CARTESIAN_POINT('',(0.,0.));
#2801 = VECTOR('',#2802,1.);
#2802 = DIRECTION('',(0.,1.));
#2803 = ( GEOMETRIC_REPRESENTATION_CONTEXT(2) 
PARAMETRIC_REPRESENTATION_CONTEXT() REPRESENTATION_CONTEXT('2D SPACE',''
  ) );
#2804 = ORIENTED_EDGE('',*,*,#2805,.T.);
#2805 = EDGE_CURVE('',#2783,#2759,#2806,.T.);
#2806 = SURFACE_CURVE('',#2807,(#2811,#2818),.PCURVE_S1.);
#2807 = LINE('',#2808,#2809);
#2808 = CARTESIAN_POINT('',(-29.66597521868,60.382976334835,2.4));
#2809 = VECTOR('',#2810,1.);
#2810 = DIRECTION('',(-0.866025403784,-0.5,0.));
#2811 = PCURVE('',#808,#2812);
#2812 = DEFINITIONAL_REPRESENTATION('',(#2813),#2817);
#2813 = LINE('',#2814,#2815);
#2814 = CARTESIAN_POINT('',(3.4,0.));
#2815 = VECTOR('',#2816,1.);
#2816 = DIRECTION('',(0.,1.));
#2817 = ( GEOMETRIC_REPRESENTATION_CONTEXT(2) 
PARAMETRIC_REPRESENTATION_CONTEXT() REPRESENTATION_CONTEXT('2D SPACE',''
  ) );
#2818 = PCURVE('',#2819,#2824);
#2819 = PLANE('',#2820);
#2820 = AXIS2_PLACEMENT_3D('',#2821,#2822,#2823);
#2821 = CARTESIAN_POINT('',(-29.66597521868,60.382976334835,2.4));
#2822 = DIRECTION('',(-0.5,0.866025403784,0.));
#2823 = DIRECTION('',(0.,0.,1.));
#2824 = DEFINITIONAL_REPRESENTATION('',(#2825),#2829);
#2825 = LINE('',#2826,#2827);
#2826 = CARTESIAN_POINT('',(0.,0.));
#2827 = VECTOR('',#2828,1.);
#2828 = DIRECTION('',(0.,-1.));
#2829 = ( GEOMETRIC_REPRESENTATION_CONTEXT(2) 
PARAMETRIC_REPRESENTATION_CONTEXT() REPRESENTATION_CONTEXT('2D SPACE',''
  ) );
#2830 = ADVANCED_FACE('',(#2831),#835,.F.);
#2831 = FACE_BOUND('',#2832,.F.);
#2832 = EDGE_LOOP('',(#2833,#2858,#2879,#2880,#2881,#2902));
#2833 = ORIENTED_EDGE('',*,*,#2834,.T.);
#2834 = EDGE_CURVE('',#2835,#2837,#2839,.T.);
#2835 = VERTEX_POINT('',#2836);
#2836 = CARTESIAN_POINT('',(-29.59065643527,60.252520375217,5.4));
#2837 = VERTEX_POINT('',#2838);
#2838 = CARTESIAN_POINT('',(-29.66597521868,60.382976334835,5.4));
#2839 = SURFACE_CURVE('',#2840,(#2844,#2851),.PCURVE_S1.);
#2840 = LINE('',#2841,#2842);
#2841 = CARTESIAN_POINT('',(-27.96597521868,57.438489961968,5.4));
#2842 = VECTOR('',#2843,1.);
#2843 = DIRECTION('',(-0.5,0.866025403784,0.));
#2844 = PCURVE('',#835,#2845);
#2845 = DEFINITIONAL_REPRESENTATION('',(#2846),#2850);
#2846 = LINE('',#2847,#2848);
#2847 = CARTESIAN_POINT('',(3.,0.));
#2848 = VECTOR('',#2849,1.);
#2849 = DIRECTION('',(0.,1.));
#2850 = ( GEOMETRIC_REPRESENTATION_CONTEXT(2) 
PARAMETRIC_REPRESENTATION_CONTEXT() REPRESENTATION_CONTEXT('2D SPACE',''
  ) );
#2851 = PCURVE('',#918,#2852);
#2852 = DEFINITIONAL_REPRESENTATION('',(#2853),#2857);
#2853 = LINE('',#2854,#2855);
#2854 = CARTESIAN_POINT('',(0.,0.));
#2855 = VECTOR('',#2856,1.);
#2856 = DIRECTION('',(1.,0.));
#2857 = ( GEOMETRIC_REPRESENTATION_CONTEXT(2) 
PARAMETRIC_REPRESENTATION_CONTEXT() REPRESENTATION_CONTEXT('2D SPACE',''
  ) );
#2858 = ORIENTED_EDGE('',*,*,#2859,.F.);
#2859 = EDGE_CURVE('',#2783,#2837,#2860,.T.);
#2860 = SURFACE_CURVE('',#2861,(#2865,#2872),.PCURVE_S1.);
#2861 = LINE('',#2862,#2863);
#2862 = CARTESIAN_POINT('',(-29.66597521868,60.382976334835,2.4));
#2863 = VECTOR('',#2864,1.);
#2864 = DIRECTION('',(0.,0.,1.));
#2865 = PCURVE('',#835,#2866);
#2866 = DEFINITIONAL_REPRESENTATION('',(#2867),#2871);
#2867 = LINE('',#2868,#2869);
#2868 = CARTESIAN_POINT('',(0.,3.4));
#2869 = VECTOR('',#2870,1.);
#2870 = DIRECTION('',(1.,0.));
#2871 = ( GEOMETRIC_REPRESENTATION_CONTEXT(2) 
PARAMETRIC_REPRESENTATION_CONTEXT() REPRESENTATION_CONTEXT('2D SPACE',''
  ) );
#2872 = PCURVE('',#2819,#2873);
#2873 = DEFINITIONAL_REPRESENTATION('',(#2874),#2878);
#2874 = LINE('',#2875,#2876);
#2875 = CARTESIAN_POINT('',(0.,0.));
#2876 = VECTOR('',#2877,1.);
#2877 = DIRECTION('',(1.,0.));
#2878 = ( GEOMETRIC_REPRESENTATION_CONTEXT(2) 
PARAMETRIC_REPRESENTATION_CONTEXT() REPRESENTATION_CONTEXT('2D SPACE',''
  ) );
#2879 = ORIENTED_EDGE('',*,*,#2782,.F.);
#2880 = ORIENTED_EDGE('',*,*,#820,.T.);
#2881 = ORIENTED_EDGE('',*,*,#2882,.T.);
#2882 = EDGE_CURVE('',#821,#2883,#2885,.T.);
#2883 = VERTEX_POINT('',#2884);
#2884 = CARTESIAN_POINT('',(-29.59065643527,60.252520375217,3.9));
#2885 = SURFACE_CURVE('',#2886,(#2890,#2896),.PCURVE_S1.);
#2886 = LINE('',#2887,#2888);
#2887 = CARTESIAN_POINT('',(-27.91333102368,57.347307541517,3.9));
#2888 = VECTOR('',#2889,1.);
#2889 = DIRECTION('',(-0.5,0.866025403784,0.));
#2890 = PCURVE('',#835,#2891);
#2891 = DEFINITIONAL_REPRESENTATION('',(#2892),#2895);
#2892 = B_SPLINE_CURVE_WITH_KNOTS('',1,(#2893,#2894),.UNSPECIFIED.,.F.,
  .F.,(2,2),(0.105288389986,3.35465082318),.PIECEWISE_BEZIER_KNOTS.);
#2893 = CARTESIAN_POINT('',(1.5,0.));
#2894 = CARTESIAN_POINT('',(1.5,3.249362433194));
#2895 = ( GEOMETRIC_REPRESENTATION_CONTEXT(2) 
PARAMETRIC_REPRESENTATION_CONTEXT() REPRESENTATION_CONTEXT('2D SPACE',''
  ) );
#2896 = PCURVE('',#863,#2897);
#2897 = DEFINITIONAL_REPRESENTATION('',(#2898),#2901);
#2898 = B_SPLINE_CURVE_WITH_KNOTS('',1,(#2899,#2900),.UNSPECIFIED.,.F.,
  .F.,(2,2),(0.105288389986,3.35465082318),.PIECEWISE_BEZIER_KNOTS.);
#2899 = CARTESIAN_POINT('',(0.158684980882,0.743362111346));
#2900 = CARTESIAN_POINT('',(3.4,0.971907881581));
#2901 = ( GEOMETRIC_REPRESENTATION_CONTEXT(2) 
PARAMETRIC_REPRESENTATION_CONTEXT() REPRESENTATION_CONTEXT('2D SPACE',''
  ) );
#2902 = ORIENTED_EDGE('',*,*,#2903,.F.);
#2903 = EDGE_CURVE('',#2835,#2883,#2904,.T.);
#2904 = SURFACE_CURVE('',#2905,(#2909,#2915),.PCURVE_S1.);
#2905 = LINE('',#2906,#2907);
#2906 = CARTESIAN_POINT('',(-29.59065643527,60.252520375217,3.15));
#2907 = VECTOR('',#2908,1.);
#2908 = DIRECTION('',(-0.,0.,-1.));
#2909 = PCURVE('',#835,#2910);
#2910 = DEFINITIONAL_REPRESENTATION('',(#2911),#2914);
#2911 = B_SPLINE_CURVE_WITH_KNOTS('',1,(#2912,#2913),.UNSPECIFIED.,.F.,
  .F.,(2,2),(-2.25,-0.75),.PIECEWISE_BEZIER_KNOTS.);
#2912 = CARTESIAN_POINT('',(3.,3.249362433194));
#2913 = CARTESIAN_POINT('',(1.5,3.249362433194));
#2914 = ( GEOMETRIC_REPRESENTATION_CONTEXT(2) 
PARAMETRIC_REPRESENTATION_CONTEXT() REPRESENTATION_CONTEXT('2D SPACE',''
  ) );
#2915 = PCURVE('',#2916,#2921);
#2916 = PLANE('',#2917);
#2917 = AXIS2_PLACEMENT_3D('',#2918,#2919,#2920);
#2918 = CARTESIAN_POINT('',(-28.71686422831,60.678069560768,3.9));
#2919 = DIRECTION('',(-0.437849299935,0.899048380537,0.));
#2920 = DIRECTION('',(0.,0.,1.));
#2921 = DEFINITIONAL_REPRESENTATION('',(#2922),#2925);
#2922 = B_SPLINE_CURVE_WITH_KNOTS('',1,(#2923,#2924),.UNSPECIFIED.,.F.,
  .F.,(2,2),(-2.25,-0.75),.PIECEWISE_BEZIER_KNOTS.);
#2923 = CARTESIAN_POINT('',(1.5,-0.971907881581));
#2924 = CARTESIAN_POINT('',(0.,-0.971907881581));
#2925 = ( GEOMETRIC_REPRESENTATION_CONTEXT(2) 
PARAMETRIC_REPRESENTATION_CONTEXT() REPRESENTATION_CONTEXT('2D SPACE',''
  ) );
#2926 = ADVANCED_FACE('',(#2927),#943,.T.);
#2927 = FACE_BOUND('',#2928,.T.);
#2928 = EDGE_LOOP('',(#2929,#2930,#2931,#2954));
#2929 = ORIENTED_EDGE('',*,*,#2758,.F.);
#2930 = ORIENTED_EDGE('',*,*,#930,.T.);
#2931 = ORIENTED_EDGE('',*,*,#2932,.T.);
#2932 = EDGE_CURVE('',#902,#2933,#2935,.T.);
#2933 = VERTEX_POINT('',#2934);
#2934 = CARTESIAN_POINT('',(-37.46020385274,55.882976334835,5.4));
#2935 = SURFACE_CURVE('',#2936,(#2940,#2947),.PCURVE_S1.);
#2936 = LINE('',#2937,#2938);
#2937 = CARTESIAN_POINT('',(-35.76020385274,52.938489961968,5.4));
#2938 = VECTOR('',#2939,1.);
#2939 = DIRECTION('',(-0.5,0.866025403784,0.));
#2940 = PCURVE('',#943,#2941);
#2941 = DEFINITIONAL_REPRESENTATION('',(#2942),#2946);
#2942 = LINE('',#2943,#2944);
#2943 = CARTESIAN_POINT('',(3.,0.));
#2944 = VECTOR('',#2945,1.);
#2945 = DIRECTION('',(0.,1.));
#2946 = ( GEOMETRIC_REPRESENTATION_CONTEXT(2) 
PARAMETRIC_REPRESENTATION_CONTEXT() REPRESENTATION_CONTEXT('2D SPACE',''
  ) );
#2947 = PCURVE('',#918,#2948);
#2948 = DEFINITIONAL_REPRESENTATION('',(#2949),#2953);
#2949 = LINE('',#2950,#2951);
#2950 = CARTESIAN_POINT('',(-2.22044604925E-15,9.));
#2951 = VECTOR('',#2952,1.);
#2952 = DIRECTION('',(1.,0.));
#2953 = ( GEOMETRIC_REPRESENTATION_CONTEXT(2) 
PARAMETRIC_REPRESENTATION_CONTEXT() REPRESENTATION_CONTEXT('2D SPACE',''
  ) );
#2954 = ORIENTED_EDGE('',*,*,#2955,.F.);
#2955 = EDGE_CURVE('',#2759,#2933,#2956,.T.);
#2956 = SURFACE_CURVE('',#2957,(#2961,#2968),.PCURVE_S1.);
#2957 = LINE('',#2958,#2959);
#2958 = CARTESIAN_POINT('',(-37.46020385274,55.882976334835,2.4));
#2959 = VECTOR('',#2960,1.);
#2960 = DIRECTION('',(0.,0.,1.));
#2961 = PCURVE('',#943,#2962);
#2962 = DEFINITIONAL_REPRESENTATION('',(#2963),#2967);
#2963 = LINE('',#2964,#2965);
#2964 = CARTESIAN_POINT('',(0.,3.4));
#2965 = VECTOR('',#2966,1.);
#2966 = DIRECTION('',(1.,0.));
#2967 = ( GEOMETRIC_REPRESENTATION_CONTEXT(2) 
PARAMETRIC_REPRESENTATION_CONTEXT() REPRESENTATION_CONTEXT('2D SPACE',''
  ) );
#2968 = PCURVE('',#2819,#2969);
#2969 = DEFINITIONAL_REPRESENTATION('',(#2970),#2974);
#2970 = LINE('',#2971,#2972);
#2971 = CARTESIAN_POINT('',(0.,-9.));
#2972 = VECTOR('',#2973,1.);
#2973 = DIRECTION('',(1.,0.));
#2974 = ( GEOMETRIC_REPRESENTATION_CONTEXT(2) 
PARAMETRIC_REPRESENTATION_CONTEXT() REPRESENTATION_CONTEXT('2D SPACE',''
  ) );
#2975 = ADVANCED_FACE('',(#2976),#863,.F.);
#2976 = FACE_BOUND('',#2977,.F.);
#2977 = EDGE_LOOP('',(#2978,#2979,#3002,#3023));
#2978 = ORIENTED_EDGE('',*,*,#846,.F.);
#2979 = ORIENTED_EDGE('',*,*,#2980,.T.);
#2980 = EDGE_CURVE('',#847,#2981,#2983,.T.);
#2981 = VERTEX_POINT('',#2982);
#2982 = CARTESIAN_POINT('',(-28.71686422831,60.678069560768,3.9));
#2983 = SURFACE_CURVE('',#2984,(#2988,#2995),.PCURVE_S1.);
#2984 = LINE('',#2985,#2986);
#2985 = CARTESIAN_POINT('',(-27.22817660853,57.621305066941,3.9));
#2986 = VECTOR('',#2987,1.);
#2987 = DIRECTION('',(-0.437849299935,0.899048380537,0.));
#2988 = PCURVE('',#863,#2989);
#2989 = DEFINITIONAL_REPRESENTATION('',(#2990),#2994);
#2990 = LINE('',#2991,#2992);
#2991 = CARTESIAN_POINT('',(0.,0.));
#2992 = VECTOR('',#2993,1.);
#2993 = DIRECTION('',(1.,0.));
#2994 = ( GEOMETRIC_REPRESENTATION_CONTEXT(2) 
PARAMETRIC_REPRESENTATION_CONTEXT() REPRESENTATION_CONTEXT('2D SPACE',''
  ) );
#2995 = PCURVE('',#890,#2996);
#2996 = DEFINITIONAL_REPRESENTATION('',(#2997),#3001);
#2997 = LINE('',#2998,#2999);
#2998 = CARTESIAN_POINT('',(0.,0.));
#2999 = VECTOR('',#3000,1.);
#3000 = DIRECTION('',(0.,1.));
#3001 = ( GEOMETRIC_REPRESENTATION_CONTEXT(2) 
PARAMETRIC_REPRESENTATION_CONTEXT() REPRESENTATION_CONTEXT('2D SPACE',''
  ) );
#3002 = ORIENTED_EDGE('',*,*,#3003,.T.);
#3003 = EDGE_CURVE('',#2981,#2883,#3004,.T.);
#3004 = SURFACE_CURVE('',#3005,(#3009,#3016),.PCURVE_S1.);
#3005 = LINE('',#3006,#3007);
#3006 = CARTESIAN_POINT('',(-28.71686422831,60.678069560768,3.9));
#3007 = VECTOR('',#3008,1.);
#3008 = DIRECTION('',(-0.899048380537,-0.437849299935,0.));
#3009 = PCURVE('',#863,#3010);
#3010 = DEFINITIONAL_REPRESENTATION('',(#3011),#3015);
#3011 = LINE('',#3012,#3013);
#3012 = CARTESIAN_POINT('',(3.4,0.));
#3013 = VECTOR('',#3014,1.);
#3014 = DIRECTION('',(0.,1.));
#3015 = ( GEOMETRIC_REPRESENTATION_CONTEXT(2) 
PARAMETRIC_REPRESENTATION_CONTEXT() REPRESENTATION_CONTEXT('2D SPACE',''
  ) );
#3016 = PCURVE('',#2916,#3017);
#3017 = DEFINITIONAL_REPRESENTATION('',(#3018),#3022);
#3018 = LINE('',#3019,#3020);
#3019 = CARTESIAN_POINT('',(0.,0.));
#3020 = VECTOR('',#3021,1.);
#3021 = DIRECTION('',(0.,-1.));
#3022 = ( GEOMETRIC_REPRESENTATION_CONTEXT(2) 
PARAMETRIC_REPRESENTATION_CONTEXT() REPRESENTATION_CONTEXT('2D SPACE',''
  ) );
#3023 = ORIENTED_EDGE('',*,*,#2882,.F.);
#3024 = ADVANCED_FACE('',(#3025),#918,.T.);
#3025 = FACE_BOUND('',#3026,.T.);
#3026 = EDGE_LOOP('',(#3027,#3028,#3029,#3052,#3073,#3074));
#3027 = ORIENTED_EDGE('',*,*,#2932,.F.);
#3028 = ORIENTED_EDGE('',*,*,#901,.F.);
#3029 = ORIENTED_EDGE('',*,*,#3030,.T.);
#3030 = EDGE_CURVE('',#876,#3031,#3033,.T.);
#3031 = VERTEX_POINT('',#3032);
#3032 = CARTESIAN_POINT('',(-28.71686422831,60.678069560768,5.4));
#3033 = SURFACE_CURVE('',#3034,(#3038,#3045),.PCURVE_S1.);
#3034 = LINE('',#3035,#3036);
#3035 = CARTESIAN_POINT('',(-27.22817660853,57.621305066941,5.4));
#3036 = VECTOR('',#3037,1.);
#3037 = DIRECTION('',(-0.437849299935,0.899048380537,0.));
#3038 = PCURVE('',#918,#3039);
#3039 = DEFINITIONAL_REPRESENTATION('',(#3040),#3044);
#3040 = LINE('',#3041,#3042);
#3041 = CARTESIAN_POINT('',(-0.210576779972,-0.730359891751));
#3042 = VECTOR('',#3043,1.);
#3043 = DIRECTION('',(0.997523386744,-7.033557349594E-02));
#3044 = ( GEOMETRIC_REPRESENTATION_CONTEXT(2) 
PARAMETRIC_REPRESENTATION_CONTEXT() REPRESENTATION_CONTEXT('2D SPACE',''
  ) );
#3045 = PCURVE('',#890,#3046);
#3046 = DEFINITIONAL_REPRESENTATION('',(#3047),#3051);
#3047 = LINE('',#3048,#3049);
#3048 = CARTESIAN_POINT('',(1.5,0.));
#3049 = VECTOR('',#3050,1.);
#3050 = DIRECTION('',(0.,1.));
#3051 = ( GEOMETRIC_REPRESENTATION_CONTEXT(2) 
PARAMETRIC_REPRESENTATION_CONTEXT() REPRESENTATION_CONTEXT('2D SPACE',''
  ) );
#3052 = ORIENTED_EDGE('',*,*,#3053,.T.);
#3053 = EDGE_CURVE('',#3031,#2835,#3054,.T.);
#3054 = SURFACE_CURVE('',#3055,(#3059,#3066),.PCURVE_S1.);
#3055 = LINE('',#3056,#3057);
#3056 = CARTESIAN_POINT('',(-28.71686422831,60.678069560768,5.4));
#3057 = VECTOR('',#3058,1.);
#3058 = DIRECTION('',(-0.899048380537,-0.437849299935,0.));
#3059 = PCURVE('',#918,#3060);
#3060 = DEFINITIONAL_REPRESENTATION('',(#3061),#3065);
#3061 = LINE('',#3062,#3063);
#3062 = CARTESIAN_POINT('',(3.181002734958,-0.969500841637));
#3063 = VECTOR('',#3064,1.);
#3064 = DIRECTION('',(7.033557349594E-02,0.997523386744));
#3065 = ( GEOMETRIC_REPRESENTATION_CONTEXT(2) 
PARAMETRIC_REPRESENTATION_CONTEXT() REPRESENTATION_CONTEXT('2D SPACE',''
  ) );
#3066 = PCURVE('',#2916,#3067);
#3067 = DEFINITIONAL_REPRESENTATION('',(#3068),#3072);
#3068 = LINE('',#3069,#3070);
#3069 = CARTESIAN_POINT('',(1.5,0.));
#3070 = VECTOR('',#3071,1.);
#3071 = DIRECTION('',(0.,-1.));
#3072 = ( GEOMETRIC_REPRESENTATION_CONTEXT(2) 
PARAMETRIC_REPRESENTATION_CONTEXT() REPRESENTATION_CONTEXT('2D SPACE',''
  ) );
#3073 = ORIENTED_EDGE('',*,*,#2834,.T.);
#3074 = ORIENTED_EDGE('',*,*,#3075,.T.);
#3075 = EDGE_CURVE('',#2837,#2933,#3076,.T.);
#3076 = SURFACE_CURVE('',#3077,(#3081,#3088),.PCURVE_S1.);
#3077 = LINE('',#3078,#3079);
#3078 = CARTESIAN_POINT('',(-29.66597521868,60.382976334835,5.4));
#3079 = VECTOR('',#3080,1.);
#3080 = DIRECTION('',(-0.866025403784,-0.5,0.));
#3081 = PCURVE('',#918,#3082);
#3082 = DEFINITIONAL_REPRESENTATION('',(#3083),#3087);
#3083 = LINE('',#3084,#3085);
#3084 = CARTESIAN_POINT('',(3.4,1.110223024625E-15));
#3085 = VECTOR('',#3086,1.);
#3086 = DIRECTION('',(0.,1.));
#3087 = ( GEOMETRIC_REPRESENTATION_CONTEXT(2) 
PARAMETRIC_REPRESENTATION_CONTEXT() REPRESENTATION_CONTEXT('2D SPACE',''
  ) );
#3088 = PCURVE('',#2819,#3089);
#3089 = DEFINITIONAL_REPRESENTATION('',(#3090),#3094);
#3090 = LINE('',#3091,#3092);
#3091 = CARTESIAN_POINT('',(3.,0.));
#3092 = VECTOR('',#3093,1.);
#3093 = DIRECTION('',(0.,-1.));
#3094 = ( GEOMETRIC_REPRESENTATION_CONTEXT(2) 
PARAMETRIC_REPRESENTATION_CONTEXT() REPRESENTATION_CONTEXT('2D SPACE',''
  ) );
#3095 = ADVANCED_FACE('',(#3096),#890,.F.);
#3096 = FACE_BOUND('',#3097,.F.);
#3097 = EDGE_LOOP('',(#3098,#3099,#3100,#3101));
#3098 = ORIENTED_EDGE('',*,*,#2980,.F.);
#3099 = ORIENTED_EDGE('',*,*,#875,.T.);
#3100 = ORIENTED_EDGE('',*,*,#3030,.T.);
#3101 = ORIENTED_EDGE('',*,*,#3102,.F.);
#3102 = EDGE_CURVE('',#2981,#3031,#3103,.T.);
#3103 = SURFACE_CURVE('',#3104,(#3108,#3115),.PCURVE_S1.);
#3104 = LINE('',#3105,#3106);
#3105 = CARTESIAN_POINT('',(-28.71686422831,60.678069560768,3.9));
#3106 = VECTOR('',#3107,1.);
#3107 = DIRECTION('',(0.,0.,1.));
#3108 = PCURVE('',#890,#3109);
#3109 = DEFINITIONAL_REPRESENTATION('',(#3110),#3114);
#3110 = LINE('',#3111,#3112);
#3111 = CARTESIAN_POINT('',(0.,3.4));
#3112 = VECTOR('',#3113,1.);
#3113 = DIRECTION('',(1.,0.));
#3114 = ( GEOMETRIC_REPRESENTATION_CONTEXT(2) 
PARAMETRIC_REPRESENTATION_CONTEXT() REPRESENTATION_CONTEXT('2D SPACE',''
  ) );
#3115 = PCURVE('',#2916,#3116);
#3116 = DEFINITIONAL_REPRESENTATION('',(#3117),#3121);
#3117 = LINE('',#3118,#3119);
#3118 = CARTESIAN_POINT('',(0.,0.));
#3119 = VECTOR('',#3120,1.);
#3120 = DIRECTION('',(1.,0.));
#3121 = ( GEOMETRIC_REPRESENTATION_CONTEXT(2) 
PARAMETRIC_REPRESENTATION_CONTEXT() REPRESENTATION_CONTEXT('2D SPACE',''
  ) );
#3122 = ADVANCED_FACE('',(#3123),#975,.F.);
#3123 = FACE_BOUND('',#3124,.F.);
#3124 = EDGE_LOOP('',(#3125,#3148,#3149,#3172));
#3125 = ORIENTED_EDGE('',*,*,#3126,.F.);
#3126 = EDGE_CURVE('',#959,#3127,#3129,.T.);
#3127 = VERTEX_POINT('',#3128);
#3128 = CARTESIAN_POINT('',(-29.66597521868,-60.38297633483,2.4));
#3129 = SURFACE_CURVE('',#3130,(#3134,#3141),.PCURVE_S1.);
#3130 = LINE('',#3131,#3132);
#3131 = CARTESIAN_POINT('',(-27.96597521868,-57.43848996196,2.4));
#3132 = VECTOR('',#3133,1.);
#3133 = DIRECTION('',(-0.5,-0.866025403784,0.));
#3134 = PCURVE('',#975,#3135);
#3135 = DEFINITIONAL_REPRESENTATION('',(#3136),#3140);
#3136 = LINE('',#3137,#3138);
#3137 = CARTESIAN_POINT('',(0.,9.));
#3138 = VECTOR('',#3139,1.);
#3139 = DIRECTION('',(1.,0.));
#3140 = ( GEOMETRIC_REPRESENTATION_CONTEXT(2) 
PARAMETRIC_REPRESENTATION_CONTEXT() REPRESENTATION_CONTEXT('2D SPACE',''
  ) );
#3141 = PCURVE('',#1110,#3142);
#3142 = DEFINITIONAL_REPRESENTATION('',(#3143),#3147);
#3143 = LINE('',#3144,#3145);
#3144 = CARTESIAN_POINT('',(0.,0.));
#3145 = VECTOR('',#3146,1.);
#3146 = DIRECTION('',(0.,1.));
#3147 = ( GEOMETRIC_REPRESENTATION_CONTEXT(2) 
PARAMETRIC_REPRESENTATION_CONTEXT() REPRESENTATION_CONTEXT('2D SPACE',''
  ) );
#3148 = ORIENTED_EDGE('',*,*,#956,.F.);
#3149 = ORIENTED_EDGE('',*,*,#3150,.T.);
#3150 = EDGE_CURVE('',#957,#3151,#3153,.T.);
#3151 = VERTEX_POINT('',#3152);
#3152 = CARTESIAN_POINT('',(-37.46020385274,-55.88297633483,2.4));
#3153 = SURFACE_CURVE('',#3154,(#3158,#3165),.PCURVE_S1.);
#3154 = LINE('',#3155,#3156);
#3155 = CARTESIAN_POINT('',(-35.76020385274,-52.93848996196,2.4));
#3156 = VECTOR('',#3157,1.);
#3157 = DIRECTION('',(-0.5,-0.866025403784,0.));
#3158 = PCURVE('',#975,#3159);
#3159 = DEFINITIONAL_REPRESENTATION('',(#3160),#3164);
#3160 = LINE('',#3161,#3162);
#3161 = CARTESIAN_POINT('',(0.,0.));
#3162 = VECTOR('',#3163,1.);
#3163 = DIRECTION('',(1.,0.));
#3164 = ( GEOMETRIC_REPRESENTATION_CONTEXT(2) 
PARAMETRIC_REPRESENTATION_CONTEXT() REPRESENTATION_CONTEXT('2D SPACE',''
  ) );
#3165 = PCURVE('',#1002,#3166);
#3166 = DEFINITIONAL_REPRESENTATION('',(#3167),#3171);
#3167 = LINE('',#3168,#3169);
#3168 = CARTESIAN_POINT('',(0.,0.));
#3169 = VECTOR('',#3170,1.);
#3170 = DIRECTION('',(0.,1.));
#3171 = ( GEOMETRIC_REPRESENTATION_CONTEXT(2) 
PARAMETRIC_REPRESENTATION_CONTEXT() REPRESENTATION_CONTEXT('2D SPACE',''
  ) );
#3172 = ORIENTED_EDGE('',*,*,#3173,.T.);
#3173 = EDGE_CURVE('',#3151,#3127,#3174,.T.);
#3174 = SURFACE_CURVE('',#3175,(#3179,#3186),.PCURVE_S1.);
#3175 = LINE('',#3176,#3177);
#3176 = CARTESIAN_POINT('',(-37.46020385274,-55.88297633483,2.4));
#3177 = VECTOR('',#3178,1.);
#3178 = DIRECTION('',(0.866025403784,-0.5,0.));
#3179 = PCURVE('',#975,#3180);
#3180 = DEFINITIONAL_REPRESENTATION('',(#3181),#3185);
#3181 = LINE('',#3182,#3183);
#3182 = CARTESIAN_POINT('',(3.4,0.));
#3183 = VECTOR('',#3184,1.);
#3184 = DIRECTION('',(0.,1.));
#3185 = ( GEOMETRIC_REPRESENTATION_CONTEXT(2) 
PARAMETRIC_REPRESENTATION_CONTEXT() REPRESENTATION_CONTEXT('2D SPACE',''
  ) );
#3186 = PCURVE('',#3187,#3192);
#3187 = PLANE('',#3188);
#3188 = AXIS2_PLACEMENT_3D('',#3189,#3190,#3191);
#3189 = CARTESIAN_POINT('',(-37.46020385274,-55.88297633483,2.4));
#3190 = DIRECTION('',(-0.5,-0.866025403784,0.));
#3191 = DIRECTION('',(0.,0.,1.));
#3192 = DEFINITIONAL_REPRESENTATION('',(#3193),#3197);
#3193 = LINE('',#3194,#3195);
#3194 = CARTESIAN_POINT('',(0.,0.));
#3195 = VECTOR('',#3196,1.);
#3196 = DIRECTION('',(0.,-1.));
#3197 = ( GEOMETRIC_REPRESENTATION_CONTEXT(2) 
PARAMETRIC_REPRESENTATION_CONTEXT() REPRESENTATION_CONTEXT('2D SPACE',''
  ) );
#3198 = ADVANCED_FACE('',(#3199),#1002,.F.);
#3199 = FACE_BOUND('',#3200,.F.);
#3200 = EDGE_LOOP('',(#3201,#3226,#3247,#3248,#3249,#3270));
#3201 = ORIENTED_EDGE('',*,*,#3202,.T.);
#3202 = EDGE_CURVE('',#3203,#3205,#3207,.T.);
#3203 = VERTEX_POINT('',#3204);
#3204 = CARTESIAN_POINT('',(-37.38488506933,-55.75252037521,5.4));
#3205 = VERTEX_POINT('',#3206);
#3206 = CARTESIAN_POINT('',(-37.46020385274,-55.88297633483,5.4));
#3207 = SURFACE_CURVE('',#3208,(#3212,#3219),.PCURVE_S1.);
#3208 = LINE('',#3209,#3210);
#3209 = CARTESIAN_POINT('',(-35.76020385274,-52.93848996196,5.4));
#3210 = VECTOR('',#3211,1.);
#3211 = DIRECTION('',(-0.5,-0.866025403784,0.));
#3212 = PCURVE('',#1002,#3213);
#3213 = DEFINITIONAL_REPRESENTATION('',(#3214),#3218);
#3214 = LINE('',#3215,#3216);
#3215 = CARTESIAN_POINT('',(3.,0.));
#3216 = VECTOR('',#3217,1.);
#3217 = DIRECTION('',(0.,1.));
#3218 = ( GEOMETRIC_REPRESENTATION_CONTEXT(2) 
PARAMETRIC_REPRESENTATION_CONTEXT() REPRESENTATION_CONTEXT('2D SPACE',''
  ) );
#3219 = PCURVE('',#1085,#3220);
#3220 = DEFINITIONAL_REPRESENTATION('',(#3221),#3225);
#3221 = LINE('',#3222,#3223);
#3222 = CARTESIAN_POINT('',(0.,0.));
#3223 = VECTOR('',#3224,1.);
#3224 = DIRECTION('',(1.,0.));
#3225 = ( GEOMETRIC_REPRESENTATION_CONTEXT(2) 
PARAMETRIC_REPRESENTATION_CONTEXT() REPRESENTATION_CONTEXT('2D SPACE',''
  ) );
#3226 = ORIENTED_EDGE('',*,*,#3227,.F.);
#3227 = EDGE_CURVE('',#3151,#3205,#3228,.T.);
#3228 = SURFACE_CURVE('',#3229,(#3233,#3240),.PCURVE_S1.);
#3229 = LINE('',#3230,#3231);
#3230 = CARTESIAN_POINT('',(-37.46020385274,-55.88297633483,2.4));
#3231 = VECTOR('',#3232,1.);
#3232 = DIRECTION('',(0.,0.,1.));
#3233 = PCURVE('',#1002,#3234);
#3234 = DEFINITIONAL_REPRESENTATION('',(#3235),#3239);
#3235 = LINE('',#3236,#3237);
#3236 = CARTESIAN_POINT('',(0.,3.4));
#3237 = VECTOR('',#3238,1.);
#3238 = DIRECTION('',(1.,0.));
#3239 = ( GEOMETRIC_REPRESENTATION_CONTEXT(2) 
PARAMETRIC_REPRESENTATION_CONTEXT() REPRESENTATION_CONTEXT('2D SPACE',''
  ) );
#3240 = PCURVE('',#3187,#3241);
#3241 = DEFINITIONAL_REPRESENTATION('',(#3242),#3246);
#3242 = LINE('',#3243,#3244);
#3243 = CARTESIAN_POINT('',(0.,0.));
#3244 = VECTOR('',#3245,1.);
#3245 = DIRECTION('',(1.,0.));
#3246 = ( GEOMETRIC_REPRESENTATION_CONTEXT(2) 
PARAMETRIC_REPRESENTATION_CONTEXT() REPRESENTATION_CONTEXT('2D SPACE',''
  ) );
#3247 = ORIENTED_EDGE('',*,*,#3150,.F.);
#3248 = ORIENTED_EDGE('',*,*,#987,.T.);
#3249 = ORIENTED_EDGE('',*,*,#3250,.T.);
#3250 = EDGE_CURVE('',#988,#3251,#3253,.T.);
#3251 = VERTEX_POINT('',#3252);
#3252 = CARTESIAN_POINT('',(-37.38488506933,-55.75252037521,3.9));
#3253 = SURFACE_CURVE('',#3254,(#3258,#3264),.PCURVE_S1.);
#3254 = LINE('',#3255,#3256);
#3255 = CARTESIAN_POINT('',(-35.70755965774,-52.84730754151,3.9));
#3256 = VECTOR('',#3257,1.);
#3257 = DIRECTION('',(-0.5,-0.866025403784,0.));
#3258 = PCURVE('',#1002,#3259);
#3259 = DEFINITIONAL_REPRESENTATION('',(#3260),#3263);
#3260 = B_SPLINE_CURVE_WITH_KNOTS('',1,(#3261,#3262),.UNSPECIFIED.,.F.,
  .F.,(2,2),(0.105288389986,3.35465082318),.PIECEWISE_BEZIER_KNOTS.);
#3261 = CARTESIAN_POINT('',(1.5,0.));
#3262 = CARTESIAN_POINT('',(1.5,3.249362433194));
#3263 = ( GEOMETRIC_REPRESENTATION_CONTEXT(2) 
PARAMETRIC_REPRESENTATION_CONTEXT() REPRESENTATION_CONTEXT('2D SPACE',''
  ) );
#3264 = PCURVE('',#1030,#3265);
#3265 = DEFINITIONAL_REPRESENTATION('',(#3266),#3269);
#3266 = B_SPLINE_CURVE_WITH_KNOTS('',1,(#3267,#3268),.UNSPECIFIED.,.F.,
  .F.,(2,2),(0.105288389986,3.35465082318),.PIECEWISE_BEZIER_KNOTS.);
#3267 = CARTESIAN_POINT('',(0.158684980882,0.743362111346));
#3268 = CARTESIAN_POINT('',(3.4,0.971907881581));
#3269 = ( GEOMETRIC_REPRESENTATION_CONTEXT(2) 
PARAMETRIC_REPRESENTATION_CONTEXT() REPRESENTATION_CONTEXT('2D SPACE',''
  ) );
#3270 = ORIENTED_EDGE('',*,*,#3271,.F.);
#3271 = EDGE_CURVE('',#3203,#3251,#3272,.T.);
#3272 = SURFACE_CURVE('',#3273,(#3277,#3283),.PCURVE_S1.);
#3273 = LINE('',#3274,#3275);
#3274 = CARTESIAN_POINT('',(-37.38488506933,-55.75252037521,3.15));
#3275 = VECTOR('',#3276,1.);
#3276 = DIRECTION('',(0.,-0.,-1.));
#3277 = PCURVE('',#1002,#3278);
#3278 = DEFINITIONAL_REPRESENTATION('',(#3279),#3282);
#3279 = B_SPLINE_CURVE_WITH_KNOTS('',1,(#3280,#3281),.UNSPECIFIED.,.F.,
  .F.,(2,2),(-2.25,-0.75),.PIECEWISE_BEZIER_KNOTS.);
#3280 = CARTESIAN_POINT('',(3.,3.249362433194));
#3281 = CARTESIAN_POINT('',(1.5,3.249362433194));
#3282 = ( GEOMETRIC_REPRESENTATION_CONTEXT(2) 
PARAMETRIC_REPRESENTATION_CONTEXT() REPRESENTATION_CONTEXT('2D SPACE',''
  ) );
#3283 = PCURVE('',#3284,#3289);
#3284 = PLANE('',#3285);
#3285 = AXIS2_PLACEMENT_3D('',#3286,#3287,#3288);
#3286 = CARTESIAN_POINT('',(-38.19031757806,-55.20856871913,3.9));
#3287 = DIRECTION('',(-0.559674086809,-0.828712807041,0.));
#3288 = DIRECTION('',(0.,0.,1.));
#3289 = DEFINITIONAL_REPRESENTATION('',(#3290),#3293);
#3290 = B_SPLINE_CURVE_WITH_KNOTS('',1,(#3291,#3292),.UNSPECIFIED.,.F.,
  .F.,(2,2),(-2.25,-0.75),.PIECEWISE_BEZIER_KNOTS.);
#3291 = CARTESIAN_POINT('',(1.5,-0.971907881581));
#3292 = CARTESIAN_POINT('',(0.,-0.971907881581));
#3293 = ( GEOMETRIC_REPRESENTATION_CONTEXT(2) 
PARAMETRIC_REPRESENTATION_CONTEXT() REPRESENTATION_CONTEXT('2D SPACE',''
  ) );
#3294 = ADVANCED_FACE('',(#3295),#1110,.T.);
#3295 = FACE_BOUND('',#3296,.T.);
#3296 = EDGE_LOOP('',(#3297,#3298,#3299,#3322));
#3297 = ORIENTED_EDGE('',*,*,#3126,.F.);
#3298 = ORIENTED_EDGE('',*,*,#1097,.T.);
#3299 = ORIENTED_EDGE('',*,*,#3300,.T.);
#3300 = EDGE_CURVE('',#1069,#3301,#3303,.T.);
#3301 = VERTEX_POINT('',#3302);
#3302 = CARTESIAN_POINT('',(-29.66597521868,-60.38297633483,5.4));
#3303 = SURFACE_CURVE('',#3304,(#3308,#3315),.PCURVE_S1.);
#3304 = LINE('',#3305,#3306);
#3305 = CARTESIAN_POINT('',(-27.96597521868,-57.43848996196,5.4));
#3306 = VECTOR('',#3307,1.);
#3307 = DIRECTION('',(-0.5,-0.866025403784,0.));
#3308 = PCURVE('',#1110,#3309);
#3309 = DEFINITIONAL_REPRESENTATION('',(#3310),#3314);
#3310 = LINE('',#3311,#3312);
#3311 = CARTESIAN_POINT('',(3.,0.));
#3312 = VECTOR('',#3313,1.);
#3313 = DIRECTION('',(0.,1.));
#3314 = ( GEOMETRIC_REPRESENTATION_CONTEXT(2) 
PARAMETRIC_REPRESENTATION_CONTEXT() REPRESENTATION_CONTEXT('2D SPACE',''
  ) );
#3315 = PCURVE('',#1085,#3316);
#3316 = DEFINITIONAL_REPRESENTATION('',(#3317),#3321);
#3317 = LINE('',#3318,#3319);
#3318 = CARTESIAN_POINT('',(-4.440892098501E-15,9.));
#3319 = VECTOR('',#3320,1.);
#3320 = DIRECTION('',(1.,0.));
#3321 = ( GEOMETRIC_REPRESENTATION_CONTEXT(2) 
PARAMETRIC_REPRESENTATION_CONTEXT() REPRESENTATION_CONTEXT('2D SPACE',''
  ) );
#3322 = ORIENTED_EDGE('',*,*,#3323,.F.);
#3323 = EDGE_CURVE('',#3127,#3301,#3324,.T.);
#3324 = SURFACE_CURVE('',#3325,(#3329,#3336),.PCURVE_S1.);
#3325 = LINE('',#3326,#3327);
#3326 = CARTESIAN_POINT('',(-29.66597521868,-60.38297633483,2.4));
#3327 = VECTOR('',#3328,1.);
#3328 = DIRECTION('',(0.,0.,1.));
#3329 = PCURVE('',#1110,#3330);
#3330 = DEFINITIONAL_REPRESENTATION('',(#3331),#3335);
#3331 = LINE('',#3332,#3333);
#3332 = CARTESIAN_POINT('',(0.,3.4));
#3333 = VECTOR('',#3334,1.);
#3334 = DIRECTION('',(1.,0.));
#3335 = ( GEOMETRIC_REPRESENTATION_CONTEXT(2) 
PARAMETRIC_REPRESENTATION_CONTEXT() REPRESENTATION_CONTEXT('2D SPACE',''
  ) );
#3336 = PCURVE('',#3187,#3337);
#3337 = DEFINITIONAL_REPRESENTATION('',(#3338),#3342);
#3338 = LINE('',#3339,#3340);
#3339 = CARTESIAN_POINT('',(0.,-9.));
#3340 = VECTOR('',#3341,1.);
#3341 = DIRECTION('',(1.,0.));
#3342 = ( GEOMETRIC_REPRESENTATION_CONTEXT(2) 
PARAMETRIC_REPRESENTATION_CONTEXT() REPRESENTATION_CONTEXT('2D SPACE',''
  ) );
#3343 = ADVANCED_FACE('',(#3344),#1030,.F.);
#3344 = FACE_BOUND('',#3345,.F.);
#3345 = EDGE_LOOP('',(#3346,#3347,#3370,#3391));
#3346 = ORIENTED_EDGE('',*,*,#1013,.F.);
#3347 = ORIENTED_EDGE('',*,*,#3348,.T.);
#3348 = EDGE_CURVE('',#1014,#3349,#3351,.T.);
#3349 = VERTEX_POINT('',#3350);
#3350 = CARTESIAN_POINT('',(-38.19031757806,-55.20856871913,3.9));
#3351 = SURFACE_CURVE('',#3352,(#3356,#3363),.PCURVE_S1.);
#3352 = LINE('',#3353,#3354);
#3353 = CARTESIAN_POINT('',(-36.28742568291,-52.39094517519,3.9));
#3354 = VECTOR('',#3355,1.);
#3355 = DIRECTION('',(-0.559674086809,-0.828712807041,0.));
#3356 = PCURVE('',#1030,#3357);
#3357 = DEFINITIONAL_REPRESENTATION('',(#3358),#3362);
#3358 = LINE('',#3359,#3360);
#3359 = CARTESIAN_POINT('',(0.,0.));
#3360 = VECTOR('',#3361,1.);
#3361 = DIRECTION('',(1.,0.));
#3362 = ( GEOMETRIC_REPRESENTATION_CONTEXT(2) 
PARAMETRIC_REPRESENTATION_CONTEXT() REPRESENTATION_CONTEXT('2D SPACE',''
  ) );
#3363 = PCURVE('',#1057,#3364);
#3364 = DEFINITIONAL_REPRESENTATION('',(#3365),#3369);
#3365 = LINE('',#3366,#3367);
#3366 = CARTESIAN_POINT('',(0.,0.));
#3367 = VECTOR('',#3368,1.);
#3368 = DIRECTION('',(0.,1.));
#3369 = ( GEOMETRIC_REPRESENTATION_CONTEXT(2) 
PARAMETRIC_REPRESENTATION_CONTEXT() REPRESENTATION_CONTEXT('2D SPACE',''
  ) );
#3370 = ORIENTED_EDGE('',*,*,#3371,.T.);
#3371 = EDGE_CURVE('',#3349,#3251,#3372,.T.);
#3372 = SURFACE_CURVE('',#3373,(#3377,#3384),.PCURVE_S1.);
#3373 = LINE('',#3374,#3375);
#3374 = CARTESIAN_POINT('',(-38.19031757806,-55.20856871913,3.9));
#3375 = VECTOR('',#3376,1.);
#3376 = DIRECTION('',(0.828712807041,-0.559674086809,0.));
#3377 = PCURVE('',#1030,#3378);
#3378 = DEFINITIONAL_REPRESENTATION('',(#3379),#3383);
#3379 = LINE('',#3380,#3381);
#3380 = CARTESIAN_POINT('',(3.4,0.));
#3381 = VECTOR('',#3382,1.);
#3382 = DIRECTION('',(0.,1.));
#3383 = ( GEOMETRIC_REPRESENTATION_CONTEXT(2) 
PARAMETRIC_REPRESENTATION_CONTEXT() REPRESENTATION_CONTEXT('2D SPACE',''
  ) );
#3384 = PCURVE('',#3284,#3385);
#3385 = DEFINITIONAL_REPRESENTATION('',(#3386),#3390);
#3386 = LINE('',#3387,#3388);
#3387 = CARTESIAN_POINT('',(0.,0.));
#3388 = VECTOR('',#3389,1.);
#3389 = DIRECTION('',(0.,-1.));
#3390 = ( GEOMETRIC_REPRESENTATION_CONTEXT(2) 
PARAMETRIC_REPRESENTATION_CONTEXT() REPRESENTATION_CONTEXT('2D SPACE',''
  ) );
#3391 = ORIENTED_EDGE('',*,*,#3250,.F.);
#3392 = ADVANCED_FACE('',(#3393),#1085,.T.);
#3393 = FACE_BOUND('',#3394,.T.);
#3394 = EDGE_LOOP('',(#3395,#3396,#3397,#3420,#3441,#3442));
#3395 = ORIENTED_EDGE('',*,*,#3300,.F.);
#3396 = ORIENTED_EDGE('',*,*,#1068,.F.);
#3397 = ORIENTED_EDGE('',*,*,#3398,.T.);
#3398 = EDGE_CURVE('',#1043,#3399,#3401,.T.);
#3399 = VERTEX_POINT('',#3400);
#3400 = CARTESIAN_POINT('',(-38.19031757806,-55.20856871913,5.4));
#3401 = SURFACE_CURVE('',#3402,(#3406,#3413),.PCURVE_S1.);
#3402 = LINE('',#3403,#3404);
#3403 = CARTESIAN_POINT('',(-36.28742568291,-52.39094517519,5.4));
#3404 = VECTOR('',#3405,1.);
#3405 = DIRECTION('',(-0.559674086809,-0.828712807041,0.));
#3406 = PCURVE('',#1085,#3407);
#3407 = DEFINITIONAL_REPRESENTATION('',(#3408),#3412);
#3408 = LINE('',#3409,#3410);
#3409 = CARTESIAN_POINT('',(-0.210576779972,-0.730359891751));
#3410 = VECTOR('',#3411,1.);
#3411 = DIRECTION('',(0.997523386744,-7.033557349594E-02));
#3412 = ( GEOMETRIC_REPRESENTATION_CONTEXT(2) 
PARAMETRIC_REPRESENTATION_CONTEXT() REPRESENTATION_CONTEXT('2D SPACE',''
  ) );
#3413 = PCURVE('',#1057,#3414);
#3414 = DEFINITIONAL_REPRESENTATION('',(#3415),#3419);
#3415 = LINE('',#3416,#3417);
#3416 = CARTESIAN_POINT('',(1.5,0.));
#3417 = VECTOR('',#3418,1.);
#3418 = DIRECTION('',(0.,1.));
#3419 = ( GEOMETRIC_REPRESENTATION_CONTEXT(2) 
PARAMETRIC_REPRESENTATION_CONTEXT() REPRESENTATION_CONTEXT('2D SPACE',''
  ) );
#3420 = ORIENTED_EDGE('',*,*,#3421,.T.);
#3421 = EDGE_CURVE('',#3399,#3203,#3422,.T.);
#3422 = SURFACE_CURVE('',#3423,(#3427,#3434),.PCURVE_S1.);
#3423 = LINE('',#3424,#3425);
#3424 = CARTESIAN_POINT('',(-38.19031757806,-55.20856871913,5.4));
#3425 = VECTOR('',#3426,1.);
#3426 = DIRECTION('',(0.828712807041,-0.559674086809,0.));
#3427 = PCURVE('',#1085,#3428);
#3428 = DEFINITIONAL_REPRESENTATION('',(#3429),#3433);
#3429 = LINE('',#3430,#3431);
#3430 = CARTESIAN_POINT('',(3.181002734958,-0.969500841637));
#3431 = VECTOR('',#3432,1.);
#3432 = DIRECTION('',(7.033557349594E-02,0.997523386744));
#3433 = ( GEOMETRIC_REPRESENTATION_CONTEXT(2) 
PARAMETRIC_REPRESENTATION_CONTEXT() REPRESENTATION_CONTEXT('2D SPACE',''
  ) );
#3434 = PCURVE('',#3284,#3435);
#3435 = DEFINITIONAL_REPRESENTATION('',(#3436),#3440);
#3436 = LINE('',#3437,#3438);
#3437 = CARTESIAN_POINT('',(1.5,0.));
#3438 = VECTOR('',#3439,1.);
#3439 = DIRECTION('',(0.,-1.));
#3440 = ( GEOMETRIC_REPRESENTATION_CONTEXT(2) 
PARAMETRIC_REPRESENTATION_CONTEXT() REPRESENTATION_CONTEXT('2D SPACE',''
  ) );
#3441 = ORIENTED_EDGE('',*,*,#3202,.T.);
#3442 = ORIENTED_EDGE('',*,*,#3443,.T.);
#3443 = EDGE_CURVE('',#3205,#3301,#3444,.T.);
#3444 = SURFACE_CURVE('',#3445,(#3449,#3456),.PCURVE_S1.);
#3445 = LINE('',#3446,#3447);
#3446 = CARTESIAN_POINT('',(-37.46020385274,-55.88297633483,5.4));
#3447 = VECTOR('',#3448,1.);
#3448 = DIRECTION('',(0.866025403784,-0.5,0.));
#3449 = PCURVE('',#1085,#3450);
#3450 = DEFINITIONAL_REPRESENTATION('',(#3451),#3455);
#3451 = LINE('',#3452,#3453);
#3452 = CARTESIAN_POINT('',(3.4,-1.7763568394E-15));
#3453 = VECTOR('',#3454,1.);
#3454 = DIRECTION('',(0.,1.));
#3455 = ( GEOMETRIC_REPRESENTATION_CONTEXT(2) 
PARAMETRIC_REPRESENTATION_CONTEXT() REPRESENTATION_CONTEXT('2D SPACE',''
  ) );
#3456 = PCURVE('',#3187,#3457);
#3457 = DEFINITIONAL_REPRESENTATION('',(#3458),#3462);
#3458 = LINE('',#3459,#3460);
#3459 = CARTESIAN_POINT('',(3.,0.));
#3460 = VECTOR('',#3461,1.);
#3461 = DIRECTION('',(0.,-1.));
#3462 = ( GEOMETRIC_REPRESENTATION_CONTEXT(2) 
PARAMETRIC_REPRESENTATION_CONTEXT() REPRESENTATION_CONTEXT('2D SPACE',''
  ) );
#3463 = ADVANCED_FACE('',(#3464),#1057,.F.);
#3464 = FACE_BOUND('',#3465,.F.);
#3465 = EDGE_LOOP('',(#3466,#3467,#3468,#3469));
#3466 = ORIENTED_EDGE('',*,*,#3348,.F.);
#3467 = ORIENTED_EDGE('',*,*,#1042,.T.);
#3468 = ORIENTED_EDGE('',*,*,#3398,.T.);
#3469 = ORIENTED_EDGE('',*,*,#3470,.F.);
#3470 = EDGE_CURVE('',#3349,#3399,#3471,.T.);
#3471 = SURFACE_CURVE('',#3472,(#3476,#3483),.PCURVE_S1.);
#3472 = LINE('',#3473,#3474);
#3473 = CARTESIAN_POINT('',(-38.19031757806,-55.20856871913,3.9));
#3474 = VECTOR('',#3475,1.);
#3475 = DIRECTION('',(0.,0.,1.));
#3476 = PCURVE('',#1057,#3477);
#3477 = DEFINITIONAL_REPRESENTATION('',(#3478),#3482);
#3478 = LINE('',#3479,#3480);
#3479 = CARTESIAN_POINT('',(0.,3.4));
#3480 = VECTOR('',#3481,1.);
#3481 = DIRECTION('',(1.,0.));
#3482 = ( GEOMETRIC_REPRESENTATION_CONTEXT(2) 
PARAMETRIC_REPRESENTATION_CONTEXT() REPRESENTATION_CONTEXT('2D SPACE',''
  ) );
#3483 = PCURVE('',#3284,#3484);
#3484 = DEFINITIONAL_REPRESENTATION('',(#3485),#3489);
#3485 = LINE('',#3486,#3487);
#3486 = CARTESIAN_POINT('',(0.,0.));
#3487 = VECTOR('',#3488,1.);
#3488 = DIRECTION('',(1.,0.));
#3489 = ( GEOMETRIC_REPRESENTATION_CONTEXT(2) 
PARAMETRIC_REPRESENTATION_CONTEXT() REPRESENTATION_CONTEXT('2D SPACE',''
  ) );
#3490 = ADVANCED_FACE('',(#3491,#3494),#1163,.F.);
#3491 = FACE_BOUND('',#3492,.F.);
#3492 = EDGE_LOOP('',(#3493));
#3493 = ORIENTED_EDGE('',*,*,#1148,.T.);
#3494 = FACE_BOUND('',#3495,.F.);
#3495 = EDGE_LOOP('',(#3496));
#3496 = ORIENTED_EDGE('',*,*,#3497,.F.);
#3497 = EDGE_CURVE('',#3498,#3498,#3500,.T.);
#3498 = VERTEX_POINT('',#3499);
#3499 = CARTESIAN_POINT('',(60.926179071422,-1.492261003682E-14,-3.));
#3500 = SURFACE_CURVE('',#3501,(#3506,#3513),.PCURVE_S1.);
#3501 = CIRCLE('',#3502,60.926179071422);
#3502 = AXIS2_PLACEMENT_3D('',#3503,#3504,#3505);
#3503 = CARTESIAN_POINT('',(0.,0.,-3.));
#3504 = DIRECTION('',(0.,0.,1.));
#3505 = DIRECTION('',(1.,0.,-0.));
#3506 = PCURVE('',#1163,#3507);
#3507 = DEFINITIONAL_REPRESENTATION('',(#3508),#3512);
#3508 = CIRCLE('',#3509,60.926179071422);
#3509 = AXIS2_PLACEMENT_2D('',#3510,#3511);
#3510 = CARTESIAN_POINT('',(0.,0.));
#3511 = DIRECTION('',(1.,0.));
#3512 = ( GEOMETRIC_REPRESENTATION_CONTEXT(2) 
PARAMETRIC_REPRESENTATION_CONTEXT() REPRESENTATION_CONTEXT('2D SPACE',''
  ) );
#3513 = PCURVE('',#2743,#3514);
#3514 = DEFINITIONAL_REPRESENTATION('',(#3515),#3519);
#3515 = LINE('',#3516,#3517);
#3516 = CARTESIAN_POINT('',(0.,0.1));
#3517 = VECTOR('',#3518,1.);
#3518 = DIRECTION('',(1.,0.));
#3519 = ( GEOMETRIC_REPRESENTATION_CONTEXT(2) 
PARAMETRIC_REPRESENTATION_CONTEXT() REPRESENTATION_CONTEXT('2D SPACE',''
  ) );
#3520 = ADVANCED_FACE('',(#3521),#1251,.T.);
#3521 = FACE_BOUND('',#3522,.T.);
#3522 = EDGE_LOOP('',(#3523,#3524,#3547,#3576,#3602,#3631,#3657,#3679,
    #3680,#3681));
#3523 = ORIENTED_EDGE('',*,*,#1179,.T.);
#3524 = ORIENTED_EDGE('',*,*,#3525,.T.);
#3525 = EDGE_CURVE('',#1182,#3526,#3528,.T.);
#3526 = VERTEX_POINT('',#3527);
#3527 = CARTESIAN_POINT('',(42.458674349295,21.532415671404,
    -53.30802383018));
#3528 = SEAM_CURVE('',#3529,(#3533,#3540),.PCURVE_S1.);
#3529 = LINE('',#3530,#3531);
#3530 = CARTESIAN_POINT('',(42.458674349295,21.532415671404,
    -56.50802383018));
#3531 = VECTOR('',#3532,1.);
#3532 = DIRECTION('',(0.,0.,1.));
#3533 = PCURVE('',#1251,#3534);
#3534 = DEFINITIONAL_REPRESENTATION('',(#3535),#3539);
#3535 = LINE('',#3536,#3537);
#3536 = CARTESIAN_POINT('',(0.,-0.));
#3537 = VECTOR('',#3538,1.);
#3538 = DIRECTION('',(0.,1.));
#3539 = ( GEOMETRIC_REPRESENTATION_CONTEXT(2) 
PARAMETRIC_REPRESENTATION_CONTEXT() REPRESENTATION_CONTEXT('2D SPACE',''
  ) );
#3540 = PCURVE('',#1251,#3541);
#3541 = DEFINITIONAL_REPRESENTATION('',(#3542),#3546);
#3542 = LINE('',#3543,#3544);
#3543 = CARTESIAN_POINT('',(6.28318530718,-0.));
#3544 = VECTOR('',#3545,1.);
#3545 = DIRECTION('',(0.,1.));
#3546 = ( GEOMETRIC_REPRESENTATION_CONTEXT(2) 
PARAMETRIC_REPRESENTATION_CONTEXT() REPRESENTATION_CONTEXT('2D SPACE',''
  ) );
#3547 = ORIENTED_EDGE('',*,*,#3548,.F.);
#3548 = EDGE_CURVE('',#3549,#3526,#3551,.T.);
#3549 = VERTEX_POINT('',#3550);
#3550 = CARTESIAN_POINT('',(37.75,19.066562478681,-53.30802383018));
#3551 = SURFACE_CURVE('',#3552,(#3557,#3564),.PCURVE_S1.);
#3552 = CIRCLE('',#3553,3.);
#3553 = AXIS2_PLACEMENT_3D('',#3554,#3555,#3556);
#3554 = CARTESIAN_POINT('',(39.458674349295,21.532415671404,
    -53.30802383018));
#3555 = DIRECTION('',(0.,0.,1.));
#3556 = DIRECTION('',(1.,0.,-0.));
#3557 = PCURVE('',#1251,#3558);
#3558 = DEFINITIONAL_REPRESENTATION('',(#3559),#3563);
#3559 = LINE('',#3560,#3561);
#3560 = CARTESIAN_POINT('',(0.,3.2));
#3561 = VECTOR('',#3562,1.);
#3562 = DIRECTION('',(1.,0.));
#3563 = ( GEOMETRIC_REPRESENTATION_CONTEXT(2) 
PARAMETRIC_REPRESENTATION_CONTEXT() REPRESENTATION_CONTEXT('2D SPACE',''
  ) );
#3564 = PCURVE('',#3565,#3570);
#3565 = PLANE('',#3566);
#3566 = AXIS2_PLACEMENT_3D('',#3567,#3568,#3569);
#3567 = CARTESIAN_POINT('',(39.458674349295,21.532415671404,
    -53.30802383018));
#3568 = DIRECTION('',(0.,0.,1.));
#3569 = DIRECTION('',(1.,0.,-0.));
#3570 = DEFINITIONAL_REPRESENTATION('',(#3571),#3575);
#3571 = CIRCLE('',#3572,3.);
#3572 = AXIS2_PLACEMENT_2D('',#3573,#3574);
#3573 = CARTESIAN_POINT('',(0.,0.));
#3574 = DIRECTION('',(1.,0.));
#3575 = ( GEOMETRIC_REPRESENTATION_CONTEXT(2) 
PARAMETRIC_REPRESENTATION_CONTEXT() REPRESENTATION_CONTEXT('2D SPACE',''
  ) );
#3576 = ORIENTED_EDGE('',*,*,#3577,.F.);
#3577 = EDGE_CURVE('',#3578,#3549,#3580,.T.);
#3578 = VERTEX_POINT('',#3579);
#3579 = CARTESIAN_POINT('',(37.75,19.066562478681,-55.30802383018));
#3580 = SURFACE_CURVE('',#3581,(#3585,#3591),.PCURVE_S1.);
#3581 = LINE('',#3582,#3583);
#3582 = CARTESIAN_POINT('',(37.75,19.066562478681,-56.50802383018));
#3583 = VECTOR('',#3584,1.);
#3584 = DIRECTION('',(0.,0.,1.));
#3585 = PCURVE('',#1251,#3586);
#3586 = DEFINITIONAL_REPRESENTATION('',(#3587),#3590);
#3587 = B_SPLINE_CURVE_WITH_KNOTS('',1,(#3588,#3589),.UNSPECIFIED.,.F.,
  .F.,(2,2),(0.36,3.2000024),.PIECEWISE_BEZIER_KNOTS.);
#3588 = CARTESIAN_POINT('',(4.106420828626,0.36));
#3589 = CARTESIAN_POINT('',(4.106420828626,3.2000024));
#3590 = ( GEOMETRIC_REPRESENTATION_CONTEXT(2) 
PARAMETRIC_REPRESENTATION_CONTEXT() REPRESENTATION_CONTEXT('2D SPACE',''
  ) );
#3591 = PCURVE('',#3592,#3597);
#3592 = PLANE('',#3593);
#3593 = AXIS2_PLACEMENT_3D('',#3594,#3595,#3596);
#3594 = CARTESIAN_POINT('',(37.75,-20.6,-55.30802383018));
#3595 = DIRECTION('',(1.,0.,-0.));
#3596 = DIRECTION('',(0.,0.,1.));
#3597 = DEFINITIONAL_REPRESENTATION('',(#3598),#3601);
#3598 = B_SPLINE_CURVE_WITH_KNOTS('',1,(#3599,#3600),.UNSPECIFIED.,.F.,
  .F.,(2,2),(0.36,3.2000024),.PIECEWISE_BEZIER_KNOTS.);
#3599 = CARTESIAN_POINT('',(-0.84,-39.66656247868));
#3600 = CARTESIAN_POINT('',(2.0000024,-39.66656247868));
#3601 = ( GEOMETRIC_REPRESENTATION_CONTEXT(2) 
PARAMETRIC_REPRESENTATION_CONTEXT() REPRESENTATION_CONTEXT('2D SPACE',''
  ) );
#3602 = ORIENTED_EDGE('',*,*,#3603,.F.);
#3603 = EDGE_CURVE('',#3604,#3578,#3606,.T.);
#3604 = VERTEX_POINT('',#3605);
#3605 = CARTESIAN_POINT('',(36.607253472658,20.6,-55.30802383018));
#3606 = SURFACE_CURVE('',#3607,(#3612,#3619),.PCURVE_S1.);
#3607 = CIRCLE('',#3608,3.);
#3608 = AXIS2_PLACEMENT_3D('',#3609,#3610,#3611);
#3609 = CARTESIAN_POINT('',(39.458674349295,21.532415671404,
    -55.30802383018));
#3610 = DIRECTION('',(0.,0.,1.));
#3611 = DIRECTION('',(1.,0.,-0.));
#3612 = PCURVE('',#1251,#3613);
#3613 = DEFINITIONAL_REPRESENTATION('',(#3614),#3618);
#3614 = LINE('',#3615,#3616);
#3615 = CARTESIAN_POINT('',(0.,1.2));
#3616 = VECTOR('',#3617,1.);
#3617 = DIRECTION('',(1.,0.));
#3618 = ( GEOMETRIC_REPRESENTATION_CONTEXT(2) 
PARAMETRIC_REPRESENTATION_CONTEXT() REPRESENTATION_CONTEXT('2D SPACE',''
  ) );
#3619 = PCURVE('',#3620,#3625);
#3620 = PLANE('',#3621);
#3621 = AXIS2_PLACEMENT_3D('',#3622,#3623,#3624);
#3622 = CARTESIAN_POINT('',(-37.75,-20.6,-55.30802383018));
#3623 = DIRECTION('',(0.,0.,1.));
#3624 = DIRECTION('',(1.,0.,-0.));
#3625 = DEFINITIONAL_REPRESENTATION('',(#3626),#3630);
#3626 = CIRCLE('',#3627,3.);
#3627 = AXIS2_PLACEMENT_2D('',#3628,#3629);
#3628 = CARTESIAN_POINT('',(77.208674349295,42.132415671404));
#3629 = DIRECTION('',(1.,0.));
#3630 = ( GEOMETRIC_REPRESENTATION_CONTEXT(2) 
PARAMETRIC_REPRESENTATION_CONTEXT() REPRESENTATION_CONTEXT('2D SPACE',''
  ) );
#3631 = ORIENTED_EDGE('',*,*,#3632,.T.);
#3632 = EDGE_CURVE('',#3604,#3633,#3635,.T.);
#3633 = VERTEX_POINT('',#3634);
#3634 = CARTESIAN_POINT('',(36.607253472658,20.6,-53.30802383018));
#3635 = SURFACE_CURVE('',#3636,(#3640,#3646),.PCURVE_S1.);
#3636 = LINE('',#3637,#3638);
#3637 = CARTESIAN_POINT('',(36.607253472658,20.6,-56.50802383018));
#3638 = VECTOR('',#3639,1.);
#3639 = DIRECTION('',(0.,0.,1.));
#3640 = PCURVE('',#1251,#3641);
#3641 = DEFINITIONAL_REPRESENTATION('',(#3642),#3645);
#3642 = B_SPLINE_CURVE_WITH_KNOTS('',1,(#3643,#3644),.UNSPECIFIED.,.F.,
  .F.,(2,2),(-2.399999999625E-06,3.2000024),.PIECEWISE_BEZIER_KNOTS.);
#3643 = CARTESIAN_POINT('',(3.457632750454,-2.399999999625E-06));
#3644 = CARTESIAN_POINT('',(3.457632750454,3.2000024));
#3645 = ( GEOMETRIC_REPRESENTATION_CONTEXT(2) 
PARAMETRIC_REPRESENTATION_CONTEXT() REPRESENTATION_CONTEXT('2D SPACE',''
  ) );
#3646 = PCURVE('',#3647,#3652);
#3647 = PLANE('',#3648);
#3648 = AXIS2_PLACEMENT_3D('',#3649,#3650,#3651);
#3649 = CARTESIAN_POINT('',(-37.75,20.6,-55.30802383018));
#3650 = DIRECTION('',(-0.,1.,0.));
#3651 = DIRECTION('',(0.,0.,1.));
#3652 = DEFINITIONAL_REPRESENTATION('',(#3653),#3656);
#3653 = B_SPLINE_CURVE_WITH_KNOTS('',1,(#3654,#3655),.UNSPECIFIED.,.F.,
  .F.,(2,2),(-2.399999999625E-06,3.2000024),.PIECEWISE_BEZIER_KNOTS.);
#3654 = CARTESIAN_POINT('',(-1.2000024,74.357253472658));
#3655 = CARTESIAN_POINT('',(2.0000024,74.357253472658));
#3656 = ( GEOMETRIC_REPRESENTATION_CONTEXT(2) 
PARAMETRIC_REPRESENTATION_CONTEXT() REPRESENTATION_CONTEXT('2D SPACE',''
  ) );
#3657 = ORIENTED_EDGE('',*,*,#3658,.F.);
#3658 = EDGE_CURVE('',#3526,#3633,#3659,.T.);
#3659 = SURFACE_CURVE('',#3660,(#3665,#3672),.PCURVE_S1.);
#3660 = CIRCLE('',#3661,3.);
#3661 = AXIS2_PLACEMENT_3D('',#3662,#3663,#3664);
#3662 = CARTESIAN_POINT('',(39.458674349295,21.532415671404,
    -53.30802383018));
#3663 = DIRECTION('',(0.,0.,1.));
#3664 = DIRECTION('',(1.,0.,-0.));
#3665 = PCURVE('',#1251,#3666);
#3666 = DEFINITIONAL_REPRESENTATION('',(#3667),#3671);
#3667 = LINE('',#3668,#3669);
#3668 = CARTESIAN_POINT('',(0.,3.2));
#3669 = VECTOR('',#3670,1.);
#3670 = DIRECTION('',(1.,0.));
#3671 = ( GEOMETRIC_REPRESENTATION_CONTEXT(2) 
PARAMETRIC_REPRESENTATION_CONTEXT() REPRESENTATION_CONTEXT('2D SPACE',''
  ) );
#3672 = PCURVE('',#3565,#3673);
#3673 = DEFINITIONAL_REPRESENTATION('',(#3674),#3678);
#3674 = CIRCLE('',#3675,3.);
#3675 = AXIS2_PLACEMENT_2D('',#3676,#3677);
#3676 = CARTESIAN_POINT('',(0.,0.));
#3677 = DIRECTION('',(1.,0.));
#3678 = ( GEOMETRIC_REPRESENTATION_CONTEXT(2) 
PARAMETRIC_REPRESENTATION_CONTEXT() REPRESENTATION_CONTEXT('2D SPACE',''
  ) );
#3679 = ORIENTED_EDGE('',*,*,#3525,.F.);
#3680 = ORIENTED_EDGE('',*,*,#1290,.T.);
#3681 = ORIENTED_EDGE('',*,*,#3682,.T.);
#3682 = EDGE_CURVE('',#1291,#1180,#3683,.T.);
#3683 = SURFACE_CURVE('',#3684,(#3689,#3696),.PCURVE_S1.);
#3684 = CIRCLE('',#3685,3.);
#3685 = AXIS2_PLACEMENT_3D('',#3686,#3687,#3688);
#3686 = CARTESIAN_POINT('',(39.458674349295,21.532415671404,
    -56.50802383018));
#3687 = DIRECTION('',(0.,0.,1.));
#3688 = DIRECTION('',(1.,0.,-0.));
#3689 = PCURVE('',#1251,#3690);
#3690 = DEFINITIONAL_REPRESENTATION('',(#3691),#3695);
#3691 = LINE('',#3692,#3693);
#3692 = CARTESIAN_POINT('',(0.,0.));
#3693 = VECTOR('',#3694,1.);
#3694 = DIRECTION('',(1.,0.));
#3695 = ( GEOMETRIC_REPRESENTATION_CONTEXT(2) 
PARAMETRIC_REPRESENTATION_CONTEXT() REPRESENTATION_CONTEXT('2D SPACE',''
  ) );
#3696 = PCURVE('',#1475,#3697);
#3697 = DEFINITIONAL_REPRESENTATION('',(#3698),#3702);
#3698 = CIRCLE('',#3699,3.);
#3699 = AXIS2_PLACEMENT_2D('',#3700,#3701);
#3700 = CARTESIAN_POINT('',(0.,0.));
#3701 = DIRECTION('',(1.,0.));
#3702 = ( GEOMETRIC_REPRESENTATION_CONTEXT(2) 
PARAMETRIC_REPRESENTATION_CONTEXT() REPRESENTATION_CONTEXT('2D SPACE',''
  ) );
#3703 = ADVANCED_FACE('',(#3704),#1475,.F.);
#3704 = FACE_BOUND('',#3705,.F.);
#3705 = EDGE_LOOP('',(#3706,#3707));
#3706 = ORIENTED_EDGE('',*,*,#1460,.T.);
#3707 = ORIENTED_EDGE('',*,*,#3682,.T.);
#3708 = ADVANCED_FACE('',(#3709),#1508,.F.);
#3709 = FACE_BOUND('',#3710,.F.);
#3710 = EDGE_LOOP('',(#3711,#3735,#3757));
#3711 = ORIENTED_EDGE('',*,*,#3712,.T.);
#3712 = EDGE_CURVE('',#1492,#3713,#3715,.T.);
#3713 = VERTEX_POINT('',#3714);
#3714 = CARTESIAN_POINT('',(-36.45867434929,21.532415671404,
    -56.50802383018));
#3715 = SURFACE_CURVE('',#3716,(#3721,#3728),.PCURVE_S1.);
#3716 = CIRCLE('',#3717,3.);
#3717 = AXIS2_PLACEMENT_3D('',#3718,#3719,#3720);
#3718 = CARTESIAN_POINT('',(-39.45867434929,21.532415671404,
    -56.50802383018));
#3719 = DIRECTION('',(0.,0.,1.));
#3720 = DIRECTION('',(1.,0.,-0.));
#3721 = PCURVE('',#1508,#3722);
#3722 = DEFINITIONAL_REPRESENTATION('',(#3723),#3727);
#3723 = CIRCLE('',#3724,3.);
#3724 = AXIS2_PLACEMENT_2D('',#3725,#3726);
#3725 = CARTESIAN_POINT('',(0.,0.));
#3726 = DIRECTION('',(1.,0.));
#3727 = ( GEOMETRIC_REPRESENTATION_CONTEXT(2) 
PARAMETRIC_REPRESENTATION_CONTEXT() REPRESENTATION_CONTEXT('2D SPACE',''
  ) );
#3728 = PCURVE('',#1682,#3729);
#3729 = DEFINITIONAL_REPRESENTATION('',(#3730),#3734);
#3730 = LINE('',#3731,#3732);
#3731 = CARTESIAN_POINT('',(0.,0.));
#3732 = VECTOR('',#3733,1.);
#3733 = DIRECTION('',(1.,0.));
#3734 = ( GEOMETRIC_REPRESENTATION_CONTEXT(2) 
PARAMETRIC_REPRESENTATION_CONTEXT() REPRESENTATION_CONTEXT('2D SPACE',''
  ) );
#3735 = ORIENTED_EDGE('',*,*,#3736,.T.);
#3736 = EDGE_CURVE('',#3713,#1490,#3737,.T.);
#3737 = SURFACE_CURVE('',#3738,(#3743,#3750),.PCURVE_S1.);
#3738 = CIRCLE('',#3739,3.);
#3739 = AXIS2_PLACEMENT_3D('',#3740,#3741,#3742);
#3740 = CARTESIAN_POINT('',(-39.45867434929,21.532415671404,
    -56.50802383018));
#3741 = DIRECTION('',(0.,0.,1.));
#3742 = DIRECTION('',(1.,0.,-0.));
#3743 = PCURVE('',#1508,#3744);
#3744 = DEFINITIONAL_REPRESENTATION('',(#3745),#3749);
#3745 = CIRCLE('',#3746,3.);
#3746 = AXIS2_PLACEMENT_2D('',#3747,#3748);
#3747 = CARTESIAN_POINT('',(0.,0.));
#3748 = DIRECTION('',(1.,0.));
#3749 = ( GEOMETRIC_REPRESENTATION_CONTEXT(2) 
PARAMETRIC_REPRESENTATION_CONTEXT() REPRESENTATION_CONTEXT('2D SPACE',''
  ) );
#3750 = PCURVE('',#1682,#3751);
#3751 = DEFINITIONAL_REPRESENTATION('',(#3752),#3756);
#3752 = LINE('',#3753,#3754);
#3753 = CARTESIAN_POINT('',(0.,0.));
#3754 = VECTOR('',#3755,1.);
#3755 = DIRECTION('',(1.,0.));
#3756 = ( GEOMETRIC_REPRESENTATION_CONTEXT(2) 
PARAMETRIC_REPRESENTATION_CONTEXT() REPRESENTATION_CONTEXT('2D SPACE',''
  ) );
#3757 = ORIENTED_EDGE('',*,*,#1489,.T.);
#3758 = ADVANCED_FACE('',(#3759),#1682,.T.);
#3759 = FACE_BOUND('',#3760,.T.);
#3760 = EDGE_LOOP('',(#3761,#3792,#3813,#3814,#3815,#3816,#3817,#3841,
    #3862,#3886));
#3761 = ORIENTED_EDGE('',*,*,#3762,.F.);
#3762 = EDGE_CURVE('',#3763,#3765,#3767,.T.);
#3763 = VERTEX_POINT('',#3764);
#3764 = CARTESIAN_POINT('',(-36.45867434929,21.532415671404,
    -53.30802383018));
#3765 = VERTEX_POINT('',#3766);
#3766 = CARTESIAN_POINT('',(-37.75,19.066562478681,-53.30802383018));
#3767 = SURFACE_CURVE('',#3768,(#3773,#3780),.PCURVE_S1.);
#3768 = CIRCLE('',#3769,3.);
#3769 = AXIS2_PLACEMENT_3D('',#3770,#3771,#3772);
#3770 = CARTESIAN_POINT('',(-39.45867434929,21.532415671404,
    -53.30802383018));
#3771 = DIRECTION('',(0.,0.,1.));
#3772 = DIRECTION('',(1.,0.,-0.));
#3773 = PCURVE('',#1682,#3774);
#3774 = DEFINITIONAL_REPRESENTATION('',(#3775),#3779);
#3775 = LINE('',#3776,#3777);
#3776 = CARTESIAN_POINT('',(0.,3.2));
#3777 = VECTOR('',#3778,1.);
#3778 = DIRECTION('',(1.,0.));
#3779 = ( GEOMETRIC_REPRESENTATION_CONTEXT(2) 
PARAMETRIC_REPRESENTATION_CONTEXT() REPRESENTATION_CONTEXT('2D SPACE',''
  ) );
#3780 = PCURVE('',#3781,#3786);
#3781 = PLANE('',#3782);
#3782 = AXIS2_PLACEMENT_3D('',#3783,#3784,#3785);
#3783 = CARTESIAN_POINT('',(-39.45867434929,21.532415671404,
    -53.30802383018));
#3784 = DIRECTION('',(0.,0.,1.));
#3785 = DIRECTION('',(1.,0.,-0.));
#3786 = DEFINITIONAL_REPRESENTATION('',(#3787),#3791);
#3787 = CIRCLE('',#3788,3.);
#3788 = AXIS2_PLACEMENT_2D('',#3789,#3790);
#3789 = CARTESIAN_POINT('',(0.,0.));
#3790 = DIRECTION('',(1.,0.));
#3791 = ( GEOMETRIC_REPRESENTATION_CONTEXT(2) 
PARAMETRIC_REPRESENTATION_CONTEXT() REPRESENTATION_CONTEXT('2D SPACE',''
  ) );
#3792 = ORIENTED_EDGE('',*,*,#3793,.F.);
#3793 = EDGE_CURVE('',#3713,#3763,#3794,.T.);
#3794 = SEAM_CURVE('',#3795,(#3799,#3806),.PCURVE_S1.);
#3795 = LINE('',#3796,#3797);
#3796 = CARTESIAN_POINT('',(-36.45867434929,21.532415671404,
    -56.50802383018));
#3797 = VECTOR('',#3798,1.);
#3798 = DIRECTION('',(0.,0.,1.));
#3799 = PCURVE('',#1682,#3800);
#3800 = DEFINITIONAL_REPRESENTATION('',(#3801),#3805);
#3801 = LINE('',#3802,#3803);
#3802 = CARTESIAN_POINT('',(6.28318530718,-0.));
#3803 = VECTOR('',#3804,1.);
#3804 = DIRECTION('',(0.,1.));
#3805 = ( GEOMETRIC_REPRESENTATION_CONTEXT(2) 
PARAMETRIC_REPRESENTATION_CONTEXT() REPRESENTATION_CONTEXT('2D SPACE',''
  ) );
#3806 = PCURVE('',#1682,#3807);
#3807 = DEFINITIONAL_REPRESENTATION('',(#3808),#3812);
#3808 = LINE('',#3809,#3810);
#3809 = CARTESIAN_POINT('',(0.,-0.));
#3810 = VECTOR('',#3811,1.);
#3811 = DIRECTION('',(0.,1.));
#3812 = ( GEOMETRIC_REPRESENTATION_CONTEXT(2) 
PARAMETRIC_REPRESENTATION_CONTEXT() REPRESENTATION_CONTEXT('2D SPACE',''
  ) );
#3813 = ORIENTED_EDGE('',*,*,#3736,.T.);
#3814 = ORIENTED_EDGE('',*,*,#1520,.T.);
#3815 = ORIENTED_EDGE('',*,*,#3712,.T.);
#3816 = ORIENTED_EDGE('',*,*,#3793,.T.);
#3817 = ORIENTED_EDGE('',*,*,#3818,.F.);
#3818 = EDGE_CURVE('',#3819,#3763,#3821,.T.);
#3819 = VERTEX_POINT('',#3820);
#3820 = CARTESIAN_POINT('',(-36.60725347265,20.6,-53.30802383018));
#3821 = SURFACE_CURVE('',#3822,(#3827,#3834),.PCURVE_S1.);
#3822 = CIRCLE('',#3823,3.);
#3823 = AXIS2_PLACEMENT_3D('',#3824,#3825,#3826);
#3824 = CARTESIAN_POINT('',(-39.45867434929,21.532415671404,
    -53.30802383018));
#3825 = DIRECTION('',(0.,0.,1.));
#3826 = DIRECTION('',(1.,0.,-0.));
#3827 = PCURVE('',#1682,#3828);
#3828 = DEFINITIONAL_REPRESENTATION('',(#3829),#3833);
#3829 = LINE('',#3830,#3831);
#3830 = CARTESIAN_POINT('',(0.,3.2));
#3831 = VECTOR('',#3832,1.);
#3832 = DIRECTION('',(1.,0.));
#3833 = ( GEOMETRIC_REPRESENTATION_CONTEXT(2) 
PARAMETRIC_REPRESENTATION_CONTEXT() REPRESENTATION_CONTEXT('2D SPACE',''
  ) );
#3834 = PCURVE('',#3781,#3835);
#3835 = DEFINITIONAL_REPRESENTATION('',(#3836),#3840);
#3836 = CIRCLE('',#3837,3.);
#3837 = AXIS2_PLACEMENT_2D('',#3838,#3839);
#3838 = CARTESIAN_POINT('',(0.,0.));
#3839 = DIRECTION('',(1.,0.));
#3840 = ( GEOMETRIC_REPRESENTATION_CONTEXT(2) 
PARAMETRIC_REPRESENTATION_CONTEXT() REPRESENTATION_CONTEXT('2D SPACE',''
  ) );
#3841 = ORIENTED_EDGE('',*,*,#3842,.F.);
#3842 = EDGE_CURVE('',#3843,#3819,#3845,.T.);
#3843 = VERTEX_POINT('',#3844);
#3844 = CARTESIAN_POINT('',(-36.60725347265,20.6,-55.30802383018));
#3845 = SURFACE_CURVE('',#3846,(#3850,#3856),.PCURVE_S1.);
#3846 = LINE('',#3847,#3848);
#3847 = CARTESIAN_POINT('',(-36.60725347265,20.6,-56.50802383018));
#3848 = VECTOR('',#3849,1.);
#3849 = DIRECTION('',(0.,0.,1.));
#3850 = PCURVE('',#1682,#3851);
#3851 = DEFINITIONAL_REPRESENTATION('',(#3852),#3855);
#3852 = B_SPLINE_CURVE_WITH_KNOTS('',1,(#3853,#3854),.UNSPECIFIED.,.F.,
  .F.,(2,2),(-2.399999999625E-06,3.2000024),.PIECEWISE_BEZIER_KNOTS.);
#3853 = CARTESIAN_POINT('',(5.967145210316,-2.399999999625E-06));
#3854 = CARTESIAN_POINT('',(5.967145210316,3.2000024));
#3855 = ( GEOMETRIC_REPRESENTATION_CONTEXT(2) 
PARAMETRIC_REPRESENTATION_CONTEXT() REPRESENTATION_CONTEXT('2D SPACE',''
  ) );
#3856 = PCURVE('',#3647,#3857);
#3857 = DEFINITIONAL_REPRESENTATION('',(#3858),#3861);
#3858 = B_SPLINE_CURVE_WITH_KNOTS('',1,(#3859,#3860),.UNSPECIFIED.,.F.,
  .F.,(2,2),(-2.399999999625E-06,3.2000024),.PIECEWISE_BEZIER_KNOTS.);
#3859 = CARTESIAN_POINT('',(-1.2000024,1.142746527342));
#3860 = CARTESIAN_POINT('',(2.0000024,1.142746527342));
#3861 = ( GEOMETRIC_REPRESENTATION_CONTEXT(2) 
PARAMETRIC_REPRESENTATION_CONTEXT() REPRESENTATION_CONTEXT('2D SPACE',''
  ) );
#3862 = ORIENTED_EDGE('',*,*,#3863,.F.);
#3863 = EDGE_CURVE('',#3864,#3843,#3866,.T.);
#3864 = VERTEX_POINT('',#3865);
#3865 = CARTESIAN_POINT('',(-37.75,19.066562478681,-55.30802383018));
#3866 = SURFACE_CURVE('',#3867,(#3872,#3879),.PCURVE_S1.);
#3867 = CIRCLE('',#3868,3.);
#3868 = AXIS2_PLACEMENT_3D('',#3869,#3870,#3871);
#3869 = CARTESIAN_POINT('',(-39.45867434929,21.532415671404,
    -55.30802383018));
#3870 = DIRECTION('',(0.,0.,1.));
#3871 = DIRECTION('',(1.,0.,-0.));
#3872 = PCURVE('',#1682,#3873);
#3873 = DEFINITIONAL_REPRESENTATION('',(#3874),#3878);
#3874 = LINE('',#3875,#3876);
#3875 = CARTESIAN_POINT('',(0.,1.2));
#3876 = VECTOR('',#3877,1.);
#3877 = DIRECTION('',(1.,0.));
#3878 = ( GEOMETRIC_REPRESENTATION_CONTEXT(2) 
PARAMETRIC_REPRESENTATION_CONTEXT() REPRESENTATION_CONTEXT('2D SPACE',''
  ) );
#3879 = PCURVE('',#3620,#3880);
#3880 = DEFINITIONAL_REPRESENTATION('',(#3881),#3885);
#3881 = CIRCLE('',#3882,3.);
#3882 = AXIS2_PLACEMENT_2D('',#3883,#3884);
#3883 = CARTESIAN_POINT('',(-1.708674349295,42.132415671404));
#3884 = DIRECTION('',(1.,0.));
#3885 = ( GEOMETRIC_REPRESENTATION_CONTEXT(2) 
PARAMETRIC_REPRESENTATION_CONTEXT() REPRESENTATION_CONTEXT('2D SPACE',''
  ) );
#3886 = ORIENTED_EDGE('',*,*,#3887,.T.);
#3887 = EDGE_CURVE('',#3864,#3765,#3888,.T.);
#3888 = SURFACE_CURVE('',#3889,(#3893,#3899),.PCURVE_S1.);
#3889 = LINE('',#3890,#3891);
#3890 = CARTESIAN_POINT('',(-37.75,19.066562478681,-56.50802383018));
#3891 = VECTOR('',#3892,1.);
#3892 = DIRECTION('',(0.,0.,1.));
#3893 = PCURVE('',#1682,#3894);
#3894 = DEFINITIONAL_REPRESENTATION('',(#3895),#3898);
#3895 = B_SPLINE_CURVE_WITH_KNOTS('',1,(#3896,#3897),.UNSPECIFIED.,.F.,
  .F.,(2,2),(-2.399999999625E-06,3.2000024),.PIECEWISE_BEZIER_KNOTS.);
#3896 = CARTESIAN_POINT('',(5.318357132144,-2.399999999625E-06));
#3897 = CARTESIAN_POINT('',(5.318357132144,3.2000024));
#3898 = ( GEOMETRIC_REPRESENTATION_CONTEXT(2) 
PARAMETRIC_REPRESENTATION_CONTEXT() REPRESENTATION_CONTEXT('2D SPACE',''
  ) );
#3899 = PCURVE('',#3900,#3905);
#3900 = PLANE('',#3901);
#3901 = AXIS2_PLACEMENT_3D('',#3902,#3903,#3904);
#3902 = CARTESIAN_POINT('',(-37.75,-20.6,-55.30802383018));
#3903 = DIRECTION('',(1.,0.,-0.));
#3904 = DIRECTION('',(0.,0.,1.));
#3905 = DEFINITIONAL_REPRESENTATION('',(#3906),#3909);
#3906 = B_SPLINE_CURVE_WITH_KNOTS('',1,(#3907,#3908),.UNSPECIFIED.,.F.,
  .F.,(2,2),(-2.399999999625E-06,3.2000024),.PIECEWISE_BEZIER_KNOTS.);
#3907 = CARTESIAN_POINT('',(-1.2000024,-39.66656247868));
#3908 = CARTESIAN_POINT('',(2.0000024,-39.66656247868));
#3909 = ( GEOMETRIC_REPRESENTATION_CONTEXT(2) 
PARAMETRIC_REPRESENTATION_CONTEXT() REPRESENTATION_CONTEXT('2D SPACE',''
  ) );
#3910 = ADVANCED_FACE('',(#3911),#1896,.T.);
#3911 = FACE_BOUND('',#3912,.T.);
#3912 = EDGE_LOOP('',(#3913,#3914,#3937,#3966,#3992,#4016,#4037,#4059,
    #4060,#4061));
#3913 = ORIENTED_EDGE('',*,*,#1770,.T.);
#3914 = ORIENTED_EDGE('',*,*,#3915,.T.);
#3915 = EDGE_CURVE('',#1773,#3916,#3918,.T.);
#3916 = VERTEX_POINT('',#3917);
#3917 = CARTESIAN_POINT('',(42.458674349295,-21.5324156714,
    -53.30802383018));
#3918 = SEAM_CURVE('',#3919,(#3923,#3930),.PCURVE_S1.);
#3919 = LINE('',#3920,#3921);
#3920 = CARTESIAN_POINT('',(42.458674349295,-21.5324156714,
    -56.50802383018));
#3921 = VECTOR('',#3922,1.);
#3922 = DIRECTION('',(0.,0.,1.));
#3923 = PCURVE('',#1896,#3924);
#3924 = DEFINITIONAL_REPRESENTATION('',(#3925),#3929);
#3925 = LINE('',#3926,#3927);
#3926 = CARTESIAN_POINT('',(0.,-0.));
#3927 = VECTOR('',#3928,1.);
#3928 = DIRECTION('',(0.,1.));
#3929 = ( GEOMETRIC_REPRESENTATION_CONTEXT(2) 
PARAMETRIC_REPRESENTATION_CONTEXT() REPRESENTATION_CONTEXT('2D SPACE',''
  ) );
#3930 = PCURVE('',#1896,#3931);
#3931 = DEFINITIONAL_REPRESENTATION('',(#3932),#3936);
#3932 = LINE('',#3933,#3934);
#3933 = CARTESIAN_POINT('',(6.28318530718,-0.));
#3934 = VECTOR('',#3935,1.);
#3935 = DIRECTION('',(0.,1.));
#3936 = ( GEOMETRIC_REPRESENTATION_CONTEXT(2) 
PARAMETRIC_REPRESENTATION_CONTEXT() REPRESENTATION_CONTEXT('2D SPACE',''
  ) );
#3937 = ORIENTED_EDGE('',*,*,#3938,.F.);
#3938 = EDGE_CURVE('',#3939,#3916,#3941,.T.);
#3939 = VERTEX_POINT('',#3940);
#3940 = CARTESIAN_POINT('',(36.607253472658,-20.6,-53.30802383018));
#3941 = SURFACE_CURVE('',#3942,(#3947,#3954),.PCURVE_S1.);
#3942 = CIRCLE('',#3943,3.);
#3943 = AXIS2_PLACEMENT_3D('',#3944,#3945,#3946);
#3944 = CARTESIAN_POINT('',(39.458674349295,-21.5324156714,
    -53.30802383018));
#3945 = DIRECTION('',(0.,0.,1.));
#3946 = DIRECTION('',(1.,0.,-0.));
#3947 = PCURVE('',#1896,#3948);
#3948 = DEFINITIONAL_REPRESENTATION('',(#3949),#3953);
#3949 = LINE('',#3950,#3951);
#3950 = CARTESIAN_POINT('',(0.,3.2));
#3951 = VECTOR('',#3952,1.);
#3952 = DIRECTION('',(1.,0.));
#3953 = ( GEOMETRIC_REPRESENTATION_CONTEXT(2) 
PARAMETRIC_REPRESENTATION_CONTEXT() REPRESENTATION_CONTEXT('2D SPACE',''
  ) );
#3954 = PCURVE('',#3955,#3960);
#3955 = PLANE('',#3956);
#3956 = AXIS2_PLACEMENT_3D('',#3957,#3958,#3959);
#3957 = CARTESIAN_POINT('',(39.458674349295,-21.5324156714,
    -53.30802383018));
#3958 = DIRECTION('',(0.,0.,1.));
#3959 = DIRECTION('',(1.,0.,-0.));
#3960 = DEFINITIONAL_REPRESENTATION('',(#3961),#3965);
#3961 = CIRCLE('',#3962,3.);
#3962 = AXIS2_PLACEMENT_2D('',#3963,#3964);
#3963 = CARTESIAN_POINT('',(0.,0.));
#3964 = DIRECTION('',(1.,0.));
#3965 = ( GEOMETRIC_REPRESENTATION_CONTEXT(2) 
PARAMETRIC_REPRESENTATION_CONTEXT() REPRESENTATION_CONTEXT('2D SPACE',''
  ) );
#3966 = ORIENTED_EDGE('',*,*,#3967,.F.);
#3967 = EDGE_CURVE('',#3968,#3939,#3970,.T.);
#3968 = VERTEX_POINT('',#3969);
#3969 = CARTESIAN_POINT('',(36.607253472658,-20.6,-55.30802383018));
#3970 = SURFACE_CURVE('',#3971,(#3975,#3981),.PCURVE_S1.);
#3971 = LINE('',#3972,#3973);
#3972 = CARTESIAN_POINT('',(36.607253472658,-20.6,-56.50802383018));
#3973 = VECTOR('',#3974,1.);
#3974 = DIRECTION('',(0.,0.,1.));
#3975 = PCURVE('',#1896,#3976);
#3976 = DEFINITIONAL_REPRESENTATION('',(#3977),#3980);
#3977 = B_SPLINE_CURVE_WITH_KNOTS('',1,(#3978,#3979),.UNSPECIFIED.,.F.,
  .F.,(2,2),(-2.399999999625E-06,3.2000024),.PIECEWISE_BEZIER_KNOTS.);
#3978 = CARTESIAN_POINT('',(2.825552556726,-2.399999999625E-06));
#3979 = CARTESIAN_POINT('',(2.825552556726,3.2000024));
#3980 = ( GEOMETRIC_REPRESENTATION_CONTEXT(2) 
PARAMETRIC_REPRESENTATION_CONTEXT() REPRESENTATION_CONTEXT('2D SPACE',''
  ) );
#3981 = PCURVE('',#3982,#3987);
#3982 = PLANE('',#3983);
#3983 = AXIS2_PLACEMENT_3D('',#3984,#3985,#3986);
#3984 = CARTESIAN_POINT('',(-37.75,-20.6,-55.30802383018));
#3985 = DIRECTION('',(-0.,1.,0.));
#3986 = DIRECTION('',(0.,0.,1.));
#3987 = DEFINITIONAL_REPRESENTATION('',(#3988),#3991);
#3988 = B_SPLINE_CURVE_WITH_KNOTS('',1,(#3989,#3990),.UNSPECIFIED.,.F.,
  .F.,(2,2),(-2.399999999625E-06,3.2000024),.PIECEWISE_BEZIER_KNOTS.);
#3989 = CARTESIAN_POINT('',(-1.2000024,74.357253472658));
#3990 = CARTESIAN_POINT('',(2.0000024,74.357253472658));
#3991 = ( GEOMETRIC_REPRESENTATION_CONTEXT(2) 
PARAMETRIC_REPRESENTATION_CONTEXT() REPRESENTATION_CONTEXT('2D SPACE',''
  ) );
#3992 = ORIENTED_EDGE('',*,*,#3993,.F.);
#3993 = EDGE_CURVE('',#3994,#3968,#3996,.T.);
#3994 = VERTEX_POINT('',#3995);
#3995 = CARTESIAN_POINT('',(37.75,-19.06656247868,-55.30802383018));
#3996 = SURFACE_CURVE('',#3997,(#4002,#4009),.PCURVE_S1.);
#3997 = CIRCLE('',#3998,3.);
#3998 = AXIS2_PLACEMENT_3D('',#3999,#4000,#4001);
#3999 = CARTESIAN_POINT('',(39.458674349295,-21.5324156714,
    -55.30802383018));
#4000 = DIRECTION('',(0.,0.,1.));
#4001 = DIRECTION('',(1.,0.,-0.));
#4002 = PCURVE('',#1896,#4003);
#4003 = DEFINITIONAL_REPRESENTATION('',(#4004),#4008);
#4004 = LINE('',#4005,#4006);
#4005 = CARTESIAN_POINT('',(0.,1.2));
#4006 = VECTOR('',#4007,1.);
#4007 = DIRECTION('',(1.,0.));
#4008 = ( GEOMETRIC_REPRESENTATION_CONTEXT(2) 
PARAMETRIC_REPRESENTATION_CONTEXT() REPRESENTATION_CONTEXT('2D SPACE',''
  ) );
#4009 = PCURVE('',#3620,#4010);
#4010 = DEFINITIONAL_REPRESENTATION('',(#4011),#4015);
#4011 = CIRCLE('',#4012,3.);
#4012 = AXIS2_PLACEMENT_2D('',#4013,#4014);
#4013 = CARTESIAN_POINT('',(77.208674349295,-0.932415671404));
#4014 = DIRECTION('',(1.,0.));
#4015 = ( GEOMETRIC_REPRESENTATION_CONTEXT(2) 
PARAMETRIC_REPRESENTATION_CONTEXT() REPRESENTATION_CONTEXT('2D SPACE',''
  ) );
#4016 = ORIENTED_EDGE('',*,*,#4017,.T.);
#4017 = EDGE_CURVE('',#3994,#4018,#4020,.T.);
#4018 = VERTEX_POINT('',#4019);
#4019 = CARTESIAN_POINT('',(37.75,-19.06656247868,-53.30802383018));
#4020 = SURFACE_CURVE('',#4021,(#4025,#4031),.PCURVE_S1.);
#4021 = LINE('',#4022,#4023);
#4022 = CARTESIAN_POINT('',(37.75,-19.06656247868,-56.50802383018));
#4023 = VECTOR('',#4024,1.);
#4024 = DIRECTION('',(0.,0.,1.));
#4025 = PCURVE('',#1896,#4026);
#4026 = DEFINITIONAL_REPRESENTATION('',(#4027),#4030);
#4027 = B_SPLINE_CURVE_WITH_KNOTS('',1,(#4028,#4029),.UNSPECIFIED.,.F.,
  .F.,(2,2),(0.36,3.2000024),.PIECEWISE_BEZIER_KNOTS.);
#4028 = CARTESIAN_POINT('',(2.176764478554,0.36));
#4029 = CARTESIAN_POINT('',(2.176764478554,3.2000024));
#4030 = ( GEOMETRIC_REPRESENTATION_CONTEXT(2) 
PARAMETRIC_REPRESENTATION_CONTEXT() REPRESENTATION_CONTEXT('2D SPACE',''
  ) );
#4031 = PCURVE('',#3592,#4032);
#4032 = DEFINITIONAL_REPRESENTATION('',(#4033),#4036);
#4033 = B_SPLINE_CURVE_WITH_KNOTS('',1,(#4034,#4035),.UNSPECIFIED.,.F.,
  .F.,(2,2),(0.36,3.2000024),.PIECEWISE_BEZIER_KNOTS.);
#4034 = CARTESIAN_POINT('',(-0.84,-1.533437521319));
#4035 = CARTESIAN_POINT('',(2.0000024,-1.533437521319));
#4036 = ( GEOMETRIC_REPRESENTATION_CONTEXT(2) 
PARAMETRIC_REPRESENTATION_CONTEXT() REPRESENTATION_CONTEXT('2D SPACE',''
  ) );
#4037 = ORIENTED_EDGE('',*,*,#4038,.F.);
#4038 = EDGE_CURVE('',#3916,#4018,#4039,.T.);
#4039 = SURFACE_CURVE('',#4040,(#4045,#4052),.PCURVE_S1.);
#4040 = CIRCLE('',#4041,3.);
#4041 = AXIS2_PLACEMENT_3D('',#4042,#4043,#4044);
#4042 = CARTESIAN_POINT('',(39.458674349295,-21.5324156714,
    -53.30802383018));
#4043 = DIRECTION('',(0.,0.,1.));
#4044 = DIRECTION('',(1.,0.,-0.));
#4045 = PCURVE('',#1896,#4046);
#4046 = DEFINITIONAL_REPRESENTATION('',(#4047),#4051);
#4047 = LINE('',#4048,#4049);
#4048 = CARTESIAN_POINT('',(0.,3.2));
#4049 = VECTOR('',#4050,1.);
#4050 = DIRECTION('',(1.,0.));
#4051 = ( GEOMETRIC_REPRESENTATION_CONTEXT(2) 
PARAMETRIC_REPRESENTATION_CONTEXT() REPRESENTATION_CONTEXT('2D SPACE',''
  ) );
#4052 = PCURVE('',#3955,#4053);
#4053 = DEFINITIONAL_REPRESENTATION('',(#4054),#4058);
#4054 = CIRCLE('',#4055,3.);
#4055 = AXIS2_PLACEMENT_2D('',#4056,#4057);
#4056 = CARTESIAN_POINT('',(0.,0.));
#4057 = DIRECTION('',(1.,0.));
#4058 = ( GEOMETRIC_REPRESENTATION_CONTEXT(2) 
PARAMETRIC_REPRESENTATION_CONTEXT() REPRESENTATION_CONTEXT('2D SPACE',''
  ) );
#4059 = ORIENTED_EDGE('',*,*,#3915,.F.);
#4060 = ORIENTED_EDGE('',*,*,#1962,.T.);
#4061 = ORIENTED_EDGE('',*,*,#4062,.T.);
#4062 = EDGE_CURVE('',#1963,#1771,#4063,.T.);
#4063 = SURFACE_CURVE('',#4064,(#4069,#4076),.PCURVE_S1.);
#4064 = CIRCLE('',#4065,3.);
#4065 = AXIS2_PLACEMENT_3D('',#4066,#4067,#4068);
#4066 = CARTESIAN_POINT('',(39.458674349295,-21.5324156714,
    -56.50802383018));
#4067 = DIRECTION('',(0.,0.,1.));
#4068 = DIRECTION('',(1.,0.,-0.));
#4069 = PCURVE('',#1896,#4070);
#4070 = DEFINITIONAL_REPRESENTATION('',(#4071),#4075);
#4071 = LINE('',#4072,#4073);
#4072 = CARTESIAN_POINT('',(0.,0.));
#4073 = VECTOR('',#4074,1.);
#4074 = DIRECTION('',(1.,0.));
#4075 = ( GEOMETRIC_REPRESENTATION_CONTEXT(2) 
PARAMETRIC_REPRESENTATION_CONTEXT() REPRESENTATION_CONTEXT('2D SPACE',''
  ) );
#4076 = PCURVE('',#2057,#4077);
#4077 = DEFINITIONAL_REPRESENTATION('',(#4078),#4082);
#4078 = CIRCLE('',#4079,3.);
#4079 = AXIS2_PLACEMENT_2D('',#4080,#4081);
#4080 = CARTESIAN_POINT('',(0.,0.));
#4081 = DIRECTION('',(1.,0.));
#4082 = ( GEOMETRIC_REPRESENTATION_CONTEXT(2) 
PARAMETRIC_REPRESENTATION_CONTEXT() REPRESENTATION_CONTEXT('2D SPACE',''
  ) );
#4083 = ADVANCED_FACE('',(#4084),#2057,.F.);
#4084 = FACE_BOUND('',#4085,.F.);
#4085 = EDGE_LOOP('',(#4086,#4087));
#4086 = ORIENTED_EDGE('',*,*,#2042,.T.);
#4087 = ORIENTED_EDGE('',*,*,#4062,.T.);
#4088 = ADVANCED_FACE('',(#4089),#2090,.F.);
#4089 = FACE_BOUND('',#4090,.F.);
#4090 = EDGE_LOOP('',(#4091,#4115,#4137));
#4091 = ORIENTED_EDGE('',*,*,#4092,.T.);
#4092 = EDGE_CURVE('',#2074,#4093,#4095,.T.);
#4093 = VERTEX_POINT('',#4094);
#4094 = CARTESIAN_POINT('',(-36.45867434929,-21.5324156714,
    -56.50802383018));
#4095 = SURFACE_CURVE('',#4096,(#4101,#4108),.PCURVE_S1.);
#4096 = CIRCLE('',#4097,3.);
#4097 = AXIS2_PLACEMENT_3D('',#4098,#4099,#4100);
#4098 = CARTESIAN_POINT('',(-39.45867434929,-21.5324156714,
    -56.50802383018));
#4099 = DIRECTION('',(0.,0.,1.));
#4100 = DIRECTION('',(1.,0.,-0.));
#4101 = PCURVE('',#2090,#4102);
#4102 = DEFINITIONAL_REPRESENTATION('',(#4103),#4107);
#4103 = CIRCLE('',#4104,3.);
#4104 = AXIS2_PLACEMENT_2D('',#4105,#4106);
#4105 = CARTESIAN_POINT('',(0.,0.));
#4106 = DIRECTION('',(1.,0.));
#4107 = ( GEOMETRIC_REPRESENTATION_CONTEXT(2) 
PARAMETRIC_REPRESENTATION_CONTEXT() REPRESENTATION_CONTEXT('2D SPACE',''
  ) );
#4108 = PCURVE('',#2264,#4109);
#4109 = DEFINITIONAL_REPRESENTATION('',(#4110),#4114);
#4110 = LINE('',#4111,#4112);
#4111 = CARTESIAN_POINT('',(0.,0.));
#4112 = VECTOR('',#4113,1.);
#4113 = DIRECTION('',(1.,0.));
#4114 = ( GEOMETRIC_REPRESENTATION_CONTEXT(2) 
PARAMETRIC_REPRESENTATION_CONTEXT() REPRESENTATION_CONTEXT('2D SPACE',''
  ) );
#4115 = ORIENTED_EDGE('',*,*,#4116,.T.);
#4116 = EDGE_CURVE('',#4093,#2072,#4117,.T.);
#4117 = SURFACE_CURVE('',#4118,(#4123,#4130),.PCURVE_S1.);
#4118 = CIRCLE('',#4119,3.);
#4119 = AXIS2_PLACEMENT_3D('',#4120,#4121,#4122);
#4120 = CARTESIAN_POINT('',(-39.45867434929,-21.5324156714,
    -56.50802383018));
#4121 = DIRECTION('',(0.,0.,1.));
#4122 = DIRECTION('',(1.,0.,-0.));
#4123 = PCURVE('',#2090,#4124);
#4124 = DEFINITIONAL_REPRESENTATION('',(#4125),#4129);
#4125 = CIRCLE('',#4126,3.);
#4126 = AXIS2_PLACEMENT_2D('',#4127,#4128);
#4127 = CARTESIAN_POINT('',(0.,0.));
#4128 = DIRECTION('',(1.,0.));
#4129 = ( GEOMETRIC_REPRESENTATION_CONTEXT(2) 
PARAMETRIC_REPRESENTATION_CONTEXT() REPRESENTATION_CONTEXT('2D SPACE',''
  ) );
#4130 = PCURVE('',#2264,#4131);
#4131 = DEFINITIONAL_REPRESENTATION('',(#4132),#4136);
#4132 = LINE('',#4133,#4134);
#4133 = CARTESIAN_POINT('',(0.,0.));
#4134 = VECTOR('',#4135,1.);
#4135 = DIRECTION('',(1.,0.));
#4136 = ( GEOMETRIC_REPRESENTATION_CONTEXT(2) 
PARAMETRIC_REPRESENTATION_CONTEXT() REPRESENTATION_CONTEXT('2D SPACE',''
  ) );
#4137 = ORIENTED_EDGE('',*,*,#2071,.T.);
#4138 = ADVANCED_FACE('',(#4139),#2264,.T.);
#4139 = FACE_BOUND('',#4140,.T.);
#4140 = EDGE_LOOP('',(#4141,#4172,#4193,#4194,#4195,#4196,#4197,#4221,
    #4242,#4266));
#4141 = ORIENTED_EDGE('',*,*,#4142,.F.);
#4142 = EDGE_CURVE('',#4143,#4145,#4147,.T.);
#4143 = VERTEX_POINT('',#4144);
#4144 = CARTESIAN_POINT('',(-36.45867434929,-21.5324156714,
    -53.30802383018));
#4145 = VERTEX_POINT('',#4146);
#4146 = CARTESIAN_POINT('',(-36.60725347265,-20.6,-53.30802383018));
#4147 = SURFACE_CURVE('',#4148,(#4153,#4160),.PCURVE_S1.);
#4148 = CIRCLE('',#4149,3.);
#4149 = AXIS2_PLACEMENT_3D('',#4150,#4151,#4152);
#4150 = CARTESIAN_POINT('',(-39.45867434929,-21.5324156714,
    -53.30802383018));
#4151 = DIRECTION('',(0.,0.,1.));
#4152 = DIRECTION('',(1.,0.,-0.));
#4153 = PCURVE('',#2264,#4154);
#4154 = DEFINITIONAL_REPRESENTATION('',(#4155),#4159);
#4155 = LINE('',#4156,#4157);
#4156 = CARTESIAN_POINT('',(0.,3.2));
#4157 = VECTOR('',#4158,1.);
#4158 = DIRECTION('',(1.,0.));
#4159 = ( GEOMETRIC_REPRESENTATION_CONTEXT(2) 
PARAMETRIC_REPRESENTATION_CONTEXT() REPRESENTATION_CONTEXT('2D SPACE',''
  ) );
#4160 = PCURVE('',#4161,#4166);
#4161 = PLANE('',#4162);
#4162 = AXIS2_PLACEMENT_3D('',#4163,#4164,#4165);
#4163 = CARTESIAN_POINT('',(-39.45867434929,-21.5324156714,
    -53.30802383018));
#4164 = DIRECTION('',(0.,0.,1.));
#4165 = DIRECTION('',(1.,0.,-0.));
#4166 = DEFINITIONAL_REPRESENTATION('',(#4167),#4171);
#4167 = CIRCLE('',#4168,3.);
#4168 = AXIS2_PLACEMENT_2D('',#4169,#4170);
#4169 = CARTESIAN_POINT('',(0.,0.));
#4170 = DIRECTION('',(1.,0.));
#4171 = ( GEOMETRIC_REPRESENTATION_CONTEXT(2) 
PARAMETRIC_REPRESENTATION_CONTEXT() REPRESENTATION_CONTEXT('2D SPACE',''
  ) );
#4172 = ORIENTED_EDGE('',*,*,#4173,.F.);
#4173 = EDGE_CURVE('',#4093,#4143,#4174,.T.);
#4174 = SEAM_CURVE('',#4175,(#4179,#4186),.PCURVE_S1.);
#4175 = LINE('',#4176,#4177);
#4176 = CARTESIAN_POINT('',(-36.45867434929,-21.5324156714,
    -56.50802383018));
#4177 = VECTOR('',#4178,1.);
#4178 = DIRECTION('',(0.,0.,1.));
#4179 = PCURVE('',#2264,#4180);
#4180 = DEFINITIONAL_REPRESENTATION('',(#4181),#4185);
#4181 = LINE('',#4182,#4183);
#4182 = CARTESIAN_POINT('',(6.28318530718,-0.));
#4183 = VECTOR('',#4184,1.);
#4184 = DIRECTION('',(0.,1.));
#4185 = ( GEOMETRIC_REPRESENTATION_CONTEXT(2) 
PARAMETRIC_REPRESENTATION_CONTEXT() REPRESENTATION_CONTEXT('2D SPACE',''
  ) );
#4186 = PCURVE('',#2264,#4187);
#4187 = DEFINITIONAL_REPRESENTATION('',(#4188),#4192);
#4188 = LINE('',#4189,#4190);
#4189 = CARTESIAN_POINT('',(0.,-0.));
#4190 = VECTOR('',#4191,1.);
#4191 = DIRECTION('',(0.,1.));
#4192 = ( GEOMETRIC_REPRESENTATION_CONTEXT(2) 
PARAMETRIC_REPRESENTATION_CONTEXT() REPRESENTATION_CONTEXT('2D SPACE',''
  ) );
#4193 = ORIENTED_EDGE('',*,*,#4116,.T.);
#4194 = ORIENTED_EDGE('',*,*,#2102,.T.);
#4195 = ORIENTED_EDGE('',*,*,#4092,.T.);
#4196 = ORIENTED_EDGE('',*,*,#4173,.T.);
#4197 = ORIENTED_EDGE('',*,*,#4198,.F.);
#4198 = EDGE_CURVE('',#4199,#4143,#4201,.T.);
#4199 = VERTEX_POINT('',#4200);
#4200 = CARTESIAN_POINT('',(-37.75,-19.06656247868,-53.30802383018));
#4201 = SURFACE_CURVE('',#4202,(#4207,#4214),.PCURVE_S1.);
#4202 = CIRCLE('',#4203,3.);
#4203 = AXIS2_PLACEMENT_3D('',#4204,#4205,#4206);
#4204 = CARTESIAN_POINT('',(-39.45867434929,-21.5324156714,
    -53.30802383018));
#4205 = DIRECTION('',(0.,0.,1.));
#4206 = DIRECTION('',(1.,0.,-0.));
#4207 = PCURVE('',#2264,#4208);
#4208 = DEFINITIONAL_REPRESENTATION('',(#4209),#4213);
#4209 = LINE('',#4210,#4211);
#4210 = CARTESIAN_POINT('',(0.,3.2));
#4211 = VECTOR('',#4212,1.);
#4212 = DIRECTION('',(1.,0.));
#4213 = ( GEOMETRIC_REPRESENTATION_CONTEXT(2) 
PARAMETRIC_REPRESENTATION_CONTEXT() REPRESENTATION_CONTEXT('2D SPACE',''
  ) );
#4214 = PCURVE('',#4161,#4215);
#4215 = DEFINITIONAL_REPRESENTATION('',(#4216),#4220);
#4216 = CIRCLE('',#4217,3.);
#4217 = AXIS2_PLACEMENT_2D('',#4218,#4219);
#4218 = CARTESIAN_POINT('',(0.,0.));
#4219 = DIRECTION('',(1.,0.));
#4220 = ( GEOMETRIC_REPRESENTATION_CONTEXT(2) 
PARAMETRIC_REPRESENTATION_CONTEXT() REPRESENTATION_CONTEXT('2D SPACE',''
  ) );
#4221 = ORIENTED_EDGE('',*,*,#4222,.F.);
#4222 = EDGE_CURVE('',#4223,#4199,#4225,.T.);
#4223 = VERTEX_POINT('',#4224);
#4224 = CARTESIAN_POINT('',(-37.75,-19.06656247868,-55.30802383018));
#4225 = SURFACE_CURVE('',#4226,(#4230,#4236),.PCURVE_S1.);
#4226 = LINE('',#4227,#4228);
#4227 = CARTESIAN_POINT('',(-37.75,-19.06656247868,-56.50802383018));
#4228 = VECTOR('',#4229,1.);
#4229 = DIRECTION('',(0.,0.,1.));
#4230 = PCURVE('',#2264,#4231);
#4231 = DEFINITIONAL_REPRESENTATION('',(#4232),#4235);
#4232 = B_SPLINE_CURVE_WITH_KNOTS('',1,(#4233,#4234),.UNSPECIFIED.,.F.,
  .F.,(2,2),(-2.399999999625E-06,3.2000024),.PIECEWISE_BEZIER_KNOTS.);
#4233 = CARTESIAN_POINT('',(0.964828175036,-2.399999999625E-06));
#4234 = CARTESIAN_POINT('',(0.964828175036,3.2000024));
#4235 = ( GEOMETRIC_REPRESENTATION_CONTEXT(2) 
PARAMETRIC_REPRESENTATION_CONTEXT() REPRESENTATION_CONTEXT('2D SPACE',''
  ) );
#4236 = PCURVE('',#3900,#4237);
#4237 = DEFINITIONAL_REPRESENTATION('',(#4238),#4241);
#4238 = B_SPLINE_CURVE_WITH_KNOTS('',1,(#4239,#4240),.UNSPECIFIED.,.F.,
  .F.,(2,2),(-2.399999999625E-06,3.2000024),.PIECEWISE_BEZIER_KNOTS.);
#4239 = CARTESIAN_POINT('',(-1.2000024,-1.533437521319));
#4240 = CARTESIAN_POINT('',(2.0000024,-1.533437521319));
#4241 = ( GEOMETRIC_REPRESENTATION_CONTEXT(2) 
PARAMETRIC_REPRESENTATION_CONTEXT() REPRESENTATION_CONTEXT('2D SPACE',''
  ) );
#4242 = ORIENTED_EDGE('',*,*,#4243,.F.);
#4243 = EDGE_CURVE('',#4244,#4223,#4246,.T.);
#4244 = VERTEX_POINT('',#4245);
#4245 = CARTESIAN_POINT('',(-36.60725347265,-20.6,-55.30802383018));
#4246 = SURFACE_CURVE('',#4247,(#4252,#4259),.PCURVE_S1.);
#4247 = CIRCLE('',#4248,3.);
#4248 = AXIS2_PLACEMENT_3D('',#4249,#4250,#4251);
#4249 = CARTESIAN_POINT('',(-39.45867434929,-21.5324156714,
    -55.30802383018));
#4250 = DIRECTION('',(0.,0.,1.));
#4251 = DIRECTION('',(1.,0.,-0.));
#4252 = PCURVE('',#2264,#4253);
#4253 = DEFINITIONAL_REPRESENTATION('',(#4254),#4258);
#4254 = LINE('',#4255,#4256);
#4255 = CARTESIAN_POINT('',(0.,1.2));
#4256 = VECTOR('',#4257,1.);
#4257 = DIRECTION('',(1.,0.));
#4258 = ( GEOMETRIC_REPRESENTATION_CONTEXT(2) 
PARAMETRIC_REPRESENTATION_CONTEXT() REPRESENTATION_CONTEXT('2D SPACE',''
  ) );
#4259 = PCURVE('',#3620,#4260);
#4260 = DEFINITIONAL_REPRESENTATION('',(#4261),#4265);
#4261 = CIRCLE('',#4262,3.);
#4262 = AXIS2_PLACEMENT_2D('',#4263,#4264);
#4263 = CARTESIAN_POINT('',(-1.708674349295,-0.932415671404));
#4264 = DIRECTION('',(1.,0.));
#4265 = ( GEOMETRIC_REPRESENTATION_CONTEXT(2) 
PARAMETRIC_REPRESENTATION_CONTEXT() REPRESENTATION_CONTEXT('2D SPACE',''
  ) );
#4266 = ORIENTED_EDGE('',*,*,#4267,.T.);
#4267 = EDGE_CURVE('',#4244,#4145,#4268,.T.);
#4268 = SURFACE_CURVE('',#4269,(#4273,#4279),.PCURVE_S1.);
#4269 = LINE('',#4270,#4271);
#4270 = CARTESIAN_POINT('',(-36.60725347265,-20.6,-56.50802383018));
#4271 = VECTOR('',#4272,1.);
#4272 = DIRECTION('',(0.,0.,1.));
#4273 = PCURVE('',#2264,#4274);
#4274 = DEFINITIONAL_REPRESENTATION('',(#4275),#4278);
#4275 = B_SPLINE_CURVE_WITH_KNOTS('',1,(#4276,#4277),.UNSPECIFIED.,.F.,
  .F.,(2,2),(-2.399999999625E-06,3.2000024),.PIECEWISE_BEZIER_KNOTS.);
#4276 = CARTESIAN_POINT('',(0.316040096864,-2.399999999625E-06));
#4277 = CARTESIAN_POINT('',(0.316040096864,3.2000024));
#4278 = ( GEOMETRIC_REPRESENTATION_CONTEXT(2) 
PARAMETRIC_REPRESENTATION_CONTEXT() REPRESENTATION_CONTEXT('2D SPACE',''
  ) );
#4279 = PCURVE('',#3982,#4280);
#4280 = DEFINITIONAL_REPRESENTATION('',(#4281),#4284);
#4281 = B_SPLINE_CURVE_WITH_KNOTS('',1,(#4282,#4283),.UNSPECIFIED.,.F.,
  .F.,(2,2),(-2.399999999625E-06,3.2000024),.PIECEWISE_BEZIER_KNOTS.);
#4282 = CARTESIAN_POINT('',(-1.2000024,1.142746527342));
#4283 = CARTESIAN_POINT('',(2.0000024,1.142746527342));
#4284 = ( GEOMETRIC_REPRESENTATION_CONTEXT(2) 
PARAMETRIC_REPRESENTATION_CONTEXT() REPRESENTATION_CONTEXT('2D SPACE',''
  ) );
#4285 = ADVANCED_FACE('',(#4286),#2466,.T.);
#4286 = FACE_BOUND('',#4287,.T.);
#4287 = EDGE_LOOP('',(#4288,#4289,#4290,#4291));
#4288 = ORIENTED_EDGE('',*,*,#2578,.F.);
#4289 = ORIENTED_EDGE('',*,*,#2672,.T.);
#4290 = ORIENTED_EDGE('',*,*,#2699,.T.);
#4291 = ORIENTED_EDGE('',*,*,#2452,.F.);
#4292 = ADVANCED_FACE('',(#4293),#2417,.T.);
#4293 = FACE_BOUND('',#4294,.T.);
#4294 = EDGE_LOOP('',(#4295,#4296,#4297,#4298));
#4295 = ORIENTED_EDGE('',*,*,#2401,.F.);
#4296 = ORIENTED_EDGE('',*,*,#2506,.F.);
#4297 = ORIENTED_EDGE('',*,*,#2532,.T.);
#4298 = ORIENTED_EDGE('',*,*,#2624,.F.);
#4299 = ADVANCED_FACE('',(#4300),#2743,.F.);
#4300 = FACE_BOUND('',#4301,.F.);
#4301 = EDGE_LOOP('',(#4302,#4303,#4324,#4325));
#4302 = ORIENTED_EDGE('',*,*,#2726,.F.);
#4303 = ORIENTED_EDGE('',*,*,#4304,.F.);
#4304 = EDGE_CURVE('',#3498,#2727,#4305,.T.);
#4305 = SEAM_CURVE('',#4306,(#4310,#4317),.PCURVE_S1.);
#4306 = LINE('',#4307,#4308);
#4307 = CARTESIAN_POINT('',(60.926179071422,-1.492261003682E-14,-3.1));
#4308 = VECTOR('',#4309,1.);
#4309 = DIRECTION('',(0.,0.,1.));
#4310 = PCURVE('',#2743,#4311);
#4311 = DEFINITIONAL_REPRESENTATION('',(#4312),#4316);
#4312 = LINE('',#4313,#4314);
#4313 = CARTESIAN_POINT('',(6.28318530718,-0.));
#4314 = VECTOR('',#4315,1.);
#4315 = DIRECTION('',(0.,1.));
#4316 = ( GEOMETRIC_REPRESENTATION_CONTEXT(2) 
PARAMETRIC_REPRESENTATION_CONTEXT() REPRESENTATION_CONTEXT('2D SPACE',''
  ) );
#4317 = PCURVE('',#2743,#4318);
#4318 = DEFINITIONAL_REPRESENTATION('',(#4319),#4323);
#4319 = LINE('',#4320,#4321);
#4320 = CARTESIAN_POINT('',(0.,-0.));
#4321 = VECTOR('',#4322,1.);
#4322 = DIRECTION('',(0.,1.));
#4323 = ( GEOMETRIC_REPRESENTATION_CONTEXT(2) 
PARAMETRIC_REPRESENTATION_CONTEXT() REPRESENTATION_CONTEXT('2D SPACE',''
  ) );
#4324 = ORIENTED_EDGE('',*,*,#3497,.T.);
#4325 = ORIENTED_EDGE('',*,*,#4304,.T.);
#4326 = ADVANCED_FACE('',(#4327),#2819,.T.);
#4327 = FACE_BOUND('',#4328,.T.);
#4328 = EDGE_LOOP('',(#4329,#4330,#4331,#4332));
#4329 = ORIENTED_EDGE('',*,*,#2859,.F.);
#4330 = ORIENTED_EDGE('',*,*,#2805,.T.);
#4331 = ORIENTED_EDGE('',*,*,#2955,.T.);
#4332 = ORIENTED_EDGE('',*,*,#3075,.F.);
#4333 = ADVANCED_FACE('',(#4334),#2916,.T.);
#4334 = FACE_BOUND('',#4335,.T.);
#4335 = EDGE_LOOP('',(#4336,#4337,#4338,#4339));
#4336 = ORIENTED_EDGE('',*,*,#3053,.F.);
#4337 = ORIENTED_EDGE('',*,*,#3102,.F.);
#4338 = ORIENTED_EDGE('',*,*,#3003,.T.);
#4339 = ORIENTED_EDGE('',*,*,#2903,.F.);
#4340 = ADVANCED_FACE('',(#4341),#3187,.T.);
#4341 = FACE_BOUND('',#4342,.T.);
#4342 = EDGE_LOOP('',(#4343,#4344,#4345,#4346));
#4343 = ORIENTED_EDGE('',*,*,#3227,.F.);
#4344 = ORIENTED_EDGE('',*,*,#3173,.T.);
#4345 = ORIENTED_EDGE('',*,*,#3323,.T.);
#4346 = ORIENTED_EDGE('',*,*,#3443,.F.);
#4347 = ADVANCED_FACE('',(#4348),#3284,.T.);
#4348 = FACE_BOUND('',#4349,.T.);
#4349 = EDGE_LOOP('',(#4350,#4351,#4352,#4353));
#4350 = ORIENTED_EDGE('',*,*,#3421,.F.);
#4351 = ORIENTED_EDGE('',*,*,#3470,.F.);
#4352 = ORIENTED_EDGE('',*,*,#3371,.T.);
#4353 = ORIENTED_EDGE('',*,*,#3271,.F.);
#4354 = ADVANCED_FACE('',(#4355),#3565,.T.);
#4355 = FACE_BOUND('',#4356,.T.);
#4356 = EDGE_LOOP('',(#4357,#4358,#4359,#4380));
#4357 = ORIENTED_EDGE('',*,*,#3548,.T.);
#4358 = ORIENTED_EDGE('',*,*,#3658,.T.);
#4359 = ORIENTED_EDGE('',*,*,#4360,.T.);
#4360 = EDGE_CURVE('',#3633,#4361,#4363,.T.);
#4361 = VERTEX_POINT('',#4362);
#4362 = CARTESIAN_POINT('',(37.75,20.6,-53.30802383018));
#4363 = SURFACE_CURVE('',#4364,(#4368,#4374),.PCURVE_S1.);
#4364 = LINE('',#4365,#4366);
#4365 = CARTESIAN_POINT('',(0.854337174648,20.6,-53.30802383018));
#4366 = VECTOR('',#4367,1.);
#4367 = DIRECTION('',(1.,0.,-0.));
#4368 = PCURVE('',#3565,#4369);
#4369 = DEFINITIONAL_REPRESENTATION('',(#4370),#4373);
#4370 = B_SPLINE_CURVE_WITH_KNOTS('',1,(#4371,#4372),.UNSPECIFIED.,.F.,
  .F.,(2,2),(35.604337174648,36.895662825352),.PIECEWISE_BEZIER_KNOTS.);
#4371 = CARTESIAN_POINT('',(-3.,-0.932415671404));
#4372 = CARTESIAN_POINT('',(-1.708674349295,-0.932415671404));
#4373 = ( GEOMETRIC_REPRESENTATION_CONTEXT(2) 
PARAMETRIC_REPRESENTATION_CONTEXT() REPRESENTATION_CONTEXT('2D SPACE',''
  ) );
#4374 = PCURVE('',#3647,#4375);
#4375 = DEFINITIONAL_REPRESENTATION('',(#4376),#4379);
#4376 = B_SPLINE_CURVE_WITH_KNOTS('',1,(#4377,#4378),.UNSPECIFIED.,.F.,
  .F.,(2,2),(35.604337174648,36.895662825352),.PIECEWISE_BEZIER_KNOTS.);
#4377 = CARTESIAN_POINT('',(2.,74.208674349295));
#4378 = CARTESIAN_POINT('',(2.,75.5));
#4379 = ( GEOMETRIC_REPRESENTATION_CONTEXT(2) 
PARAMETRIC_REPRESENTATION_CONTEXT() REPRESENTATION_CONTEXT('2D SPACE',''
  ) );
#4380 = ORIENTED_EDGE('',*,*,#4381,.T.);
#4381 = EDGE_CURVE('',#4361,#3549,#4382,.T.);
#4382 = SURFACE_CURVE('',#4383,(#4387,#4393),.PCURVE_S1.);
#4383 = LINE('',#4384,#4385);
#4384 = CARTESIAN_POINT('',(37.75,0.466207835702,-53.30802383018));
#4385 = VECTOR('',#4386,1.);
#4386 = DIRECTION('',(0.,-1.,0.));
#4387 = PCURVE('',#3565,#4388);
#4388 = DEFINITIONAL_REPRESENTATION('',(#4389),#4392);
#4389 = B_SPLINE_CURVE_WITH_KNOTS('',1,(#4390,#4391),.UNSPECIFIED.,.F.,
  .F.,(2,2),(-20.13379216429,-18.0662078357),.PIECEWISE_BEZIER_KNOTS.);
#4390 = CARTESIAN_POINT('',(-1.708674349295,-0.932415671404));
#4391 = CARTESIAN_POINT('',(-1.708674349295,-3.));
#4392 = ( GEOMETRIC_REPRESENTATION_CONTEXT(2) 
PARAMETRIC_REPRESENTATION_CONTEXT() REPRESENTATION_CONTEXT('2D SPACE',''
  ) );
#4393 = PCURVE('',#3592,#4394);
#4394 = DEFINITIONAL_REPRESENTATION('',(#4395),#4398);
#4395 = B_SPLINE_CURVE_WITH_KNOTS('',1,(#4396,#4397),.UNSPECIFIED.,.F.,
  .F.,(2,2),(-20.13379216429,-18.0662078357),.PIECEWISE_BEZIER_KNOTS.);
#4396 = CARTESIAN_POINT('',(2.,-41.2));
#4397 = CARTESIAN_POINT('',(2.,-39.1324156714));
#4398 = ( GEOMETRIC_REPRESENTATION_CONTEXT(2) 
PARAMETRIC_REPRESENTATION_CONTEXT() REPRESENTATION_CONTEXT('2D SPACE',''
  ) );
#4399 = ADVANCED_FACE('',(#4400),#3647,.T.);
#4400 = FACE_BOUND('',#4401,.T.);
#4401 = EDGE_LOOP('',(#4402,#4423,#4446,#4474,#4502,#4530,#4558,#4586,
    #4607,#4608,#4609,#4630));
#4402 = ORIENTED_EDGE('',*,*,#4403,.F.);
#4403 = EDGE_CURVE('',#4404,#3819,#4406,.T.);
#4404 = VERTEX_POINT('',#4405);
#4405 = CARTESIAN_POINT('',(-37.75,20.6,-53.30802383018));
#4406 = SURFACE_CURVE('',#4407,(#4411,#4417),.PCURVE_S1.);
#4407 = LINE('',#4408,#4409);
#4408 = CARTESIAN_POINT('',(-38.60433717464,20.6,-53.30802383018));
#4409 = VECTOR('',#4410,1.);
#4410 = DIRECTION('',(1.,0.,-0.));
#4411 = PCURVE('',#3647,#4412);
#4412 = DEFINITIONAL_REPRESENTATION('',(#4413),#4416);
#4413 = B_SPLINE_CURVE_WITH_KNOTS('',1,(#4414,#4415),.UNSPECIFIED.,.F.,
  .F.,(2,2),(0.854337174648,2.145662825352),.PIECEWISE_BEZIER_KNOTS.);
#4414 = CARTESIAN_POINT('',(2.,0.));
#4415 = CARTESIAN_POINT('',(2.,1.291325650705));
#4416 = ( GEOMETRIC_REPRESENTATION_CONTEXT(2) 
PARAMETRIC_REPRESENTATION_CONTEXT() REPRESENTATION_CONTEXT('2D SPACE',''
  ) );
#4417 = PCURVE('',#3781,#4418);
#4418 = DEFINITIONAL_REPRESENTATION('',(#4419),#4422);
#4419 = B_SPLINE_CURVE_WITH_KNOTS('',1,(#4420,#4421),.UNSPECIFIED.,.F.,
  .F.,(2,2),(0.854337174648,2.145662825352),.PIECEWISE_BEZIER_KNOTS.);
#4420 = CARTESIAN_POINT('',(1.708674349295,-0.932415671404));
#4421 = CARTESIAN_POINT('',(3.,-0.932415671404));
#4422 = ( GEOMETRIC_REPRESENTATION_CONTEXT(2) 
PARAMETRIC_REPRESENTATION_CONTEXT() REPRESENTATION_CONTEXT('2D SPACE',''
  ) );
#4423 = ORIENTED_EDGE('',*,*,#4424,.T.);
#4424 = EDGE_CURVE('',#4404,#4425,#4427,.T.);
#4425 = VERTEX_POINT('',#4426);
#4426 = CARTESIAN_POINT('',(-37.75,20.6,-52.90802383018));
#4427 = SURFACE_CURVE('',#4428,(#4432,#4439),.PCURVE_S1.);
#4428 = LINE('',#4429,#4430);
#4429 = CARTESIAN_POINT('',(-37.75,20.6,-55.30802383018));
#4430 = VECTOR('',#4431,1.);
#4431 = DIRECTION('',(0.,0.,1.));
#4432 = PCURVE('',#3647,#4433);
#4433 = DEFINITIONAL_REPRESENTATION('',(#4434),#4438);
#4434 = LINE('',#4435,#4436);
#4435 = CARTESIAN_POINT('',(0.,0.));
#4436 = VECTOR('',#4437,1.);
#4437 = DIRECTION('',(1.,0.));
#4438 = ( GEOMETRIC_REPRESENTATION_CONTEXT(2) 
PARAMETRIC_REPRESENTATION_CONTEXT() REPRESENTATION_CONTEXT('2D SPACE',''
  ) );
#4439 = PCURVE('',#3900,#4440);
#4440 = DEFINITIONAL_REPRESENTATION('',(#4441),#4445);
#4441 = LINE('',#4442,#4443);
#4442 = CARTESIAN_POINT('',(0.,-41.2));
#4443 = VECTOR('',#4444,1.);
#4444 = DIRECTION('',(1.,0.));
#4445 = ( GEOMETRIC_REPRESENTATION_CONTEXT(2) 
PARAMETRIC_REPRESENTATION_CONTEXT() REPRESENTATION_CONTEXT('2D SPACE',''
  ) );
#4446 = ORIENTED_EDGE('',*,*,#4447,.T.);
#4447 = EDGE_CURVE('',#4425,#4448,#4450,.T.);
#4448 = VERTEX_POINT('',#4449);
#4449 = CARTESIAN_POINT('',(-34.75,20.6,-52.90802383018));
#4450 = SURFACE_CURVE('',#4451,(#4455,#4462),.PCURVE_S1.);
#4451 = LINE('',#4452,#4453);
#4452 = CARTESIAN_POINT('',(-37.75,20.6,-52.90802383018));
#4453 = VECTOR('',#4454,1.);
#4454 = DIRECTION('',(1.,0.,-0.));
#4455 = PCURVE('',#3647,#4456);
#4456 = DEFINITIONAL_REPRESENTATION('',(#4457),#4461);
#4457 = LINE('',#4458,#4459);
#4458 = CARTESIAN_POINT('',(2.4,0.));
#4459 = VECTOR('',#4460,1.);
#4460 = DIRECTION('',(0.,1.));
#4461 = ( GEOMETRIC_REPRESENTATION_CONTEXT(2) 
PARAMETRIC_REPRESENTATION_CONTEXT() REPRESENTATION_CONTEXT('2D SPACE',''
  ) );
#4462 = PCURVE('',#4463,#4468);
#4463 = PLANE('',#4464);
#4464 = AXIS2_PLACEMENT_3D('',#4465,#4466,#4467);
#4465 = CARTESIAN_POINT('',(-37.75,-20.6,-52.90802383018));
#4466 = DIRECTION('',(0.,0.,1.));
#4467 = DIRECTION('',(1.,0.,-0.));
#4468 = DEFINITIONAL_REPRESENTATION('',(#4469),#4473);
#4469 = LINE('',#4470,#4471);
#4470 = CARTESIAN_POINT('',(0.,41.2));
#4471 = VECTOR('',#4472,1.);
#4472 = DIRECTION('',(1.,0.));
#4473 = ( GEOMETRIC_REPRESENTATION_CONTEXT(2) 
PARAMETRIC_REPRESENTATION_CONTEXT() REPRESENTATION_CONTEXT('2D SPACE',''
  ) );
#4474 = ORIENTED_EDGE('',*,*,#4475,.T.);
#4475 = EDGE_CURVE('',#4448,#4476,#4478,.T.);
#4476 = VERTEX_POINT('',#4477);
#4477 = CARTESIAN_POINT('',(-34.75,20.6,-32.90802383018));
#4478 = SURFACE_CURVE('',#4479,(#4483,#4490),.PCURVE_S1.);
#4479 = LINE('',#4480,#4481);
#4480 = CARTESIAN_POINT('',(-34.75,20.6,-55.30802383018));
#4481 = VECTOR('',#4482,1.);
#4482 = DIRECTION('',(0.,0.,1.));
#4483 = PCURVE('',#3647,#4484);
#4484 = DEFINITIONAL_REPRESENTATION('',(#4485),#4489);
#4485 = LINE('',#4486,#4487);
#4486 = CARTESIAN_POINT('',(0.,3.));
#4487 = VECTOR('',#4488,1.);
#4488 = DIRECTION('',(1.,0.));
#4489 = ( GEOMETRIC_REPRESENTATION_CONTEXT(2) 
PARAMETRIC_REPRESENTATION_CONTEXT() REPRESENTATION_CONTEXT('2D SPACE',''
  ) );
#4490 = PCURVE('',#4491,#4496);
#4491 = PLANE('',#4492);
#4492 = AXIS2_PLACEMENT_3D('',#4493,#4494,#4495);
#4493 = CARTESIAN_POINT('',(-34.75,19.451693056018,-43.51048564452));
#4494 = DIRECTION('',(1.,0.,0.));
#4495 = DIRECTION('',(-0.,0.,1.));
#4496 = DEFINITIONAL_REPRESENTATION('',(#4497),#4501);
#4497 = LINE('',#4498,#4499);
#4498 = CARTESIAN_POINT('',(-11.79753818565,-1.148306943982));
#4499 = VECTOR('',#4500,1.);
#4500 = DIRECTION('',(1.,0.));
#4501 = ( GEOMETRIC_REPRESENTATION_CONTEXT(2) 
PARAMETRIC_REPRESENTATION_CONTEXT() REPRESENTATION_CONTEXT('2D SPACE',''
  ) );
#4502 = ORIENTED_EDGE('',*,*,#4503,.T.);
#4503 = EDGE_CURVE('',#4476,#4504,#4506,.T.);
#4504 = VERTEX_POINT('',#4505);
#4505 = CARTESIAN_POINT('',(19.75,20.6,-32.90802383018));
#4506 = SURFACE_CURVE('',#4507,(#4511,#4518),.PCURVE_S1.);
#4507 = LINE('',#4508,#4509);
#4508 = CARTESIAN_POINT('',(-34.75,20.6,-32.90802383018));
#4509 = VECTOR('',#4510,1.);
#4510 = DIRECTION('',(1.,0.,0.));
#4511 = PCURVE('',#3647,#4512);
#4512 = DEFINITIONAL_REPRESENTATION('',(#4513),#4517);
#4513 = LINE('',#4514,#4515);
#4514 = CARTESIAN_POINT('',(22.4,3.));
#4515 = VECTOR('',#4516,1.);
#4516 = DIRECTION('',(0.,1.));
#4517 = ( GEOMETRIC_REPRESENTATION_CONTEXT(2) 
PARAMETRIC_REPRESENTATION_CONTEXT() REPRESENTATION_CONTEXT('2D SPACE',''
  ) );
#4518 = PCURVE('',#4519,#4524);
#4519 = PLANE('',#4520);
#4520 = AXIS2_PLACEMENT_3D('',#4521,#4522,#4523);
#4521 = CARTESIAN_POINT('',(-34.75,-16.6,-32.90802383018));
#4522 = DIRECTION('',(0.,0.,-1.));
#4523 = DIRECTION('',(0.,-1.,0.));
#4524 = DEFINITIONAL_REPRESENTATION('',(#4525),#4529);
#4525 = LINE('',#4526,#4527);
#4526 = CARTESIAN_POINT('',(-37.2,-0.));
#4527 = VECTOR('',#4528,1.);
#4528 = DIRECTION('',(0.,-1.));
#4529 = ( GEOMETRIC_REPRESENTATION_CONTEXT(2) 
PARAMETRIC_REPRESENTATION_CONTEXT() REPRESENTATION_CONTEXT('2D SPACE',''
  ) );
#4530 = ORIENTED_EDGE('',*,*,#4531,.F.);
#4531 = EDGE_CURVE('',#4532,#4504,#4534,.T.);
#4532 = VERTEX_POINT('',#4533);
#4533 = CARTESIAN_POINT('',(19.75,20.6,-52.90802383018));
#4534 = SURFACE_CURVE('',#4535,(#4539,#4546),.PCURVE_S1.);
#4535 = LINE('',#4536,#4537);
#4536 = CARTESIAN_POINT('',(19.75,20.6,-55.30802383018));
#4537 = VECTOR('',#4538,1.);
#4538 = DIRECTION('',(0.,0.,1.));
#4539 = PCURVE('',#3647,#4540);
#4540 = DEFINITIONAL_REPRESENTATION('',(#4541),#4545);
#4541 = LINE('',#4542,#4543);
#4542 = CARTESIAN_POINT('',(0.,57.5));
#4543 = VECTOR('',#4544,1.);
#4544 = DIRECTION('',(1.,0.));
#4545 = ( GEOMETRIC_REPRESENTATION_CONTEXT(2) 
PARAMETRIC_REPRESENTATION_CONTEXT() REPRESENTATION_CONTEXT('2D SPACE',''
  ) );
#4546 = PCURVE('',#4547,#4552);
#4547 = PLANE('',#4548);
#4548 = AXIS2_PLACEMENT_3D('',#4549,#4550,#4551);
#4549 = CARTESIAN_POINT('',(19.75,19.451693056018,-43.51048564452));
#4550 = DIRECTION('',(1.,0.,0.));
#4551 = DIRECTION('',(-0.,0.,1.));
#4552 = DEFINITIONAL_REPRESENTATION('',(#4553),#4557);
#4553 = LINE('',#4554,#4555);
#4554 = CARTESIAN_POINT('',(-11.79753818565,-1.148306943982));
#4555 = VECTOR('',#4556,1.);
#4556 = DIRECTION('',(1.,0.));
#4557 = ( GEOMETRIC_REPRESENTATION_CONTEXT(2) 
PARAMETRIC_REPRESENTATION_CONTEXT() REPRESENTATION_CONTEXT('2D SPACE',''
  ) );
#4558 = ORIENTED_EDGE('',*,*,#4559,.T.);
#4559 = EDGE_CURVE('',#4532,#4560,#4562,.T.);
#4560 = VERTEX_POINT('',#4561);
#4561 = CARTESIAN_POINT('',(37.75,20.6,-52.90802383018));
#4562 = SURFACE_CURVE('',#4563,(#4567,#4574),.PCURVE_S1.);
#4563 = LINE('',#4564,#4565);
#4564 = CARTESIAN_POINT('',(-37.75,20.6,-52.90802383018));
#4565 = VECTOR('',#4566,1.);
#4566 = DIRECTION('',(1.,0.,-0.));
#4567 = PCURVE('',#3647,#4568);
#4568 = DEFINITIONAL_REPRESENTATION('',(#4569),#4573);
#4569 = LINE('',#4570,#4571);
#4570 = CARTESIAN_POINT('',(2.4,0.));
#4571 = VECTOR('',#4572,1.);
#4572 = DIRECTION('',(0.,1.));
#4573 = ( GEOMETRIC_REPRESENTATION_CONTEXT(2) 
PARAMETRIC_REPRESENTATION_CONTEXT() REPRESENTATION_CONTEXT('2D SPACE',''
  ) );
#4574 = PCURVE('',#4575,#4580);
#4575 = PLANE('',#4576);
#4576 = AXIS2_PLACEMENT_3D('',#4577,#4578,#4579);
#4577 = CARTESIAN_POINT('',(-37.75,-20.6,-52.90802383018));
#4578 = DIRECTION('',(0.,0.,1.));
#4579 = DIRECTION('',(1.,0.,-0.));
#4580 = DEFINITIONAL_REPRESENTATION('',(#4581),#4585);
#4581 = LINE('',#4582,#4583);
#4582 = CARTESIAN_POINT('',(0.,41.2));
#4583 = VECTOR('',#4584,1.);
#4584 = DIRECTION('',(1.,0.));
#4585 = ( GEOMETRIC_REPRESENTATION_CONTEXT(2) 
PARAMETRIC_REPRESENTATION_CONTEXT() REPRESENTATION_CONTEXT('2D SPACE',''
  ) );
#4586 = ORIENTED_EDGE('',*,*,#4587,.F.);
#4587 = EDGE_CURVE('',#4361,#4560,#4588,.T.);
#4588 = SURFACE_CURVE('',#4589,(#4593,#4600),.PCURVE_S1.);
#4589 = LINE('',#4590,#4591);
#4590 = CARTESIAN_POINT('',(37.75,20.6,-55.30802383018));
#4591 = VECTOR('',#4592,1.);
#4592 = DIRECTION('',(0.,0.,1.));
#4593 = PCURVE('',#3647,#4594);
#4594 = DEFINITIONAL_REPRESENTATION('',(#4595),#4599);
#4595 = LINE('',#4596,#4597);
#4596 = CARTESIAN_POINT('',(0.,75.5));
#4597 = VECTOR('',#4598,1.);
#4598 = DIRECTION('',(1.,0.));
#4599 = ( GEOMETRIC_REPRESENTATION_CONTEXT(2) 
PARAMETRIC_REPRESENTATION_CONTEXT() REPRESENTATION_CONTEXT('2D SPACE',''
  ) );
#4600 = PCURVE('',#3592,#4601);
#4601 = DEFINITIONAL_REPRESENTATION('',(#4602),#4606);
#4602 = LINE('',#4603,#4604);
#4603 = CARTESIAN_POINT('',(0.,-41.2));
#4604 = VECTOR('',#4605,1.);
#4605 = DIRECTION('',(1.,0.));
#4606 = ( GEOMETRIC_REPRESENTATION_CONTEXT(2) 
PARAMETRIC_REPRESENTATION_CONTEXT() REPRESENTATION_CONTEXT('2D SPACE',''
  ) );
#4607 = ORIENTED_EDGE('',*,*,#4360,.F.);
#4608 = ORIENTED_EDGE('',*,*,#3632,.F.);
#4609 = ORIENTED_EDGE('',*,*,#4610,.T.);
#4610 = EDGE_CURVE('',#3604,#3843,#4611,.T.);
#4611 = SURFACE_CURVE('',#4612,(#4616,#4623),.PCURVE_S1.);
#4612 = LINE('',#4613,#4614);
#4613 = CARTESIAN_POINT('',(37.75,20.6,-55.30802383018));
#4614 = VECTOR('',#4615,1.);
#4615 = DIRECTION('',(-1.,0.,0.));
#4616 = PCURVE('',#3647,#4617);
#4617 = DEFINITIONAL_REPRESENTATION('',(#4618),#4622);
#4618 = LINE('',#4619,#4620);
#4619 = CARTESIAN_POINT('',(0.,75.5));
#4620 = VECTOR('',#4621,1.);
#4621 = DIRECTION('',(0.,-1.));
#4622 = ( GEOMETRIC_REPRESENTATION_CONTEXT(2) 
PARAMETRIC_REPRESENTATION_CONTEXT() REPRESENTATION_CONTEXT('2D SPACE',''
  ) );
#4623 = PCURVE('',#3620,#4624);
#4624 = DEFINITIONAL_REPRESENTATION('',(#4625),#4629);
#4625 = LINE('',#4626,#4627);
#4626 = CARTESIAN_POINT('',(75.5,41.2));
#4627 = VECTOR('',#4628,1.);
#4628 = DIRECTION('',(-1.,0.));
#4629 = ( GEOMETRIC_REPRESENTATION_CONTEXT(2) 
PARAMETRIC_REPRESENTATION_CONTEXT() REPRESENTATION_CONTEXT('2D SPACE',''
  ) );
#4630 = ORIENTED_EDGE('',*,*,#3842,.T.);
#4631 = ADVANCED_FACE('',(#4632),#3620,.F.);
#4632 = FACE_BOUND('',#4633,.F.);
#4633 = EDGE_LOOP('',(#4634,#4655,#4656,#4677,#4678,#4699,#4700,#4701));
#4634 = ORIENTED_EDGE('',*,*,#4635,.F.);
#4635 = EDGE_CURVE('',#4223,#3864,#4636,.T.);
#4636 = SURFACE_CURVE('',#4637,(#4641,#4648),.PCURVE_S1.);
#4637 = LINE('',#4638,#4639);
#4638 = CARTESIAN_POINT('',(-37.75,-20.6,-55.30802383018));
#4639 = VECTOR('',#4640,1.);
#4640 = DIRECTION('',(-0.,1.,0.));
#4641 = PCURVE('',#3620,#4642);
#4642 = DEFINITIONAL_REPRESENTATION('',(#4643),#4647);
#4643 = LINE('',#4644,#4645);
#4644 = CARTESIAN_POINT('',(0.,0.));
#4645 = VECTOR('',#4646,1.);
#4646 = DIRECTION('',(0.,1.));
#4647 = ( GEOMETRIC_REPRESENTATION_CONTEXT(2) 
PARAMETRIC_REPRESENTATION_CONTEXT() REPRESENTATION_CONTEXT('2D SPACE',''
  ) );
#4648 = PCURVE('',#3900,#4649);
#4649 = DEFINITIONAL_REPRESENTATION('',(#4650),#4654);
#4650 = LINE('',#4651,#4652);
#4651 = CARTESIAN_POINT('',(0.,0.));
#4652 = VECTOR('',#4653,1.);
#4653 = DIRECTION('',(0.,-1.));
#4654 = ( GEOMETRIC_REPRESENTATION_CONTEXT(2) 
PARAMETRIC_REPRESENTATION_CONTEXT() REPRESENTATION_CONTEXT('2D SPACE',''
  ) );
#4655 = ORIENTED_EDGE('',*,*,#4243,.F.);
#4656 = ORIENTED_EDGE('',*,*,#4657,.T.);
#4657 = EDGE_CURVE('',#4244,#3968,#4658,.T.);
#4658 = SURFACE_CURVE('',#4659,(#4663,#4670),.PCURVE_S1.);
#4659 = LINE('',#4660,#4661);
#4660 = CARTESIAN_POINT('',(-37.75,-20.6,-55.30802383018));
#4661 = VECTOR('',#4662,1.);
#4662 = DIRECTION('',(1.,0.,0.));
#4663 = PCURVE('',#3620,#4664);
#4664 = DEFINITIONAL_REPRESENTATION('',(#4665),#4669);
#4665 = LINE('',#4666,#4667);
#4666 = CARTESIAN_POINT('',(0.,0.));
#4667 = VECTOR('',#4668,1.);
#4668 = DIRECTION('',(1.,0.));
#4669 = ( GEOMETRIC_REPRESENTATION_CONTEXT(2) 
PARAMETRIC_REPRESENTATION_CONTEXT() REPRESENTATION_CONTEXT('2D SPACE',''
  ) );
#4670 = PCURVE('',#3982,#4671);
#4671 = DEFINITIONAL_REPRESENTATION('',(#4672),#4676);
#4672 = LINE('',#4673,#4674);
#4673 = CARTESIAN_POINT('',(0.,0.));
#4674 = VECTOR('',#4675,1.);
#4675 = DIRECTION('',(0.,1.));
#4676 = ( GEOMETRIC_REPRESENTATION_CONTEXT(2) 
PARAMETRIC_REPRESENTATION_CONTEXT() REPRESENTATION_CONTEXT('2D SPACE',''
  ) );
#4677 = ORIENTED_EDGE('',*,*,#3993,.F.);
#4678 = ORIENTED_EDGE('',*,*,#4679,.T.);
#4679 = EDGE_CURVE('',#3994,#3578,#4680,.T.);
#4680 = SURFACE_CURVE('',#4681,(#4685,#4692),.PCURVE_S1.);
#4681 = LINE('',#4682,#4683);
#4682 = CARTESIAN_POINT('',(37.75,-20.6,-55.30802383018));
#4683 = VECTOR('',#4684,1.);
#4684 = DIRECTION('',(-0.,1.,0.));
#4685 = PCURVE('',#3620,#4686);
#4686 = DEFINITIONAL_REPRESENTATION('',(#4687),#4691);
#4687 = LINE('',#4688,#4689);
#4688 = CARTESIAN_POINT('',(75.5,0.));
#4689 = VECTOR('',#4690,1.);
#4690 = DIRECTION('',(0.,1.));
#4691 = ( GEOMETRIC_REPRESENTATION_CONTEXT(2) 
PARAMETRIC_REPRESENTATION_CONTEXT() REPRESENTATION_CONTEXT('2D SPACE',''
  ) );
#4692 = PCURVE('',#3592,#4693);
#4693 = DEFINITIONAL_REPRESENTATION('',(#4694),#4698);
#4694 = LINE('',#4695,#4696);
#4695 = CARTESIAN_POINT('',(0.,0.));
#4696 = VECTOR('',#4697,1.);
#4697 = DIRECTION('',(0.,-1.));
#4698 = ( GEOMETRIC_REPRESENTATION_CONTEXT(2) 
PARAMETRIC_REPRESENTATION_CONTEXT() REPRESENTATION_CONTEXT('2D SPACE',''
  ) );
#4699 = ORIENTED_EDGE('',*,*,#3603,.F.);
#4700 = ORIENTED_EDGE('',*,*,#4610,.T.);
#4701 = ORIENTED_EDGE('',*,*,#3863,.F.);
#4702 = ADVANCED_FACE('',(#4703),#3592,.T.);
#4703 = FACE_BOUND('',#4704,.T.);
#4704 = EDGE_LOOP('',(#4705,#4730,#4749,#4750,#4751,#4752,#4753,#4754,
    #4777,#4805,#4833,#4861,#4884,#4912,#4940,#4968));
#4705 = ORIENTED_EDGE('',*,*,#4706,.F.);
#4706 = EDGE_CURVE('',#4707,#4709,#4711,.T.);
#4707 = VERTEX_POINT('',#4708);
#4708 = CARTESIAN_POINT('',(37.75,-20.6,-53.30802383018));
#4709 = VERTEX_POINT('',#4710);
#4710 = CARTESIAN_POINT('',(37.75,-20.6,-52.90802383018));
#4711 = SURFACE_CURVE('',#4712,(#4716,#4723),.PCURVE_S1.);
#4712 = LINE('',#4713,#4714);
#4713 = CARTESIAN_POINT('',(37.75,-20.6,-55.30802383018));
#4714 = VECTOR('',#4715,1.);
#4715 = DIRECTION('',(0.,0.,1.));
#4716 = PCURVE('',#3592,#4717);
#4717 = DEFINITIONAL_REPRESENTATION('',(#4718),#4722);
#4718 = LINE('',#4719,#4720);
#4719 = CARTESIAN_POINT('',(0.,0.));
#4720 = VECTOR('',#4721,1.);
#4721 = DIRECTION('',(1.,0.));
#4722 = ( GEOMETRIC_REPRESENTATION_CONTEXT(2) 
PARAMETRIC_REPRESENTATION_CONTEXT() REPRESENTATION_CONTEXT('2D SPACE',''
  ) );
#4723 = PCURVE('',#3982,#4724);
#4724 = DEFINITIONAL_REPRESENTATION('',(#4725),#4729);
#4725 = LINE('',#4726,#4727);
#4726 = CARTESIAN_POINT('',(0.,75.5));
#4727 = VECTOR('',#4728,1.);
#4728 = DIRECTION('',(1.,0.));
#4729 = ( GEOMETRIC_REPRESENTATION_CONTEXT(2) 
PARAMETRIC_REPRESENTATION_CONTEXT() REPRESENTATION_CONTEXT('2D SPACE',''
  ) );
#4730 = ORIENTED_EDGE('',*,*,#4731,.F.);
#4731 = EDGE_CURVE('',#4018,#4707,#4732,.T.);
#4732 = SURFACE_CURVE('',#4733,(#4737,#4743),.PCURVE_S1.);
#4733 = LINE('',#4734,#4735);
#4734 = CARTESIAN_POINT('',(37.75,-21.0662078357,-53.30802383018));
#4735 = VECTOR('',#4736,1.);
#4736 = DIRECTION('',(0.,-1.,0.));
#4737 = PCURVE('',#3592,#4738);
#4738 = DEFINITIONAL_REPRESENTATION('',(#4739),#4742);
#4739 = B_SPLINE_CURVE_WITH_KNOTS('',1,(#4740,#4741),.UNSPECIFIED.,.F.,
  .F.,(2,2),(-2.533792164298,-0.466207835702),.PIECEWISE_BEZIER_KNOTS.);
#4740 = CARTESIAN_POINT('',(2.,-2.067584328596));
#4741 = CARTESIAN_POINT('',(2.,0.));
#4742 = ( GEOMETRIC_REPRESENTATION_CONTEXT(2) 
PARAMETRIC_REPRESENTATION_CONTEXT() REPRESENTATION_CONTEXT('2D SPACE',''
  ) );
#4743 = PCURVE('',#3955,#4744);
#4744 = DEFINITIONAL_REPRESENTATION('',(#4745),#4748);
#4745 = B_SPLINE_CURVE_WITH_KNOTS('',1,(#4746,#4747),.UNSPECIFIED.,.F.,
  .F.,(2,2),(-2.533792164298,-0.466207835702),.PIECEWISE_BEZIER_KNOTS.);
#4746 = CARTESIAN_POINT('',(-1.708674349295,3.));
#4747 = CARTESIAN_POINT('',(-1.708674349295,0.932415671404));
#4748 = ( GEOMETRIC_REPRESENTATION_CONTEXT(2) 
PARAMETRIC_REPRESENTATION_CONTEXT() REPRESENTATION_CONTEXT('2D SPACE',''
  ) );
#4749 = ORIENTED_EDGE('',*,*,#4017,.F.);
#4750 = ORIENTED_EDGE('',*,*,#4679,.T.);
#4751 = ORIENTED_EDGE('',*,*,#3577,.T.);
#4752 = ORIENTED_EDGE('',*,*,#4381,.F.);
#4753 = ORIENTED_EDGE('',*,*,#4587,.T.);
#4754 = ORIENTED_EDGE('',*,*,#4755,.F.);
#4755 = EDGE_CURVE('',#4756,#4560,#4758,.T.);
#4756 = VERTEX_POINT('',#4757);
#4757 = CARTESIAN_POINT('',(37.75,18.6,-52.90802383018));
#4758 = SURFACE_CURVE('',#4759,(#4763,#4770),.PCURVE_S1.);
#4759 = LINE('',#4760,#4761);
#4760 = CARTESIAN_POINT('',(37.75,-20.6,-52.90802383018));
#4761 = VECTOR('',#4762,1.);
#4762 = DIRECTION('',(-0.,1.,0.));
#4763 = PCURVE('',#3592,#4764);
#4764 = DEFINITIONAL_REPRESENTATION('',(#4765),#4769);
#4765 = LINE('',#4766,#4767);
#4766 = CARTESIAN_POINT('',(2.4,0.));
#4767 = VECTOR('',#4768,1.);
#4768 = DIRECTION('',(0.,-1.));
#4769 = ( GEOMETRIC_REPRESENTATION_CONTEXT(2) 
PARAMETRIC_REPRESENTATION_CONTEXT() REPRESENTATION_CONTEXT('2D SPACE',''
  ) );
#4770 = PCURVE('',#4575,#4771);
#4771 = DEFINITIONAL_REPRESENTATION('',(#4772),#4776);
#4772 = LINE('',#4773,#4774);
#4773 = CARTESIAN_POINT('',(75.5,0.));
#4774 = VECTOR('',#4775,1.);
#4775 = DIRECTION('',(0.,1.));
#4776 = ( GEOMETRIC_REPRESENTATION_CONTEXT(2) 
PARAMETRIC_REPRESENTATION_CONTEXT() REPRESENTATION_CONTEXT('2D SPACE',''
  ) );
#4777 = ORIENTED_EDGE('',*,*,#4778,.T.);
#4778 = EDGE_CURVE('',#4756,#4779,#4781,.T.);
#4779 = VERTEX_POINT('',#4780);
#4780 = CARTESIAN_POINT('',(37.75,18.6,-46.90802383018));
#4781 = SURFACE_CURVE('',#4782,(#4786,#4793),.PCURVE_S1.);
#4782 = LINE('',#4783,#4784);
#4783 = CARTESIAN_POINT('',(37.75,18.6,-52.90802383018));
#4784 = VECTOR('',#4785,1.);
#4785 = DIRECTION('',(0.,0.,1.));
#4786 = PCURVE('',#3592,#4787);
#4787 = DEFINITIONAL_REPRESENTATION('',(#4788),#4792);
#4788 = LINE('',#4789,#4790);
#4789 = CARTESIAN_POINT('',(2.4,-39.2));
#4790 = VECTOR('',#4791,1.);
#4791 = DIRECTION('',(1.,0.));
#4792 = ( GEOMETRIC_REPRESENTATION_CONTEXT(2) 
PARAMETRIC_REPRESENTATION_CONTEXT() REPRESENTATION_CONTEXT('2D SPACE',''
  ) );
#4793 = PCURVE('',#4794,#4799);
#4794 = PLANE('',#4795);
#4795 = AXIS2_PLACEMENT_3D('',#4796,#4797,#4798);
#4796 = CARTESIAN_POINT('',(34.75,18.6,-52.90802383018));
#4797 = DIRECTION('',(-0.,1.,0.));
#4798 = DIRECTION('',(0.,0.,1.));
#4799 = DEFINITIONAL_REPRESENTATION('',(#4800),#4804);
#4800 = LINE('',#4801,#4802);
#4801 = CARTESIAN_POINT('',(0.,3.));
#4802 = VECTOR('',#4803,1.);
#4803 = DIRECTION('',(1.,0.));
#4804 = ( GEOMETRIC_REPRESENTATION_CONTEXT(2) 
PARAMETRIC_REPRESENTATION_CONTEXT() REPRESENTATION_CONTEXT('2D SPACE',''
  ) );
#4805 = ORIENTED_EDGE('',*,*,#4806,.F.);
#4806 = EDGE_CURVE('',#4807,#4779,#4809,.T.);
#4807 = VERTEX_POINT('',#4808);
#4808 = CARTESIAN_POINT('',(37.75,10.6,-46.90802383018));
#4809 = SURFACE_CURVE('',#4810,(#4814,#4821),.PCURVE_S1.);
#4810 = LINE('',#4811,#4812);
#4811 = CARTESIAN_POINT('',(37.75,10.6,-46.90802383018));
#4812 = VECTOR('',#4813,1.);
#4813 = DIRECTION('',(-0.,1.,0.));
#4814 = PCURVE('',#3592,#4815);
#4815 = DEFINITIONAL_REPRESENTATION('',(#4816),#4820);
#4816 = LINE('',#4817,#4818);
#4817 = CARTESIAN_POINT('',(8.4,-31.2));
#4818 = VECTOR('',#4819,1.);
#4819 = DIRECTION('',(0.,-1.));
#4820 = ( GEOMETRIC_REPRESENTATION_CONTEXT(2) 
PARAMETRIC_REPRESENTATION_CONTEXT() REPRESENTATION_CONTEXT('2D SPACE',''
  ) );
#4821 = PCURVE('',#4822,#4827);
#4822 = PLANE('',#4823);
#4823 = AXIS2_PLACEMENT_3D('',#4824,#4825,#4826);
#4824 = CARTESIAN_POINT('',(34.75,10.6,-46.90802383018));
#4825 = DIRECTION('',(0.,0.,1.));
#4826 = DIRECTION('',(1.,0.,-0.));
#4827 = DEFINITIONAL_REPRESENTATION('',(#4828),#4832);
#4828 = LINE('',#4829,#4830);
#4829 = CARTESIAN_POINT('',(3.,0.));
#4830 = VECTOR('',#4831,1.);
#4831 = DIRECTION('',(0.,1.));
#4832 = ( GEOMETRIC_REPRESENTATION_CONTEXT(2) 
PARAMETRIC_REPRESENTATION_CONTEXT() REPRESENTATION_CONTEXT('2D SPACE',''
  ) );
#4833 = ORIENTED_EDGE('',*,*,#4834,.F.);
#4834 = EDGE_CURVE('',#4835,#4807,#4837,.T.);
#4835 = VERTEX_POINT('',#4836);
#4836 = CARTESIAN_POINT('',(37.75,10.6,-52.90802383018));
#4837 = SURFACE_CURVE('',#4838,(#4842,#4849),.PCURVE_S1.);
#4838 = LINE('',#4839,#4840);
#4839 = CARTESIAN_POINT('',(37.75,10.6,-52.90802383018));
#4840 = VECTOR('',#4841,1.);
#4841 = DIRECTION('',(0.,0.,1.));
#4842 = PCURVE('',#3592,#4843);
#4843 = DEFINITIONAL_REPRESENTATION('',(#4844),#4848);
#4844 = LINE('',#4845,#4846);
#4845 = CARTESIAN_POINT('',(2.4,-31.2));
#4846 = VECTOR('',#4847,1.);
#4847 = DIRECTION('',(1.,0.));
#4848 = ( GEOMETRIC_REPRESENTATION_CONTEXT(2) 
PARAMETRIC_REPRESENTATION_CONTEXT() REPRESENTATION_CONTEXT('2D SPACE',''
  ) );
#4849 = PCURVE('',#4850,#4855);
#4850 = PLANE('',#4851);
#4851 = AXIS2_PLACEMENT_3D('',#4852,#4853,#4854);
#4852 = CARTESIAN_POINT('',(34.75,10.6,-52.90802383018));
#4853 = DIRECTION('',(-0.,1.,0.));
#4854 = DIRECTION('',(0.,0.,1.));
#4855 = DEFINITIONAL_REPRESENTATION('',(#4856),#4860);
#4856 = LINE('',#4857,#4858);
#4857 = CARTESIAN_POINT('',(0.,3.));
#4858 = VECTOR('',#4859,1.);
#4859 = DIRECTION('',(1.,0.));
#4860 = ( GEOMETRIC_REPRESENTATION_CONTEXT(2) 
PARAMETRIC_REPRESENTATION_CONTEXT() REPRESENTATION_CONTEXT('2D SPACE',''
  ) );
#4861 = ORIENTED_EDGE('',*,*,#4862,.F.);
#4862 = EDGE_CURVE('',#4863,#4835,#4865,.T.);
#4863 = VERTEX_POINT('',#4864);
#4864 = CARTESIAN_POINT('',(37.75,-10.6,-52.90802383018));
#4865 = SURFACE_CURVE('',#4866,(#4870,#4877),.PCURVE_S1.);
#4866 = LINE('',#4867,#4868);
#4867 = CARTESIAN_POINT('',(37.75,-20.6,-52.90802383018));
#4868 = VECTOR('',#4869,1.);
#4869 = DIRECTION('',(-0.,1.,0.));
#4870 = PCURVE('',#3592,#4871);
#4871 = DEFINITIONAL_REPRESENTATION('',(#4872),#4876);
#4872 = LINE('',#4873,#4874);
#4873 = CARTESIAN_POINT('',(2.4,0.));
#4874 = VECTOR('',#4875,1.);
#4875 = DIRECTION('',(0.,-1.));
#4876 = ( GEOMETRIC_REPRESENTATION_CONTEXT(2) 
PARAMETRIC_REPRESENTATION_CONTEXT() REPRESENTATION_CONTEXT('2D SPACE',''
  ) );
#4877 = PCURVE('',#4575,#4878);
#4878 = DEFINITIONAL_REPRESENTATION('',(#4879),#4883);
#4879 = LINE('',#4880,#4881);
#4880 = CARTESIAN_POINT('',(75.5,0.));
#4881 = VECTOR('',#4882,1.);
#4882 = DIRECTION('',(0.,1.));
#4883 = ( GEOMETRIC_REPRESENTATION_CONTEXT(2) 
PARAMETRIC_REPRESENTATION_CONTEXT() REPRESENTATION_CONTEXT('2D SPACE',''
  ) );
#4884 = ORIENTED_EDGE('',*,*,#4885,.T.);
#4885 = EDGE_CURVE('',#4863,#4886,#4888,.T.);
#4886 = VERTEX_POINT('',#4887);
#4887 = CARTESIAN_POINT('',(37.75,-10.6,-46.90802383018));
#4888 = SURFACE_CURVE('',#4889,(#4893,#4900),.PCURVE_S1.);
#4889 = LINE('',#4890,#4891);
#4890 = CARTESIAN_POINT('',(37.75,-10.6,-52.90802383018));
#4891 = VECTOR('',#4892,1.);
#4892 = DIRECTION('',(0.,0.,1.));
#4893 = PCURVE('',#3592,#4894);
#4894 = DEFINITIONAL_REPRESENTATION('',(#4895),#4899);
#4895 = LINE('',#4896,#4897);
#4896 = CARTESIAN_POINT('',(2.4,-10.));
#4897 = VECTOR('',#4898,1.);
#4898 = DIRECTION('',(1.,0.));
#4899 = ( GEOMETRIC_REPRESENTATION_CONTEXT(2) 
PARAMETRIC_REPRESENTATION_CONTEXT() REPRESENTATION_CONTEXT('2D SPACE',''
  ) );
#4900 = PCURVE('',#4901,#4906);
#4901 = PLANE('',#4902);
#4902 = AXIS2_PLACEMENT_3D('',#4903,#4904,#4905);
#4903 = CARTESIAN_POINT('',(34.75,-10.6,-52.90802383018));
#4904 = DIRECTION('',(-0.,1.,0.));
#4905 = DIRECTION('',(0.,0.,1.));
#4906 = DEFINITIONAL_REPRESENTATION('',(#4907),#4911);
#4907 = LINE('',#4908,#4909);
#4908 = CARTESIAN_POINT('',(0.,3.));
#4909 = VECTOR('',#4910,1.);
#4910 = DIRECTION('',(1.,0.));
#4911 = ( GEOMETRIC_REPRESENTATION_CONTEXT(2) 
PARAMETRIC_REPRESENTATION_CONTEXT() REPRESENTATION_CONTEXT('2D SPACE',''
  ) );
#4912 = ORIENTED_EDGE('',*,*,#4913,.F.);
#4913 = EDGE_CURVE('',#4914,#4886,#4916,.T.);
#4914 = VERTEX_POINT('',#4915);
#4915 = CARTESIAN_POINT('',(37.75,-18.6,-46.90802383018));
#4916 = SURFACE_CURVE('',#4917,(#4921,#4928),.PCURVE_S1.);
#4917 = LINE('',#4918,#4919);
#4918 = CARTESIAN_POINT('',(37.75,-18.6,-46.90802383018));
#4919 = VECTOR('',#4920,1.);
#4920 = DIRECTION('',(-0.,1.,0.));
#4921 = PCURVE('',#3592,#4922);
#4922 = DEFINITIONAL_REPRESENTATION('',(#4923),#4927);
#4923 = LINE('',#4924,#4925);
#4924 = CARTESIAN_POINT('',(8.4,-2.));
#4925 = VECTOR('',#4926,1.);
#4926 = DIRECTION('',(0.,-1.));
#4927 = ( GEOMETRIC_REPRESENTATION_CONTEXT(2) 
PARAMETRIC_REPRESENTATION_CONTEXT() REPRESENTATION_CONTEXT('2D SPACE',''
  ) );
#4928 = PCURVE('',#4929,#4934);
#4929 = PLANE('',#4930);
#4930 = AXIS2_PLACEMENT_3D('',#4931,#4932,#4933);
#4931 = CARTESIAN_POINT('',(34.75,-18.6,-46.90802383018));
#4932 = DIRECTION('',(0.,0.,1.));
#4933 = DIRECTION('',(1.,0.,-0.));
#4934 = DEFINITIONAL_REPRESENTATION('',(#4935),#4939);
#4935 = LINE('',#4936,#4937);
#4936 = CARTESIAN_POINT('',(3.,0.));
#4937 = VECTOR('',#4938,1.);
#4938 = DIRECTION('',(0.,1.));
#4939 = ( GEOMETRIC_REPRESENTATION_CONTEXT(2) 
PARAMETRIC_REPRESENTATION_CONTEXT() REPRESENTATION_CONTEXT('2D SPACE',''
  ) );
#4940 = ORIENTED_EDGE('',*,*,#4941,.F.);
#4941 = EDGE_CURVE('',#4942,#4914,#4944,.T.);
#4942 = VERTEX_POINT('',#4943);
#4943 = CARTESIAN_POINT('',(37.75,-18.6,-52.90802383018));
#4944 = SURFACE_CURVE('',#4945,(#4949,#4956),.PCURVE_S1.);
#4945 = LINE('',#4946,#4947);
#4946 = CARTESIAN_POINT('',(37.75,-18.6,-52.90802383018));
#4947 = VECTOR('',#4948,1.);
#4948 = DIRECTION('',(0.,0.,1.));
#4949 = PCURVE('',#3592,#4950);
#4950 = DEFINITIONAL_REPRESENTATION('',(#4951),#4955);
#4951 = LINE('',#4952,#4953);
#4952 = CARTESIAN_POINT('',(2.4,-2.));
#4953 = VECTOR('',#4954,1.);
#4954 = DIRECTION('',(1.,0.));
#4955 = ( GEOMETRIC_REPRESENTATION_CONTEXT(2) 
PARAMETRIC_REPRESENTATION_CONTEXT() REPRESENTATION_CONTEXT('2D SPACE',''
  ) );
#4956 = PCURVE('',#4957,#4962);
#4957 = PLANE('',#4958);
#4958 = AXIS2_PLACEMENT_3D('',#4959,#4960,#4961);
#4959 = CARTESIAN_POINT('',(34.75,-18.6,-52.90802383018));
#4960 = DIRECTION('',(-0.,1.,0.));
#4961 = DIRECTION('',(0.,0.,1.));
#4962 = DEFINITIONAL_REPRESENTATION('',(#4963),#4967);
#4963 = LINE('',#4964,#4965);
#4964 = CARTESIAN_POINT('',(0.,3.));
#4965 = VECTOR('',#4966,1.);
#4966 = DIRECTION('',(1.,0.));
#4967 = ( GEOMETRIC_REPRESENTATION_CONTEXT(2) 
PARAMETRIC_REPRESENTATION_CONTEXT() REPRESENTATION_CONTEXT('2D SPACE',''
  ) );
#4968 = ORIENTED_EDGE('',*,*,#4969,.F.);
#4969 = EDGE_CURVE('',#4709,#4942,#4970,.T.);
#4970 = SURFACE_CURVE('',#4971,(#4975,#4982),.PCURVE_S1.);
#4971 = LINE('',#4972,#4973);
#4972 = CARTESIAN_POINT('',(37.75,-20.6,-52.90802383018));
#4973 = VECTOR('',#4974,1.);
#4974 = DIRECTION('',(-0.,1.,0.));
#4975 = PCURVE('',#3592,#4976);
#4976 = DEFINITIONAL_REPRESENTATION('',(#4977),#4981);
#4977 = LINE('',#4978,#4979);
#4978 = CARTESIAN_POINT('',(2.4,0.));
#4979 = VECTOR('',#4980,1.);
#4980 = DIRECTION('',(0.,-1.));
#4981 = ( GEOMETRIC_REPRESENTATION_CONTEXT(2) 
PARAMETRIC_REPRESENTATION_CONTEXT() REPRESENTATION_CONTEXT('2D SPACE',''
  ) );
#4982 = PCURVE('',#4575,#4983);
#4983 = DEFINITIONAL_REPRESENTATION('',(#4984),#4988);
#4984 = LINE('',#4985,#4986);
#4985 = CARTESIAN_POINT('',(75.5,0.));
#4986 = VECTOR('',#4987,1.);
#4987 = DIRECTION('',(0.,1.));
#4988 = ( GEOMETRIC_REPRESENTATION_CONTEXT(2) 
PARAMETRIC_REPRESENTATION_CONTEXT() REPRESENTATION_CONTEXT('2D SPACE',''
  ) );
#4989 = ADVANCED_FACE('',(#4990),#3781,.T.);
#4990 = FACE_BOUND('',#4991,.T.);
#4991 = EDGE_LOOP('',(#4992,#4993,#4994,#5013));
#4992 = ORIENTED_EDGE('',*,*,#3818,.T.);
#4993 = ORIENTED_EDGE('',*,*,#3762,.T.);
#4994 = ORIENTED_EDGE('',*,*,#4995,.F.);
#4995 = EDGE_CURVE('',#4404,#3765,#4996,.T.);
#4996 = SURFACE_CURVE('',#4997,(#5001,#5007),.PCURVE_S1.);
#4997 = LINE('',#4998,#4999);
#4998 = CARTESIAN_POINT('',(-37.75,0.466207835702,-53.30802383018));
#4999 = VECTOR('',#5000,1.);
#5000 = DIRECTION('',(0.,-1.,0.));
#5001 = PCURVE('',#3781,#5002);
#5002 = DEFINITIONAL_REPRESENTATION('',(#5003),#5006);
#5003 = B_SPLINE_CURVE_WITH_KNOTS('',1,(#5004,#5005),.UNSPECIFIED.,.F.,
  .F.,(2,2),(-20.13379216429,-18.0662078357),.PIECEWISE_BEZIER_KNOTS.);
#5004 = CARTESIAN_POINT('',(1.708674349295,-0.932415671404));
#5005 = CARTESIAN_POINT('',(1.708674349295,-3.));
#5006 = ( GEOMETRIC_REPRESENTATION_CONTEXT(2) 
PARAMETRIC_REPRESENTATION_CONTEXT() REPRESENTATION_CONTEXT('2D SPACE',''
  ) );
#5007 = PCURVE('',#3900,#5008);
#5008 = DEFINITIONAL_REPRESENTATION('',(#5009),#5012);
#5009 = B_SPLINE_CURVE_WITH_KNOTS('',1,(#5010,#5011),.UNSPECIFIED.,.F.,
  .F.,(2,2),(-20.13379216429,-18.0662078357),.PIECEWISE_BEZIER_KNOTS.);
#5010 = CARTESIAN_POINT('',(2.,-41.2));
#5011 = CARTESIAN_POINT('',(2.,-39.1324156714));
#5012 = ( GEOMETRIC_REPRESENTATION_CONTEXT(2) 
PARAMETRIC_REPRESENTATION_CONTEXT() REPRESENTATION_CONTEXT('2D SPACE',''
  ) );
#5013 = ORIENTED_EDGE('',*,*,#4403,.T.);
#5014 = ADVANCED_FACE('',(#5015),#3900,.F.);
#5015 = FACE_BOUND('',#5016,.F.);
#5016 = EDGE_LOOP('',(#5017,#5042,#5061,#5062,#5063,#5064,#5065,#5066,
    #5089,#5117,#5140,#5168));
#5017 = ORIENTED_EDGE('',*,*,#5018,.F.);
#5018 = EDGE_CURVE('',#5019,#5021,#5023,.T.);
#5019 = VERTEX_POINT('',#5020);
#5020 = CARTESIAN_POINT('',(-37.75,-20.6,-53.30802383018));
#5021 = VERTEX_POINT('',#5022);
#5022 = CARTESIAN_POINT('',(-37.75,-20.6,-52.90802383018));
#5023 = SURFACE_CURVE('',#5024,(#5028,#5035),.PCURVE_S1.);
#5024 = LINE('',#5025,#5026);
#5025 = CARTESIAN_POINT('',(-37.75,-20.6,-55.30802383018));
#5026 = VECTOR('',#5027,1.);
#5027 = DIRECTION('',(0.,0.,1.));
#5028 = PCURVE('',#3900,#5029);
#5029 = DEFINITIONAL_REPRESENTATION('',(#5030),#5034);
#5030 = LINE('',#5031,#5032);
#5031 = CARTESIAN_POINT('',(0.,0.));
#5032 = VECTOR('',#5033,1.);
#5033 = DIRECTION('',(1.,0.));
#5034 = ( GEOMETRIC_REPRESENTATION_CONTEXT(2) 
PARAMETRIC_REPRESENTATION_CONTEXT() REPRESENTATION_CONTEXT('2D SPACE',''
  ) );
#5035 = PCURVE('',#3982,#5036);
#5036 = DEFINITIONAL_REPRESENTATION('',(#5037),#5041);
#5037 = LINE('',#5038,#5039);
#5038 = CARTESIAN_POINT('',(0.,0.));
#5039 = VECTOR('',#5040,1.);
#5040 = DIRECTION('',(1.,0.));
#5041 = ( GEOMETRIC_REPRESENTATION_CONTEXT(2) 
PARAMETRIC_REPRESENTATION_CONTEXT() REPRESENTATION_CONTEXT('2D SPACE',''
  ) );
#5042 = ORIENTED_EDGE('',*,*,#5043,.F.);
#5043 = EDGE_CURVE('',#4199,#5019,#5044,.T.);
#5044 = SURFACE_CURVE('',#5045,(#5049,#5055),.PCURVE_S1.);
#5045 = LINE('',#5046,#5047);
#5046 = CARTESIAN_POINT('',(-37.75,-21.0662078357,-53.30802383018));
#5047 = VECTOR('',#5048,1.);
#5048 = DIRECTION('',(0.,-1.,0.));
#5049 = PCURVE('',#3900,#5050);
#5050 = DEFINITIONAL_REPRESENTATION('',(#5051),#5054);
#5051 = B_SPLINE_CURVE_WITH_KNOTS('',1,(#5052,#5053),.UNSPECIFIED.,.F.,
  .F.,(2,2),(-2.533792164298,-0.466207835702),.PIECEWISE_BEZIER_KNOTS.);
#5052 = CARTESIAN_POINT('',(2.,-2.067584328596));
#5053 = CARTESIAN_POINT('',(2.,0.));
#5054 = ( GEOMETRIC_REPRESENTATION_CONTEXT(2) 
PARAMETRIC_REPRESENTATION_CONTEXT() REPRESENTATION_CONTEXT('2D SPACE',''
  ) );
#5055 = PCURVE('',#4161,#5056);
#5056 = DEFINITIONAL_REPRESENTATION('',(#5057),#5060);
#5057 = B_SPLINE_CURVE_WITH_KNOTS('',1,(#5058,#5059),.UNSPECIFIED.,.F.,
  .F.,(2,2),(-2.533792164298,-0.466207835702),.PIECEWISE_BEZIER_KNOTS.);
#5058 = CARTESIAN_POINT('',(1.708674349295,3.));
#5059 = CARTESIAN_POINT('',(1.708674349295,0.932415671404));
#5060 = ( GEOMETRIC_REPRESENTATION_CONTEXT(2) 
PARAMETRIC_REPRESENTATION_CONTEXT() REPRESENTATION_CONTEXT('2D SPACE',''
  ) );
#5061 = ORIENTED_EDGE('',*,*,#4222,.F.);
#5062 = ORIENTED_EDGE('',*,*,#4635,.T.);
#5063 = ORIENTED_EDGE('',*,*,#3887,.T.);
#5064 = ORIENTED_EDGE('',*,*,#4995,.F.);
#5065 = ORIENTED_EDGE('',*,*,#4424,.T.);
#5066 = ORIENTED_EDGE('',*,*,#5067,.F.);
#5067 = EDGE_CURVE('',#5068,#4425,#5070,.T.);
#5068 = VERTEX_POINT('',#5069);
#5069 = CARTESIAN_POINT('',(-37.75,18.6,-52.90802383018));
#5070 = SURFACE_CURVE('',#5071,(#5075,#5082),.PCURVE_S1.);
#5071 = LINE('',#5072,#5073);
#5072 = CARTESIAN_POINT('',(-37.75,-20.6,-52.90802383018));
#5073 = VECTOR('',#5074,1.);
#5074 = DIRECTION('',(-0.,1.,0.));
#5075 = PCURVE('',#3900,#5076);
#5076 = DEFINITIONAL_REPRESENTATION('',(#5077),#5081);
#5077 = LINE('',#5078,#5079);
#5078 = CARTESIAN_POINT('',(2.4,0.));
#5079 = VECTOR('',#5080,1.);
#5080 = DIRECTION('',(0.,-1.));
#5081 = ( GEOMETRIC_REPRESENTATION_CONTEXT(2) 
PARAMETRIC_REPRESENTATION_CONTEXT() REPRESENTATION_CONTEXT('2D SPACE',''
  ) );
#5082 = PCURVE('',#4463,#5083);
#5083 = DEFINITIONAL_REPRESENTATION('',(#5084),#5088);
#5084 = LINE('',#5085,#5086);
#5085 = CARTESIAN_POINT('',(0.,0.));
#5086 = VECTOR('',#5087,1.);
#5087 = DIRECTION('',(0.,1.));
#5088 = ( GEOMETRIC_REPRESENTATION_CONTEXT(2) 
PARAMETRIC_REPRESENTATION_CONTEXT() REPRESENTATION_CONTEXT('2D SPACE',''
  ) );
#5089 = ORIENTED_EDGE('',*,*,#5090,.T.);
#5090 = EDGE_CURVE('',#5068,#5091,#5093,.T.);
#5091 = VERTEX_POINT('',#5092);
#5092 = CARTESIAN_POINT('',(-37.75,18.6,-32.90802383018));
#5093 = SURFACE_CURVE('',#5094,(#5098,#5105),.PCURVE_S1.);
#5094 = LINE('',#5095,#5096);
#5095 = CARTESIAN_POINT('',(-37.75,18.6,-52.90802383018));
#5096 = VECTOR('',#5097,1.);
#5097 = DIRECTION('',(0.,0.,1.));
#5098 = PCURVE('',#3900,#5099);
#5099 = DEFINITIONAL_REPRESENTATION('',(#5100),#5104);
#5100 = LINE('',#5101,#5102);
#5101 = CARTESIAN_POINT('',(2.4,-39.2));
#5102 = VECTOR('',#5103,1.);
#5103 = DIRECTION('',(1.,0.));
#5104 = ( GEOMETRIC_REPRESENTATION_CONTEXT(2) 
PARAMETRIC_REPRESENTATION_CONTEXT() REPRESENTATION_CONTEXT('2D SPACE',''
  ) );
#5105 = PCURVE('',#5106,#5111);
#5106 = PLANE('',#5107);
#5107 = AXIS2_PLACEMENT_3D('',#5108,#5109,#5110);
#5108 = CARTESIAN_POINT('',(-37.75,18.6,-52.90802383018));
#5109 = DIRECTION('',(-0.,1.,0.));
#5110 = DIRECTION('',(0.,0.,1.));
#5111 = DEFINITIONAL_REPRESENTATION('',(#5112),#5116);
#5112 = LINE('',#5113,#5114);
#5113 = CARTESIAN_POINT('',(0.,0.));
#5114 = VECTOR('',#5115,1.);
#5115 = DIRECTION('',(1.,0.));
#5116 = ( GEOMETRIC_REPRESENTATION_CONTEXT(2) 
PARAMETRIC_REPRESENTATION_CONTEXT() REPRESENTATION_CONTEXT('2D SPACE',''
  ) );
#5117 = ORIENTED_EDGE('',*,*,#5118,.F.);
#5118 = EDGE_CURVE('',#5119,#5091,#5121,.T.);
#5119 = VERTEX_POINT('',#5120);
#5120 = CARTESIAN_POINT('',(-37.75,-18.6,-32.90802383018));
#5121 = SURFACE_CURVE('',#5122,(#5126,#5133),.PCURVE_S1.);
#5122 = LINE('',#5123,#5124);
#5123 = CARTESIAN_POINT('',(-37.75,-18.6,-32.90802383018));
#5124 = VECTOR('',#5125,1.);
#5125 = DIRECTION('',(-0.,1.,0.));
#5126 = PCURVE('',#3900,#5127);
#5127 = DEFINITIONAL_REPRESENTATION('',(#5128),#5132);
#5128 = LINE('',#5129,#5130);
#5129 = CARTESIAN_POINT('',(22.4,-2.));
#5130 = VECTOR('',#5131,1.);
#5131 = DIRECTION('',(0.,-1.));
#5132 = ( GEOMETRIC_REPRESENTATION_CONTEXT(2) 
PARAMETRIC_REPRESENTATION_CONTEXT() REPRESENTATION_CONTEXT('2D SPACE',''
  ) );
#5133 = PCURVE('',#4519,#5134);
#5134 = DEFINITIONAL_REPRESENTATION('',(#5135),#5139);
#5135 = LINE('',#5136,#5137);
#5136 = CARTESIAN_POINT('',(2.,3.));
#5137 = VECTOR('',#5138,1.);
#5138 = DIRECTION('',(-1.,0.));
#5139 = ( GEOMETRIC_REPRESENTATION_CONTEXT(2) 
PARAMETRIC_REPRESENTATION_CONTEXT() REPRESENTATION_CONTEXT('2D SPACE',''
  ) );
#5140 = ORIENTED_EDGE('',*,*,#5141,.F.);
#5141 = EDGE_CURVE('',#5142,#5119,#5144,.T.);
#5142 = VERTEX_POINT('',#5143);
#5143 = CARTESIAN_POINT('',(-37.75,-18.6,-52.90802383018));
#5144 = SURFACE_CURVE('',#5145,(#5149,#5156),.PCURVE_S1.);
#5145 = LINE('',#5146,#5147);
#5146 = CARTESIAN_POINT('',(-37.75,-18.6,-52.90802383018));
#5147 = VECTOR('',#5148,1.);
#5148 = DIRECTION('',(0.,0.,1.));
#5149 = PCURVE('',#3900,#5150);
#5150 = DEFINITIONAL_REPRESENTATION('',(#5151),#5155);
#5151 = LINE('',#5152,#5153);
#5152 = CARTESIAN_POINT('',(2.4,-2.));
#5153 = VECTOR('',#5154,1.);
#5154 = DIRECTION('',(1.,0.));
#5155 = ( GEOMETRIC_REPRESENTATION_CONTEXT(2) 
PARAMETRIC_REPRESENTATION_CONTEXT() REPRESENTATION_CONTEXT('2D SPACE',''
  ) );
#5156 = PCURVE('',#5157,#5162);
#5157 = PLANE('',#5158);
#5158 = AXIS2_PLACEMENT_3D('',#5159,#5160,#5161);
#5159 = CARTESIAN_POINT('',(-37.75,-18.6,-52.90802383018));
#5160 = DIRECTION('',(-0.,1.,0.));
#5161 = DIRECTION('',(0.,0.,1.));
#5162 = DEFINITIONAL_REPRESENTATION('',(#5163),#5167);
#5163 = LINE('',#5164,#5165);
#5164 = CARTESIAN_POINT('',(0.,0.));
#5165 = VECTOR('',#5166,1.);
#5166 = DIRECTION('',(1.,0.));
#5167 = ( GEOMETRIC_REPRESENTATION_CONTEXT(2) 
PARAMETRIC_REPRESENTATION_CONTEXT() REPRESENTATION_CONTEXT('2D SPACE',''
  ) );
#5168 = ORIENTED_EDGE('',*,*,#5169,.F.);
#5169 = EDGE_CURVE('',#5021,#5142,#5170,.T.);
#5170 = SURFACE_CURVE('',#5171,(#5175,#5182),.PCURVE_S1.);
#5171 = LINE('',#5172,#5173);
#5172 = CARTESIAN_POINT('',(-37.75,-20.6,-52.90802383018));
#5173 = VECTOR('',#5174,1.);
#5174 = DIRECTION('',(-0.,1.,0.));
#5175 = PCURVE('',#3900,#5176);
#5176 = DEFINITIONAL_REPRESENTATION('',(#5177),#5181);
#5177 = LINE('',#5178,#5179);
#5178 = CARTESIAN_POINT('',(2.4,0.));
#5179 = VECTOR('',#5180,1.);
#5180 = DIRECTION('',(0.,-1.));
#5181 = ( GEOMETRIC_REPRESENTATION_CONTEXT(2) 
PARAMETRIC_REPRESENTATION_CONTEXT() REPRESENTATION_CONTEXT('2D SPACE',''
  ) );
#5182 = PCURVE('',#5183,#5188);
#5183 = PLANE('',#5184);
#5184 = AXIS2_PLACEMENT_3D('',#5185,#5186,#5187);
#5185 = CARTESIAN_POINT('',(-37.75,-20.6,-52.90802383018));
#5186 = DIRECTION('',(0.,0.,1.));
#5187 = DIRECTION('',(1.,0.,-0.));
#5188 = DEFINITIONAL_REPRESENTATION('',(#5189),#5193);
#5189 = LINE('',#5190,#5191);
#5190 = CARTESIAN_POINT('',(0.,0.));
#5191 = VECTOR('',#5192,1.);
#5192 = DIRECTION('',(0.,1.));
#5193 = ( GEOMETRIC_REPRESENTATION_CONTEXT(2) 
PARAMETRIC_REPRESENTATION_CONTEXT() REPRESENTATION_CONTEXT('2D SPACE',''
  ) );
#5194 = ADVANCED_FACE('',(#5195),#3955,.T.);
#5195 = FACE_BOUND('',#5196,.T.);
#5196 = EDGE_LOOP('',(#5197,#5198,#5199,#5200));
#5197 = ORIENTED_EDGE('',*,*,#3938,.T.);
#5198 = ORIENTED_EDGE('',*,*,#4038,.T.);
#5199 = ORIENTED_EDGE('',*,*,#4731,.T.);
#5200 = ORIENTED_EDGE('',*,*,#5201,.F.);
#5201 = EDGE_CURVE('',#3939,#4707,#5202,.T.);
#5202 = SURFACE_CURVE('',#5203,(#5207,#5213),.PCURVE_S1.);
#5203 = LINE('',#5204,#5205);
#5204 = CARTESIAN_POINT('',(0.854337174648,-20.6,-53.30802383018));
#5205 = VECTOR('',#5206,1.);
#5206 = DIRECTION('',(1.,0.,-0.));
#5207 = PCURVE('',#3955,#5208);
#5208 = DEFINITIONAL_REPRESENTATION('',(#5209),#5212);
#5209 = B_SPLINE_CURVE_WITH_KNOTS('',1,(#5210,#5211),.UNSPECIFIED.,.F.,
  .F.,(2,2),(35.604337174648,36.895662825352),.PIECEWISE_BEZIER_KNOTS.);
#5210 = CARTESIAN_POINT('',(-3.,0.932415671404));
#5211 = CARTESIAN_POINT('',(-1.708674349295,0.932415671404));
#5212 = ( GEOMETRIC_REPRESENTATION_CONTEXT(2) 
PARAMETRIC_REPRESENTATION_CONTEXT() REPRESENTATION_CONTEXT('2D SPACE',''
  ) );
#5213 = PCURVE('',#3982,#5214);
#5214 = DEFINITIONAL_REPRESENTATION('',(#5215),#5218);
#5215 = B_SPLINE_CURVE_WITH_KNOTS('',1,(#5216,#5217),.UNSPECIFIED.,.F.,
  .F.,(2,2),(35.604337174648,36.895662825352),.PIECEWISE_BEZIER_KNOTS.);
#5216 = CARTESIAN_POINT('',(2.,74.208674349295));
#5217 = CARTESIAN_POINT('',(2.,75.5));
#5218 = ( GEOMETRIC_REPRESENTATION_CONTEXT(2) 
PARAMETRIC_REPRESENTATION_CONTEXT() REPRESENTATION_CONTEXT('2D SPACE',''
  ) );
#5219 = ADVANCED_FACE('',(#5220),#3982,.F.);
#5220 = FACE_BOUND('',#5221,.F.);
#5221 = EDGE_LOOP('',(#5222,#5223,#5224,#5243,#5244,#5267,#5295,#5318,
    #5346,#5367,#5368,#5369));
#5222 = ORIENTED_EDGE('',*,*,#4657,.F.);
#5223 = ORIENTED_EDGE('',*,*,#4267,.T.);
#5224 = ORIENTED_EDGE('',*,*,#5225,.F.);
#5225 = EDGE_CURVE('',#5019,#4145,#5226,.T.);
#5226 = SURFACE_CURVE('',#5227,(#5231,#5237),.PCURVE_S1.);
#5227 = LINE('',#5228,#5229);
#5228 = CARTESIAN_POINT('',(-38.60433717464,-20.6,-53.30802383018));
#5229 = VECTOR('',#5230,1.);
#5230 = DIRECTION('',(1.,0.,-0.));
#5231 = PCURVE('',#3982,#5232);
#5232 = DEFINITIONAL_REPRESENTATION('',(#5233),#5236);
#5233 = B_SPLINE_CURVE_WITH_KNOTS('',1,(#5234,#5235),.UNSPECIFIED.,.F.,
  .F.,(2,2),(0.854337174648,2.145662825352),.PIECEWISE_BEZIER_KNOTS.);
#5234 = CARTESIAN_POINT('',(2.,0.));
#5235 = CARTESIAN_POINT('',(2.,1.291325650705));
#5236 = ( GEOMETRIC_REPRESENTATION_CONTEXT(2) 
PARAMETRIC_REPRESENTATION_CONTEXT() REPRESENTATION_CONTEXT('2D SPACE',''
  ) );
#5237 = PCURVE('',#4161,#5238);
#5238 = DEFINITIONAL_REPRESENTATION('',(#5239),#5242);
#5239 = B_SPLINE_CURVE_WITH_KNOTS('',1,(#5240,#5241),.UNSPECIFIED.,.F.,
  .F.,(2,2),(0.854337174648,2.145662825352),.PIECEWISE_BEZIER_KNOTS.);
#5240 = CARTESIAN_POINT('',(1.708674349295,0.932415671404));
#5241 = CARTESIAN_POINT('',(3.,0.932415671404));
#5242 = ( GEOMETRIC_REPRESENTATION_CONTEXT(2) 
PARAMETRIC_REPRESENTATION_CONTEXT() REPRESENTATION_CONTEXT('2D SPACE',''
  ) );
#5243 = ORIENTED_EDGE('',*,*,#5018,.T.);
#5244 = ORIENTED_EDGE('',*,*,#5245,.T.);
#5245 = EDGE_CURVE('',#5021,#5246,#5248,.T.);
#5246 = VERTEX_POINT('',#5247);
#5247 = CARTESIAN_POINT('',(-34.75,-20.6,-52.90802383018));
#5248 = SURFACE_CURVE('',#5249,(#5253,#5260),.PCURVE_S1.);
#5249 = LINE('',#5250,#5251);
#5250 = CARTESIAN_POINT('',(-37.75,-20.6,-52.90802383018));
#5251 = VECTOR('',#5252,1.);
#5252 = DIRECTION('',(1.,0.,-0.));
#5253 = PCURVE('',#3982,#5254);
#5254 = DEFINITIONAL_REPRESENTATION('',(#5255),#5259);
#5255 = LINE('',#5256,#5257);
#5256 = CARTESIAN_POINT('',(2.4,0.));
#5257 = VECTOR('',#5258,1.);
#5258 = DIRECTION('',(0.,1.));
#5259 = ( GEOMETRIC_REPRESENTATION_CONTEXT(2) 
PARAMETRIC_REPRESENTATION_CONTEXT() REPRESENTATION_CONTEXT('2D SPACE',''
  ) );
#5260 = PCURVE('',#5183,#5261);
#5261 = DEFINITIONAL_REPRESENTATION('',(#5262),#5266);
#5262 = LINE('',#5263,#5264);
#5263 = CARTESIAN_POINT('',(0.,0.));
#5264 = VECTOR('',#5265,1.);
#5265 = DIRECTION('',(1.,0.));
#5266 = ( GEOMETRIC_REPRESENTATION_CONTEXT(2) 
PARAMETRIC_REPRESENTATION_CONTEXT() REPRESENTATION_CONTEXT('2D SPACE',''
  ) );
#5267 = ORIENTED_EDGE('',*,*,#5268,.F.);
#5268 = EDGE_CURVE('',#5269,#5246,#5271,.T.);
#5269 = VERTEX_POINT('',#5270);
#5270 = CARTESIAN_POINT('',(-34.75,-20.6,-32.90802383018));
#5271 = SURFACE_CURVE('',#5272,(#5276,#5283),.PCURVE_S1.);
#5272 = LINE('',#5273,#5274);
#5273 = CARTESIAN_POINT('',(-34.75,-20.6,-32.90802383018));
#5274 = VECTOR('',#5275,1.);
#5275 = DIRECTION('',(0.,0.,-1.));
#5276 = PCURVE('',#3982,#5277);
#5277 = DEFINITIONAL_REPRESENTATION('',(#5278),#5282);
#5278 = LINE('',#5279,#5280);
#5279 = CARTESIAN_POINT('',(22.4,3.));
#5280 = VECTOR('',#5281,1.);
#5281 = DIRECTION('',(-1.,0.));
#5282 = ( GEOMETRIC_REPRESENTATION_CONTEXT(2) 
PARAMETRIC_REPRESENTATION_CONTEXT() REPRESENTATION_CONTEXT('2D SPACE',''
  ) );
#5283 = PCURVE('',#5284,#5289);
#5284 = PLANE('',#5285);
#5285 = AXIS2_PLACEMENT_3D('',#5286,#5287,#5288);
#5286 = CARTESIAN_POINT('',(-34.75,-19.45169305601,-43.51048564452));
#5287 = DIRECTION('',(1.,0.,0.));
#5288 = DIRECTION('',(-0.,0.,1.));
#5289 = DEFINITIONAL_REPRESENTATION('',(#5290),#5294);
#5290 = LINE('',#5291,#5292);
#5291 = CARTESIAN_POINT('',(10.602461814344,1.148306943982));
#5292 = VECTOR('',#5293,1.);
#5293 = DIRECTION('',(-1.,0.));
#5294 = ( GEOMETRIC_REPRESENTATION_CONTEXT(2) 
PARAMETRIC_REPRESENTATION_CONTEXT() REPRESENTATION_CONTEXT('2D SPACE',''
  ) );
#5295 = ORIENTED_EDGE('',*,*,#5296,.T.);
#5296 = EDGE_CURVE('',#5269,#5297,#5299,.T.);
#5297 = VERTEX_POINT('',#5298);
#5298 = CARTESIAN_POINT('',(19.75,-20.6,-32.90802383018));
#5299 = SURFACE_CURVE('',#5300,(#5304,#5311),.PCURVE_S1.);
#5300 = LINE('',#5301,#5302);
#5301 = CARTESIAN_POINT('',(-34.75,-20.6,-32.90802383018));
#5302 = VECTOR('',#5303,1.);
#5303 = DIRECTION('',(1.,0.,0.));
#5304 = PCURVE('',#3982,#5305);
#5305 = DEFINITIONAL_REPRESENTATION('',(#5306),#5310);
#5306 = LINE('',#5307,#5308);
#5307 = CARTESIAN_POINT('',(22.4,3.));
#5308 = VECTOR('',#5309,1.);
#5309 = DIRECTION('',(0.,1.));
#5310 = ( GEOMETRIC_REPRESENTATION_CONTEXT(2) 
PARAMETRIC_REPRESENTATION_CONTEXT() REPRESENTATION_CONTEXT('2D SPACE',''
  ) );
#5311 = PCURVE('',#4519,#5312);
#5312 = DEFINITIONAL_REPRESENTATION('',(#5313),#5317);
#5313 = LINE('',#5314,#5315);
#5314 = CARTESIAN_POINT('',(4.,0.));
#5315 = VECTOR('',#5316,1.);
#5316 = DIRECTION('',(0.,-1.));
#5317 = ( GEOMETRIC_REPRESENTATION_CONTEXT(2) 
PARAMETRIC_REPRESENTATION_CONTEXT() REPRESENTATION_CONTEXT('2D SPACE',''
  ) );
#5318 = ORIENTED_EDGE('',*,*,#5319,.T.);
#5319 = EDGE_CURVE('',#5297,#5320,#5322,.T.);
#5320 = VERTEX_POINT('',#5321);
#5321 = CARTESIAN_POINT('',(19.75,-20.6,-52.90802383018));
#5322 = SURFACE_CURVE('',#5323,(#5327,#5334),.PCURVE_S1.);
#5323 = LINE('',#5324,#5325);
#5324 = CARTESIAN_POINT('',(19.75,-20.6,-32.90802383018));
#5325 = VECTOR('',#5326,1.);
#5326 = DIRECTION('',(0.,0.,-1.));
#5327 = PCURVE('',#3982,#5328);
#5328 = DEFINITIONAL_REPRESENTATION('',(#5329),#5333);
#5329 = LINE('',#5330,#5331);
#5330 = CARTESIAN_POINT('',(22.4,57.5));
#5331 = VECTOR('',#5332,1.);
#5332 = DIRECTION('',(-1.,0.));
#5333 = ( GEOMETRIC_REPRESENTATION_CONTEXT(2) 
PARAMETRIC_REPRESENTATION_CONTEXT() REPRESENTATION_CONTEXT('2D SPACE',''
  ) );
#5334 = PCURVE('',#5335,#5340);
#5335 = PLANE('',#5336);
#5336 = AXIS2_PLACEMENT_3D('',#5337,#5338,#5339);
#5337 = CARTESIAN_POINT('',(19.75,-19.45169305601,-43.51048564452));
#5338 = DIRECTION('',(1.,0.,0.));
#5339 = DIRECTION('',(-0.,0.,1.));
#5340 = DEFINITIONAL_REPRESENTATION('',(#5341),#5345);
#5341 = LINE('',#5342,#5343);
#5342 = CARTESIAN_POINT('',(10.602461814344,1.148306943982));
#5343 = VECTOR('',#5344,1.);
#5344 = DIRECTION('',(-1.,0.));
#5345 = ( GEOMETRIC_REPRESENTATION_CONTEXT(2) 
PARAMETRIC_REPRESENTATION_CONTEXT() REPRESENTATION_CONTEXT('2D SPACE',''
  ) );
#5346 = ORIENTED_EDGE('',*,*,#5347,.T.);
#5347 = EDGE_CURVE('',#5320,#4709,#5348,.T.);
#5348 = SURFACE_CURVE('',#5349,(#5353,#5360),.PCURVE_S1.);
#5349 = LINE('',#5350,#5351);
#5350 = CARTESIAN_POINT('',(-37.75,-20.6,-52.90802383018));
#5351 = VECTOR('',#5352,1.);
#5352 = DIRECTION('',(1.,0.,-0.));
#5353 = PCURVE('',#3982,#5354);
#5354 = DEFINITIONAL_REPRESENTATION('',(#5355),#5359);
#5355 = LINE('',#5356,#5357);
#5356 = CARTESIAN_POINT('',(2.4,0.));
#5357 = VECTOR('',#5358,1.);
#5358 = DIRECTION('',(0.,1.));
#5359 = ( GEOMETRIC_REPRESENTATION_CONTEXT(2) 
PARAMETRIC_REPRESENTATION_CONTEXT() REPRESENTATION_CONTEXT('2D SPACE',''
  ) );
#5360 = PCURVE('',#4575,#5361);
#5361 = DEFINITIONAL_REPRESENTATION('',(#5362),#5366);
#5362 = LINE('',#5363,#5364);
#5363 = CARTESIAN_POINT('',(0.,0.));
#5364 = VECTOR('',#5365,1.);
#5365 = DIRECTION('',(1.,0.));
#5366 = ( GEOMETRIC_REPRESENTATION_CONTEXT(2) 
PARAMETRIC_REPRESENTATION_CONTEXT() REPRESENTATION_CONTEXT('2D SPACE',''
  ) );
#5367 = ORIENTED_EDGE('',*,*,#4706,.F.);
#5368 = ORIENTED_EDGE('',*,*,#5201,.F.);
#5369 = ORIENTED_EDGE('',*,*,#3967,.F.);
#5370 = ADVANCED_FACE('',(#5371),#4161,.T.);
#5371 = FACE_BOUND('',#5372,.T.);
#5372 = EDGE_LOOP('',(#5373,#5374,#5375,#5376));
#5373 = ORIENTED_EDGE('',*,*,#4198,.T.);
#5374 = ORIENTED_EDGE('',*,*,#4142,.T.);
#5375 = ORIENTED_EDGE('',*,*,#5225,.F.);
#5376 = ORIENTED_EDGE('',*,*,#5043,.F.);
#5377 = ADVANCED_FACE('',(#5378),#4575,.T.);
#5378 = FACE_BOUND('',#5379,.T.);
#5379 = EDGE_LOOP('',(#5380,#5401,#5427,#5455,#5481,#5500,#5501,#5502,
    #5525,#5553,#5574,#5575,#5598,#5626,#5647,#5648));
#5380 = ORIENTED_EDGE('',*,*,#5381,.F.);
#5381 = EDGE_CURVE('',#5382,#4532,#5384,.T.);
#5382 = VERTEX_POINT('',#5383);
#5383 = CARTESIAN_POINT('',(19.75,18.6,-52.90802383018));
#5384 = SURFACE_CURVE('',#5385,(#5389,#5395),.PCURVE_S1.);
#5385 = LINE('',#5386,#5387);
#5386 = CARTESIAN_POINT('',(19.75,-0.574153471991,-52.90802383018));
#5387 = VECTOR('',#5388,1.);
#5388 = DIRECTION('',(0.,1.,0.));
#5389 = PCURVE('',#4575,#5390);
#5390 = DEFINITIONAL_REPRESENTATION('',(#5391),#5394);
#5391 = B_SPLINE_CURVE_WITH_KNOTS('',1,(#5392,#5393),.UNSPECIFIED.,.F.,
  .F.,(2,2),(17.174153471991,21.174153471991),.PIECEWISE_BEZIER_KNOTS.);
#5392 = CARTESIAN_POINT('',(57.5,37.2));
#5393 = CARTESIAN_POINT('',(57.5,41.2));
#5394 = ( GEOMETRIC_REPRESENTATION_CONTEXT(2) 
PARAMETRIC_REPRESENTATION_CONTEXT() REPRESENTATION_CONTEXT('2D SPACE',''
  ) );
#5395 = PCURVE('',#4547,#5396);
#5396 = DEFINITIONAL_REPRESENTATION('',(#5397),#5400);
#5397 = B_SPLINE_CURVE_WITH_KNOTS('',1,(#5398,#5399),.UNSPECIFIED.,.F.,
  .F.,(2,2),(17.174153471991,21.174153471991),.PIECEWISE_BEZIER_KNOTS.);
#5398 = CARTESIAN_POINT('',(-9.397538185656,2.851693056018));
#5399 = CARTESIAN_POINT('',(-9.397538185656,-1.148306943982));
#5400 = ( GEOMETRIC_REPRESENTATION_CONTEXT(2) 
PARAMETRIC_REPRESENTATION_CONTEXT() REPRESENTATION_CONTEXT('2D SPACE',''
  ) );
#5401 = ORIENTED_EDGE('',*,*,#5402,.T.);
#5402 = EDGE_CURVE('',#5382,#5403,#5405,.T.);
#5403 = VERTEX_POINT('',#5404);
#5404 = CARTESIAN_POINT('',(-34.75,18.6,-52.90802383018));
#5405 = SURFACE_CURVE('',#5406,(#5410,#5416),.PCURVE_S1.);
#5406 = LINE('',#5407,#5408);
#5407 = CARTESIAN_POINT('',(-36.25,18.6,-52.90802383018));
#5408 = VECTOR('',#5409,1.);
#5409 = DIRECTION('',(-1.,-0.,0.));
#5410 = PCURVE('',#4575,#5411);
#5411 = DEFINITIONAL_REPRESENTATION('',(#5412),#5415);
#5412 = B_SPLINE_CURVE_WITH_KNOTS('',1,(#5413,#5414),.UNSPECIFIED.,.F.,
  .F.,(2,2),(-56.,-1.5),.PIECEWISE_BEZIER_KNOTS.);
#5413 = CARTESIAN_POINT('',(57.5,39.2));
#5414 = CARTESIAN_POINT('',(3.,39.2));
#5415 = ( GEOMETRIC_REPRESENTATION_CONTEXT(2) 
PARAMETRIC_REPRESENTATION_CONTEXT() REPRESENTATION_CONTEXT('2D SPACE',''
  ) );
#5416 = PCURVE('',#5417,#5422);
#5417 = PLANE('',#5418);
#5418 = AXIS2_PLACEMENT_3D('',#5419,#5420,#5421);
#5419 = CARTESIAN_POINT('',(-34.75,18.6,-34.90802383018));
#5420 = DIRECTION('',(-0.,1.,0.));
#5421 = DIRECTION('',(0.,0.,-1.));
#5422 = DEFINITIONAL_REPRESENTATION('',(#5423),#5426);
#5423 = B_SPLINE_CURVE_WITH_KNOTS('',1,(#5424,#5425),.UNSPECIFIED.,.F.,
  .F.,(2,2),(-56.,-1.5),.PIECEWISE_BEZIER_KNOTS.);
#5424 = CARTESIAN_POINT('',(18.,-54.5));
#5425 = CARTESIAN_POINT('',(18.,0.));
#5426 = ( GEOMETRIC_REPRESENTATION_CONTEXT(2) 
PARAMETRIC_REPRESENTATION_CONTEXT() REPRESENTATION_CONTEXT('2D SPACE',''
  ) );
#5427 = ORIENTED_EDGE('',*,*,#5428,.F.);
#5428 = EDGE_CURVE('',#5429,#5403,#5431,.T.);
#5429 = VERTEX_POINT('',#5430);
#5430 = CARTESIAN_POINT('',(-34.75,-18.6,-52.90802383018));
#5431 = SURFACE_CURVE('',#5432,(#5436,#5443),.PCURVE_S1.);
#5432 = LINE('',#5433,#5434);
#5433 = CARTESIAN_POINT('',(-34.75,-18.6,-52.90802383018));
#5434 = VECTOR('',#5435,1.);
#5435 = DIRECTION('',(-0.,1.,0.));
#5436 = PCURVE('',#4575,#5437);
#5437 = DEFINITIONAL_REPRESENTATION('',(#5438),#5442);
#5438 = LINE('',#5439,#5440);
#5439 = CARTESIAN_POINT('',(3.,2.));
#5440 = VECTOR('',#5441,1.);
#5441 = DIRECTION('',(0.,1.));
#5442 = ( GEOMETRIC_REPRESENTATION_CONTEXT(2) 
PARAMETRIC_REPRESENTATION_CONTEXT() REPRESENTATION_CONTEXT('2D SPACE',''
  ) );
#5443 = PCURVE('',#5444,#5449);
#5444 = PLANE('',#5445);
#5445 = AXIS2_PLACEMENT_3D('',#5446,#5447,#5448);
#5446 = CARTESIAN_POINT('',(-34.75,-18.6,-52.90802383018));
#5447 = DIRECTION('',(1.,0.,-0.));
#5448 = DIRECTION('',(0.,0.,1.));
#5449 = DEFINITIONAL_REPRESENTATION('',(#5450),#5454);
#5450 = LINE('',#5451,#5452);
#5451 = CARTESIAN_POINT('',(0.,0.));
#5452 = VECTOR('',#5453,1.);
#5453 = DIRECTION('',(0.,-1.));
#5454 = ( GEOMETRIC_REPRESENTATION_CONTEXT(2) 
PARAMETRIC_REPRESENTATION_CONTEXT() REPRESENTATION_CONTEXT('2D SPACE',''
  ) );
#5455 = ORIENTED_EDGE('',*,*,#5456,.T.);
#5456 = EDGE_CURVE('',#5429,#5457,#5459,.T.);
#5457 = VERTEX_POINT('',#5458);
#5458 = CARTESIAN_POINT('',(19.75,-18.6,-52.90802383018));
#5459 = SURFACE_CURVE('',#5460,(#5464,#5470),.PCURVE_S1.);
#5460 = LINE('',#5461,#5462);
#5461 = CARTESIAN_POINT('',(-36.25,-18.6,-52.90802383018));
#5462 = VECTOR('',#5463,1.);
#5463 = DIRECTION('',(1.,0.,-0.));
#5464 = PCURVE('',#4575,#5465);
#5465 = DEFINITIONAL_REPRESENTATION('',(#5466),#5469);
#5466 = B_SPLINE_CURVE_WITH_KNOTS('',1,(#5467,#5468),.UNSPECIFIED.,.F.,
  .F.,(2,2),(1.5,56.),.PIECEWISE_BEZIER_KNOTS.);
#5467 = CARTESIAN_POINT('',(3.,2.));
#5468 = CARTESIAN_POINT('',(57.5,2.));
#5469 = ( GEOMETRIC_REPRESENTATION_CONTEXT(2) 
PARAMETRIC_REPRESENTATION_CONTEXT() REPRESENTATION_CONTEXT('2D SPACE',''
  ) );
#5470 = PCURVE('',#5471,#5476);
#5471 = PLANE('',#5472);
#5472 = AXIS2_PLACEMENT_3D('',#5473,#5474,#5475);
#5473 = CARTESIAN_POINT('',(-34.75,-18.6,-55.30802383018));
#5474 = DIRECTION('',(0.,-1.,0.));
#5475 = DIRECTION('',(0.,0.,1.));
#5476 = DEFINITIONAL_REPRESENTATION('',(#5477),#5480);
#5477 = B_SPLINE_CURVE_WITH_KNOTS('',1,(#5478,#5479),.UNSPECIFIED.,.F.,
  .F.,(2,2),(1.5,56.),.PIECEWISE_BEZIER_KNOTS.);
#5478 = CARTESIAN_POINT('',(2.4,0.));
#5479 = CARTESIAN_POINT('',(2.4,-54.5));
#5480 = ( GEOMETRIC_REPRESENTATION_CONTEXT(2) 
PARAMETRIC_REPRESENTATION_CONTEXT() REPRESENTATION_CONTEXT('2D SPACE',''
  ) );
#5481 = ORIENTED_EDGE('',*,*,#5482,.F.);
#5482 = EDGE_CURVE('',#5320,#5457,#5483,.T.);
#5483 = SURFACE_CURVE('',#5484,(#5488,#5494),.PCURVE_S1.);
#5484 = LINE('',#5485,#5486);
#5485 = CARTESIAN_POINT('',(19.75,-20.025846528,-52.90802383018));
#5486 = VECTOR('',#5487,1.);
#5487 = DIRECTION('',(0.,1.,0.));
#5488 = PCURVE('',#4575,#5489);
#5489 = DEFINITIONAL_REPRESENTATION('',(#5490),#5493);
#5490 = B_SPLINE_CURVE_WITH_KNOTS('',1,(#5491,#5492),.UNSPECIFIED.,.F.,
  .F.,(2,2),(-0.574153471991,3.425846528009),.PIECEWISE_BEZIER_KNOTS.);
#5491 = CARTESIAN_POINT('',(57.5,0.));
#5492 = CARTESIAN_POINT('',(57.5,4.));
#5493 = ( GEOMETRIC_REPRESENTATION_CONTEXT(2) 
PARAMETRIC_REPRESENTATION_CONTEXT() REPRESENTATION_CONTEXT('2D SPACE',''
  ) );
#5494 = PCURVE('',#5335,#5495);
#5495 = DEFINITIONAL_REPRESENTATION('',(#5496),#5499);
#5496 = B_SPLINE_CURVE_WITH_KNOTS('',1,(#5497,#5498),.UNSPECIFIED.,.F.,
  .F.,(2,2),(-0.574153471991,3.425846528009),.PIECEWISE_BEZIER_KNOTS.);
#5497 = CARTESIAN_POINT('',(-9.397538185656,1.148306943982));
#5498 = CARTESIAN_POINT('',(-9.397538185656,-2.851693056018));
#5499 = ( GEOMETRIC_REPRESENTATION_CONTEXT(2) 
PARAMETRIC_REPRESENTATION_CONTEXT() REPRESENTATION_CONTEXT('2D SPACE',''
  ) );
#5500 = ORIENTED_EDGE('',*,*,#5347,.T.);
#5501 = ORIENTED_EDGE('',*,*,#4969,.T.);
#5502 = ORIENTED_EDGE('',*,*,#5503,.F.);
#5503 = EDGE_CURVE('',#5504,#4942,#5506,.T.);
#5504 = VERTEX_POINT('',#5505);
#5505 = CARTESIAN_POINT('',(34.75,-18.6,-52.90802383018));
#5506 = SURFACE_CURVE('',#5507,(#5511,#5518),.PCURVE_S1.);
#5507 = LINE('',#5508,#5509);
#5508 = CARTESIAN_POINT('',(34.75,-18.6,-52.90802383018));
#5509 = VECTOR('',#5510,1.);
#5510 = DIRECTION('',(1.,0.,-0.));
#5511 = PCURVE('',#4575,#5512);
#5512 = DEFINITIONAL_REPRESENTATION('',(#5513),#5517);
#5513 = LINE('',#5514,#5515);
#5514 = CARTESIAN_POINT('',(72.5,2.));
#5515 = VECTOR('',#5516,1.);
#5516 = DIRECTION('',(1.,0.));
#5517 = ( GEOMETRIC_REPRESENTATION_CONTEXT(2) 
PARAMETRIC_REPRESENTATION_CONTEXT() REPRESENTATION_CONTEXT('2D SPACE',''
  ) );
#5518 = PCURVE('',#4957,#5519);
#5519 = DEFINITIONAL_REPRESENTATION('',(#5520),#5524);
#5520 = LINE('',#5521,#5522);
#5521 = CARTESIAN_POINT('',(0.,0.));
#5522 = VECTOR('',#5523,1.);
#5523 = DIRECTION('',(0.,1.));
#5524 = ( GEOMETRIC_REPRESENTATION_CONTEXT(2) 
PARAMETRIC_REPRESENTATION_CONTEXT() REPRESENTATION_CONTEXT('2D SPACE',''
  ) );
#5525 = ORIENTED_EDGE('',*,*,#5526,.T.);
#5526 = EDGE_CURVE('',#5504,#5527,#5529,.T.);
#5527 = VERTEX_POINT('',#5528);
#5528 = CARTESIAN_POINT('',(34.75,-10.6,-52.90802383018));
#5529 = SURFACE_CURVE('',#5530,(#5534,#5541),.PCURVE_S1.);
#5530 = LINE('',#5531,#5532);
#5531 = CARTESIAN_POINT('',(34.75,-18.6,-52.90802383018));
#5532 = VECTOR('',#5533,1.);
#5533 = DIRECTION('',(-0.,1.,0.));
#5534 = PCURVE('',#4575,#5535);
#5535 = DEFINITIONAL_REPRESENTATION('',(#5536),#5540);
#5536 = LINE('',#5537,#5538);
#5537 = CARTESIAN_POINT('',(72.5,2.));
#5538 = VECTOR('',#5539,1.);
#5539 = DIRECTION('',(0.,1.));
#5540 = ( GEOMETRIC_REPRESENTATION_CONTEXT(2) 
PARAMETRIC_REPRESENTATION_CONTEXT() REPRESENTATION_CONTEXT('2D SPACE',''
  ) );
#5541 = PCURVE('',#5542,#5547);
#5542 = PLANE('',#5543);
#5543 = AXIS2_PLACEMENT_3D('',#5544,#5545,#5546);
#5544 = CARTESIAN_POINT('',(34.75,-18.6,-52.90802383018));
#5545 = DIRECTION('',(1.,0.,-0.));
#5546 = DIRECTION('',(0.,0.,1.));
#5547 = DEFINITIONAL_REPRESENTATION('',(#5548),#5552);
#5548 = LINE('',#5549,#5550);
#5549 = CARTESIAN_POINT('',(0.,0.));
#5550 = VECTOR('',#5551,1.);
#5551 = DIRECTION('',(0.,-1.));
#5552 = ( GEOMETRIC_REPRESENTATION_CONTEXT(2) 
PARAMETRIC_REPRESENTATION_CONTEXT() REPRESENTATION_CONTEXT('2D SPACE',''
  ) );
#5553 = ORIENTED_EDGE('',*,*,#5554,.T.);
#5554 = EDGE_CURVE('',#5527,#4863,#5555,.T.);
#5555 = SURFACE_CURVE('',#5556,(#5560,#5567),.PCURVE_S1.);
#5556 = LINE('',#5557,#5558);
#5557 = CARTESIAN_POINT('',(34.75,-10.6,-52.90802383018));
#5558 = VECTOR('',#5559,1.);
#5559 = DIRECTION('',(1.,0.,-0.));
#5560 = PCURVE('',#4575,#5561);
#5561 = DEFINITIONAL_REPRESENTATION('',(#5562),#5566);
#5562 = LINE('',#5563,#5564);
#5563 = CARTESIAN_POINT('',(72.5,10.));
#5564 = VECTOR('',#5565,1.);
#5565 = DIRECTION('',(1.,0.));
#5566 = ( GEOMETRIC_REPRESENTATION_CONTEXT(2) 
PARAMETRIC_REPRESENTATION_CONTEXT() REPRESENTATION_CONTEXT('2D SPACE',''
  ) );
#5567 = PCURVE('',#4901,#5568);
#5568 = DEFINITIONAL_REPRESENTATION('',(#5569),#5573);
#5569 = LINE('',#5570,#5571);
#5570 = CARTESIAN_POINT('',(0.,0.));
#5571 = VECTOR('',#5572,1.);
#5572 = DIRECTION('',(0.,1.));
#5573 = ( GEOMETRIC_REPRESENTATION_CONTEXT(2) 
PARAMETRIC_REPRESENTATION_CONTEXT() REPRESENTATION_CONTEXT('2D SPACE',''
  ) );
#5574 = ORIENTED_EDGE('',*,*,#4862,.T.);
#5575 = ORIENTED_EDGE('',*,*,#5576,.F.);
#5576 = EDGE_CURVE('',#5577,#4835,#5579,.T.);
#5577 = VERTEX_POINT('',#5578);
#5578 = CARTESIAN_POINT('',(34.75,10.6,-52.90802383018));
#5579 = SURFACE_CURVE('',#5580,(#5584,#5591),.PCURVE_S1.);
#5580 = LINE('',#5581,#5582);
#5581 = CARTESIAN_POINT('',(34.75,10.6,-52.90802383018));
#5582 = VECTOR('',#5583,1.);
#5583 = DIRECTION('',(1.,0.,-0.));
#5584 = PCURVE('',#4575,#5585);
#5585 = DEFINITIONAL_REPRESENTATION('',(#5586),#5590);
#5586 = LINE('',#5587,#5588);
#5587 = CARTESIAN_POINT('',(72.5,31.2));
#5588 = VECTOR('',#5589,1.);
#5589 = DIRECTION('',(1.,0.));
#5590 = ( GEOMETRIC_REPRESENTATION_CONTEXT(2) 
PARAMETRIC_REPRESENTATION_CONTEXT() REPRESENTATION_CONTEXT('2D SPACE',''
  ) );
#5591 = PCURVE('',#4850,#5592);
#5592 = DEFINITIONAL_REPRESENTATION('',(#5593),#5597);
#5593 = LINE('',#5594,#5595);
#5594 = CARTESIAN_POINT('',(0.,0.));
#5595 = VECTOR('',#5596,1.);
#5596 = DIRECTION('',(0.,1.));
#5597 = ( GEOMETRIC_REPRESENTATION_CONTEXT(2) 
PARAMETRIC_REPRESENTATION_CONTEXT() REPRESENTATION_CONTEXT('2D SPACE',''
  ) );
#5598 = ORIENTED_EDGE('',*,*,#5599,.T.);
#5599 = EDGE_CURVE('',#5577,#5600,#5602,.T.);
#5600 = VERTEX_POINT('',#5601);
#5601 = CARTESIAN_POINT('',(34.75,18.6,-52.90802383018));
#5602 = SURFACE_CURVE('',#5603,(#5607,#5614),.PCURVE_S1.);
#5603 = LINE('',#5604,#5605);
#5604 = CARTESIAN_POINT('',(34.75,10.6,-52.90802383018));
#5605 = VECTOR('',#5606,1.);
#5606 = DIRECTION('',(-0.,1.,0.));
#5607 = PCURVE('',#4575,#5608);
#5608 = DEFINITIONAL_REPRESENTATION('',(#5609),#5613);
#5609 = LINE('',#5610,#5611);
#5610 = CARTESIAN_POINT('',(72.5,31.2));
#5611 = VECTOR('',#5612,1.);
#5612 = DIRECTION('',(0.,1.));
#5613 = ( GEOMETRIC_REPRESENTATION_CONTEXT(2) 
PARAMETRIC_REPRESENTATION_CONTEXT() REPRESENTATION_CONTEXT('2D SPACE',''
  ) );
#5614 = PCURVE('',#5615,#5620);
#5615 = PLANE('',#5616);
#5616 = AXIS2_PLACEMENT_3D('',#5617,#5618,#5619);
#5617 = CARTESIAN_POINT('',(34.75,10.6,-52.90802383018));
#5618 = DIRECTION('',(1.,0.,-0.));
#5619 = DIRECTION('',(0.,0.,1.));
#5620 = DEFINITIONAL_REPRESENTATION('',(#5621),#5625);
#5621 = LINE('',#5622,#5623);
#5622 = CARTESIAN_POINT('',(0.,0.));
#5623 = VECTOR('',#5624,1.);
#5624 = DIRECTION('',(0.,-1.));
#5625 = ( GEOMETRIC_REPRESENTATION_CONTEXT(2) 
PARAMETRIC_REPRESENTATION_CONTEXT() REPRESENTATION_CONTEXT('2D SPACE',''
  ) );
#5626 = ORIENTED_EDGE('',*,*,#5627,.T.);
#5627 = EDGE_CURVE('',#5600,#4756,#5628,.T.);
#5628 = SURFACE_CURVE('',#5629,(#5633,#5640),.PCURVE_S1.);
#5629 = LINE('',#5630,#5631);
#5630 = CARTESIAN_POINT('',(34.75,18.6,-52.90802383018));
#5631 = VECTOR('',#5632,1.);
#5632 = DIRECTION('',(1.,0.,-0.));
#5633 = PCURVE('',#4575,#5634);
#5634 = DEFINITIONAL_REPRESENTATION('',(#5635),#5639);
#5635 = LINE('',#5636,#5637);
#5636 = CARTESIAN_POINT('',(72.5,39.2));
#5637 = VECTOR('',#5638,1.);
#5638 = DIRECTION('',(1.,0.));
#5639 = ( GEOMETRIC_REPRESENTATION_CONTEXT(2) 
PARAMETRIC_REPRESENTATION_CONTEXT() REPRESENTATION_CONTEXT('2D SPACE',''
  ) );
#5640 = PCURVE('',#4794,#5641);
#5641 = DEFINITIONAL_REPRESENTATION('',(#5642),#5646);
#5642 = LINE('',#5643,#5644);
#5643 = CARTESIAN_POINT('',(0.,0.));
#5644 = VECTOR('',#5645,1.);
#5645 = DIRECTION('',(0.,1.));
#5646 = ( GEOMETRIC_REPRESENTATION_CONTEXT(2) 
PARAMETRIC_REPRESENTATION_CONTEXT() REPRESENTATION_CONTEXT('2D SPACE',''
  ) );
#5647 = ORIENTED_EDGE('',*,*,#4755,.T.);
#5648 = ORIENTED_EDGE('',*,*,#4559,.F.);
#5649 = ADVANCED_FACE('',(#5650),#4547,.T.);
#5650 = FACE_BOUND('',#5651,.T.);
#5651 = EDGE_LOOP('',(#5652,#5653,#5654,#5677,#5705));
#5652 = ORIENTED_EDGE('',*,*,#5381,.T.);
#5653 = ORIENTED_EDGE('',*,*,#4531,.T.);
#5654 = ORIENTED_EDGE('',*,*,#5655,.T.);
#5655 = EDGE_CURVE('',#4504,#5656,#5658,.T.);
#5656 = VERTEX_POINT('',#5657);
#5657 = CARTESIAN_POINT('',(19.75,16.6,-32.90802383018));
#5658 = SURFACE_CURVE('',#5659,(#5663,#5670),.PCURVE_S1.);
#5659 = LINE('',#5660,#5661);
#5660 = CARTESIAN_POINT('',(19.75,20.6,-32.90802383018));
#5661 = VECTOR('',#5662,1.);
#5662 = DIRECTION('',(0.,-1.,0.));
#5663 = PCURVE('',#4547,#5664);
#5664 = DEFINITIONAL_REPRESENTATION('',(#5665),#5669);
#5665 = LINE('',#5666,#5667);
#5666 = CARTESIAN_POINT('',(10.602461814344,-1.148306943982));
#5667 = VECTOR('',#5668,1.);
#5668 = DIRECTION('',(0.,1.));
#5669 = ( GEOMETRIC_REPRESENTATION_CONTEXT(2) 
PARAMETRIC_REPRESENTATION_CONTEXT() REPRESENTATION_CONTEXT('2D SPACE',''
  ) );
#5670 = PCURVE('',#4519,#5671);
#5671 = DEFINITIONAL_REPRESENTATION('',(#5672),#5676);
#5672 = LINE('',#5673,#5674);
#5673 = CARTESIAN_POINT('',(-37.2,-54.5));
#5674 = VECTOR('',#5675,1.);
#5675 = DIRECTION('',(1.,0.));
#5676 = ( GEOMETRIC_REPRESENTATION_CONTEXT(2) 
PARAMETRIC_REPRESENTATION_CONTEXT() REPRESENTATION_CONTEXT('2D SPACE',''
  ) );
#5677 = ORIENTED_EDGE('',*,*,#5678,.T.);
#5678 = EDGE_CURVE('',#5656,#5679,#5681,.T.);
#5679 = VERTEX_POINT('',#5680);
#5680 = CARTESIAN_POINT('',(19.75,18.6,-34.90802383018));
#5681 = SURFACE_CURVE('',#5682,(#5686,#5693),.PCURVE_S1.);
#5682 = LINE('',#5683,#5684);
#5683 = CARTESIAN_POINT('',(19.75,16.6,-32.90802383018));
#5684 = VECTOR('',#5685,1.);
#5685 = DIRECTION('',(0.,0.707106781187,-0.707106781187));
#5686 = PCURVE('',#4547,#5687);
#5687 = DEFINITIONAL_REPRESENTATION('',(#5688),#5692);
#5688 = LINE('',#5689,#5690);
#5689 = CARTESIAN_POINT('',(10.602461814344,2.851693056018));
#5690 = VECTOR('',#5691,1.);
#5691 = DIRECTION('',(-0.707106781187,-0.707106781187));
#5692 = ( GEOMETRIC_REPRESENTATION_CONTEXT(2) 
PARAMETRIC_REPRESENTATION_CONTEXT() REPRESENTATION_CONTEXT('2D SPACE',''
  ) );
#5693 = PCURVE('',#5694,#5699);
#5694 = PLANE('',#5695);
#5695 = AXIS2_PLACEMENT_3D('',#5696,#5697,#5698);
#5696 = CARTESIAN_POINT('',(-34.75,16.6,-32.90802383018));
#5697 = DIRECTION('',(-0.,0.707106781187,0.707106781187));
#5698 = DIRECTION('',(0.,0.707106781187,-0.707106781187));
#5699 = DEFINITIONAL_REPRESENTATION('',(#5700),#5704);
#5700 = LINE('',#5701,#5702);
#5701 = CARTESIAN_POINT('',(0.,-54.5));
#5702 = VECTOR('',#5703,1.);
#5703 = DIRECTION('',(1.,0.));
#5704 = ( GEOMETRIC_REPRESENTATION_CONTEXT(2) 
PARAMETRIC_REPRESENTATION_CONTEXT() REPRESENTATION_CONTEXT('2D SPACE',''
  ) );
#5705 = ORIENTED_EDGE('',*,*,#5706,.T.);
#5706 = EDGE_CURVE('',#5679,#5382,#5707,.T.);
#5707 = SURFACE_CURVE('',#5708,(#5712,#5719),.PCURVE_S1.);
#5708 = LINE('',#5709,#5710);
#5709 = CARTESIAN_POINT('',(19.75,18.6,-34.90802383018));
#5710 = VECTOR('',#5711,1.);
#5711 = DIRECTION('',(0.,0.,-1.));
#5712 = PCURVE('',#4547,#5713);
#5713 = DEFINITIONAL_REPRESENTATION('',(#5714),#5718);
#5714 = LINE('',#5715,#5716);
#5715 = CARTESIAN_POINT('',(8.602461814344,0.851693056018));
#5716 = VECTOR('',#5717,1.);
#5717 = DIRECTION('',(-1.,0.));
#5718 = ( GEOMETRIC_REPRESENTATION_CONTEXT(2) 
PARAMETRIC_REPRESENTATION_CONTEXT() REPRESENTATION_CONTEXT('2D SPACE',''
  ) );
#5719 = PCURVE('',#5417,#5720);
#5720 = DEFINITIONAL_REPRESENTATION('',(#5721),#5725);
#5721 = LINE('',#5722,#5723);
#5722 = CARTESIAN_POINT('',(0.,-54.5));
#5723 = VECTOR('',#5724,1.);
#5724 = DIRECTION('',(1.,0.));
#5725 = ( GEOMETRIC_REPRESENTATION_CONTEXT(2) 
PARAMETRIC_REPRESENTATION_CONTEXT() REPRESENTATION_CONTEXT('2D SPACE',''
  ) );
#5726 = ADVANCED_FACE('',(#5727),#4519,.F.);
#5727 = FACE_BOUND('',#5728,.F.);
#5728 = EDGE_LOOP('',(#5729,#5759,#5780,#5781,#5804,#5825,#5826,#5849,
    #5870,#5871,#5872,#5895));
#5729 = ORIENTED_EDGE('',*,*,#5730,.T.);
#5730 = EDGE_CURVE('',#5731,#5733,#5735,.T.);
#5731 = VERTEX_POINT('',#5732);
#5732 = CARTESIAN_POINT('',(-34.75,-16.6,-32.90802383018));
#5733 = VERTEX_POINT('',#5734);
#5734 = CARTESIAN_POINT('',(19.75,-16.6,-32.90802383018));
#5735 = SURFACE_CURVE('',#5736,(#5740,#5747),.PCURVE_S1.);
#5736 = LINE('',#5737,#5738);
#5737 = CARTESIAN_POINT('',(-34.75,-16.6,-32.90802383018));
#5738 = VECTOR('',#5739,1.);
#5739 = DIRECTION('',(1.,0.,0.));
#5740 = PCURVE('',#4519,#5741);
#5741 = DEFINITIONAL_REPRESENTATION('',(#5742),#5746);
#5742 = LINE('',#5743,#5744);
#5743 = CARTESIAN_POINT('',(0.,-0.));
#5744 = VECTOR('',#5745,1.);
#5745 = DIRECTION('',(0.,-1.));
#5746 = ( GEOMETRIC_REPRESENTATION_CONTEXT(2) 
PARAMETRIC_REPRESENTATION_CONTEXT() REPRESENTATION_CONTEXT('2D SPACE',''
  ) );
#5747 = PCURVE('',#5748,#5753);
#5748 = PLANE('',#5749);
#5749 = AXIS2_PLACEMENT_3D('',#5750,#5751,#5752);
#5750 = CARTESIAN_POINT('',(-34.75,-18.6,-34.90802383018));
#5751 = DIRECTION('',(0.,-0.707106781187,0.707106781187));
#5752 = DIRECTION('',(0.,0.707106781187,0.707106781187));
#5753 = DEFINITIONAL_REPRESENTATION('',(#5754),#5758);
#5754 = LINE('',#5755,#5756);
#5755 = CARTESIAN_POINT('',(2.828427124746,0.));
#5756 = VECTOR('',#5757,1.);
#5757 = DIRECTION('',(0.,-1.));
#5758 = ( GEOMETRIC_REPRESENTATION_CONTEXT(2) 
PARAMETRIC_REPRESENTATION_CONTEXT() REPRESENTATION_CONTEXT('2D SPACE',''
  ) );
#5759 = ORIENTED_EDGE('',*,*,#5760,.T.);
#5760 = EDGE_CURVE('',#5733,#5297,#5761,.T.);
#5761 = SURFACE_CURVE('',#5762,(#5766,#5773),.PCURVE_S1.);
#5762 = LINE('',#5763,#5764);
#5763 = CARTESIAN_POINT('',(19.75,-16.6,-32.90802383018));
#5764 = VECTOR('',#5765,1.);
#5765 = DIRECTION('',(0.,-1.,0.));
#5766 = PCURVE('',#4519,#5767);
#5767 = DEFINITIONAL_REPRESENTATION('',(#5768),#5772);
#5768 = LINE('',#5769,#5770);
#5769 = CARTESIAN_POINT('',(0.,-54.5));
#5770 = VECTOR('',#5771,1.);
#5771 = DIRECTION('',(1.,0.));
#5772 = ( GEOMETRIC_REPRESENTATION_CONTEXT(2) 
PARAMETRIC_REPRESENTATION_CONTEXT() REPRESENTATION_CONTEXT('2D SPACE',''
  ) );
#5773 = PCURVE('',#5335,#5774);
#5774 = DEFINITIONAL_REPRESENTATION('',(#5775),#5779);
#5775 = LINE('',#5776,#5777);
#5776 = CARTESIAN_POINT('',(10.602461814344,-2.851693056018));
#5777 = VECTOR('',#5778,1.);
#5778 = DIRECTION('',(0.,1.));
#5779 = ( GEOMETRIC_REPRESENTATION_CONTEXT(2) 
PARAMETRIC_REPRESENTATION_CONTEXT() REPRESENTATION_CONTEXT('2D SPACE',''
  ) );
#5780 = ORIENTED_EDGE('',*,*,#5296,.F.);
#5781 = ORIENTED_EDGE('',*,*,#5782,.F.);
#5782 = EDGE_CURVE('',#5783,#5269,#5785,.T.);
#5783 = VERTEX_POINT('',#5784);
#5784 = CARTESIAN_POINT('',(-34.75,-18.6,-32.90802383018));
#5785 = SURFACE_CURVE('',#5786,(#5790,#5797),.PCURVE_S1.);
#5786 = LINE('',#5787,#5788);
#5787 = CARTESIAN_POINT('',(-34.75,-16.6,-32.90802383018));
#5788 = VECTOR('',#5789,1.);
#5789 = DIRECTION('',(0.,-1.,0.));
#5790 = PCURVE('',#4519,#5791);
#5791 = DEFINITIONAL_REPRESENTATION('',(#5792),#5796);
#5792 = LINE('',#5793,#5794);
#5793 = CARTESIAN_POINT('',(0.,-0.));
#5794 = VECTOR('',#5795,1.);
#5795 = DIRECTION('',(1.,0.));
#5796 = ( GEOMETRIC_REPRESENTATION_CONTEXT(2) 
PARAMETRIC_REPRESENTATION_CONTEXT() REPRESENTATION_CONTEXT('2D SPACE',''
  ) );
#5797 = PCURVE('',#5284,#5798);
#5798 = DEFINITIONAL_REPRESENTATION('',(#5799),#5803);
#5799 = LINE('',#5800,#5801);
#5800 = CARTESIAN_POINT('',(10.602461814344,-2.851693056018));
#5801 = VECTOR('',#5802,1.);
#5802 = DIRECTION('',(0.,1.));
#5803 = ( GEOMETRIC_REPRESENTATION_CONTEXT(2) 
PARAMETRIC_REPRESENTATION_CONTEXT() REPRESENTATION_CONTEXT('2D SPACE',''
  ) );
#5804 = ORIENTED_EDGE('',*,*,#5805,.F.);
#5805 = EDGE_CURVE('',#5119,#5783,#5806,.T.);
#5806 = SURFACE_CURVE('',#5807,(#5811,#5818),.PCURVE_S1.);
#5807 = LINE('',#5808,#5809);
#5808 = CARTESIAN_POINT('',(-37.75,-18.6,-32.90802383018));
#5809 = VECTOR('',#5810,1.);
#5810 = DIRECTION('',(1.,0.,-0.));
#5811 = PCURVE('',#4519,#5812);
#5812 = DEFINITIONAL_REPRESENTATION('',(#5813),#5817);
#5813 = LINE('',#5814,#5815);
#5814 = CARTESIAN_POINT('',(2.,3.));
#5815 = VECTOR('',#5816,1.);
#5816 = DIRECTION('',(0.,-1.));
#5817 = ( GEOMETRIC_REPRESENTATION_CONTEXT(2) 
PARAMETRIC_REPRESENTATION_CONTEXT() REPRESENTATION_CONTEXT('2D SPACE',''
  ) );
#5818 = PCURVE('',#5157,#5819);
#5819 = DEFINITIONAL_REPRESENTATION('',(#5820),#5824);
#5820 = LINE('',#5821,#5822);
#5821 = CARTESIAN_POINT('',(20.,0.));
#5822 = VECTOR('',#5823,1.);
#5823 = DIRECTION('',(0.,1.));
#5824 = ( GEOMETRIC_REPRESENTATION_CONTEXT(2) 
PARAMETRIC_REPRESENTATION_CONTEXT() REPRESENTATION_CONTEXT('2D SPACE',''
  ) );
#5825 = ORIENTED_EDGE('',*,*,#5118,.T.);
#5826 = ORIENTED_EDGE('',*,*,#5827,.T.);
#5827 = EDGE_CURVE('',#5091,#5828,#5830,.T.);
#5828 = VERTEX_POINT('',#5829);
#5829 = CARTESIAN_POINT('',(-34.75,18.6,-32.90802383018));
#5830 = SURFACE_CURVE('',#5831,(#5835,#5842),.PCURVE_S1.);
#5831 = LINE('',#5832,#5833);
#5832 = CARTESIAN_POINT('',(-37.75,18.6,-32.90802383018));
#5833 = VECTOR('',#5834,1.);
#5834 = DIRECTION('',(1.,0.,-0.));
#5835 = PCURVE('',#4519,#5836);
#5836 = DEFINITIONAL_REPRESENTATION('',(#5837),#5841);
#5837 = LINE('',#5838,#5839);
#5838 = CARTESIAN_POINT('',(-35.2,3.));
#5839 = VECTOR('',#5840,1.);
#5840 = DIRECTION('',(0.,-1.));
#5841 = ( GEOMETRIC_REPRESENTATION_CONTEXT(2) 
PARAMETRIC_REPRESENTATION_CONTEXT() REPRESENTATION_CONTEXT('2D SPACE',''
  ) );
#5842 = PCURVE('',#5106,#5843);
#5843 = DEFINITIONAL_REPRESENTATION('',(#5844),#5848);
#5844 = LINE('',#5845,#5846);
#5845 = CARTESIAN_POINT('',(20.,0.));
#5846 = VECTOR('',#5847,1.);
#5847 = DIRECTION('',(0.,1.));
#5848 = ( GEOMETRIC_REPRESENTATION_CONTEXT(2) 
PARAMETRIC_REPRESENTATION_CONTEXT() REPRESENTATION_CONTEXT('2D SPACE',''
  ) );
#5849 = ORIENTED_EDGE('',*,*,#5850,.F.);
#5850 = EDGE_CURVE('',#4476,#5828,#5851,.T.);
#5851 = SURFACE_CURVE('',#5852,(#5856,#5863),.PCURVE_S1.);
#5852 = LINE('',#5853,#5854);
#5853 = CARTESIAN_POINT('',(-34.75,20.6,-32.90802383018));
#5854 = VECTOR('',#5855,1.);
#5855 = DIRECTION('',(0.,-1.,0.));
#5856 = PCURVE('',#4519,#5857);
#5857 = DEFINITIONAL_REPRESENTATION('',(#5858),#5862);
#5858 = LINE('',#5859,#5860);
#5859 = CARTESIAN_POINT('',(-37.2,-0.));
#5860 = VECTOR('',#5861,1.);
#5861 = DIRECTION('',(1.,0.));
#5862 = ( GEOMETRIC_REPRESENTATION_CONTEXT(2) 
PARAMETRIC_REPRESENTATION_CONTEXT() REPRESENTATION_CONTEXT('2D SPACE',''
  ) );
#5863 = PCURVE('',#4491,#5864);
#5864 = DEFINITIONAL_REPRESENTATION('',(#5865),#5869);
#5865 = LINE('',#5866,#5867);
#5866 = CARTESIAN_POINT('',(10.602461814344,-1.148306943982));
#5867 = VECTOR('',#5868,1.);
#5868 = DIRECTION('',(0.,1.));
#5869 = ( GEOMETRIC_REPRESENTATION_CONTEXT(2) 
PARAMETRIC_REPRESENTATION_CONTEXT() REPRESENTATION_CONTEXT('2D SPACE',''
  ) );
#5870 = ORIENTED_EDGE('',*,*,#4503,.T.);
#5871 = ORIENTED_EDGE('',*,*,#5655,.T.);
#5872 = ORIENTED_EDGE('',*,*,#5873,.F.);
#5873 = EDGE_CURVE('',#5874,#5656,#5876,.T.);
#5874 = VERTEX_POINT('',#5875);
#5875 = CARTESIAN_POINT('',(-34.75,16.6,-32.90802383018));
#5876 = SURFACE_CURVE('',#5877,(#5881,#5888),.PCURVE_S1.);
#5877 = LINE('',#5878,#5879);
#5878 = CARTESIAN_POINT('',(-34.75,16.6,-32.90802383018));
#5879 = VECTOR('',#5880,1.);
#5880 = DIRECTION('',(1.,0.,0.));
#5881 = PCURVE('',#4519,#5882);
#5882 = DEFINITIONAL_REPRESENTATION('',(#5883),#5887);
#5883 = LINE('',#5884,#5885);
#5884 = CARTESIAN_POINT('',(-33.2,-0.));
#5885 = VECTOR('',#5886,1.);
#5886 = DIRECTION('',(0.,-1.));
#5887 = ( GEOMETRIC_REPRESENTATION_CONTEXT(2) 
PARAMETRIC_REPRESENTATION_CONTEXT() REPRESENTATION_CONTEXT('2D SPACE',''
  ) );
#5888 = PCURVE('',#5694,#5889);
#5889 = DEFINITIONAL_REPRESENTATION('',(#5890),#5894);
#5890 = LINE('',#5891,#5892);
#5891 = CARTESIAN_POINT('',(0.,0.));
#5892 = VECTOR('',#5893,1.);
#5893 = DIRECTION('',(0.,-1.));
#5894 = ( GEOMETRIC_REPRESENTATION_CONTEXT(2) 
PARAMETRIC_REPRESENTATION_CONTEXT() REPRESENTATION_CONTEXT('2D SPACE',''
  ) );
#5895 = ORIENTED_EDGE('',*,*,#5896,.F.);
#5896 = EDGE_CURVE('',#5731,#5874,#5897,.T.);
#5897 = SURFACE_CURVE('',#5898,(#5902,#5909),.PCURVE_S1.);
#5898 = LINE('',#5899,#5900);
#5899 = CARTESIAN_POINT('',(-34.75,-18.6,-32.90802383018));
#5900 = VECTOR('',#5901,1.);
#5901 = DIRECTION('',(-0.,1.,0.));
#5902 = PCURVE('',#4519,#5903);
#5903 = DEFINITIONAL_REPRESENTATION('',(#5904),#5908);
#5904 = LINE('',#5905,#5906);
#5905 = CARTESIAN_POINT('',(2.,0.));
#5906 = VECTOR('',#5907,1.);
#5907 = DIRECTION('',(-1.,0.));
#5908 = ( GEOMETRIC_REPRESENTATION_CONTEXT(2) 
PARAMETRIC_REPRESENTATION_CONTEXT() REPRESENTATION_CONTEXT('2D SPACE',''
  ) );
#5909 = PCURVE('',#5444,#5910);
#5910 = DEFINITIONAL_REPRESENTATION('',(#5911),#5915);
#5911 = LINE('',#5912,#5913);
#5912 = CARTESIAN_POINT('',(20.,0.));
#5913 = VECTOR('',#5914,1.);
#5914 = DIRECTION('',(0.,-1.));
#5915 = ( GEOMETRIC_REPRESENTATION_CONTEXT(2) 
PARAMETRIC_REPRESENTATION_CONTEXT() REPRESENTATION_CONTEXT('2D SPACE',''
  ) );
#5916 = ADVANCED_FACE('',(#5917),#4491,.F.);
#5917 = FACE_BOUND('',#5918,.F.);
#5918 = EDGE_LOOP('',(#5919,#5942,#5961,#5962,#5963));
#5919 = ORIENTED_EDGE('',*,*,#5920,.T.);
#5920 = EDGE_CURVE('',#5921,#5403,#5923,.T.);
#5921 = VERTEX_POINT('',#5922);
#5922 = CARTESIAN_POINT('',(-34.75,18.6,-34.90802383018));
#5923 = SURFACE_CURVE('',#5924,(#5928,#5935),.PCURVE_S1.);
#5924 = LINE('',#5925,#5926);
#5925 = CARTESIAN_POINT('',(-34.75,18.6,-34.90802383018));
#5926 = VECTOR('',#5927,1.);
#5927 = DIRECTION('',(0.,0.,-1.));
#5928 = PCURVE('',#4491,#5929);
#5929 = DEFINITIONAL_REPRESENTATION('',(#5930),#5934);
#5930 = LINE('',#5931,#5932);
#5931 = CARTESIAN_POINT('',(8.602461814344,0.851693056018));
#5932 = VECTOR('',#5933,1.);
#5933 = DIRECTION('',(-1.,0.));
#5934 = ( GEOMETRIC_REPRESENTATION_CONTEXT(2) 
PARAMETRIC_REPRESENTATION_CONTEXT() REPRESENTATION_CONTEXT('2D SPACE',''
  ) );
#5935 = PCURVE('',#5106,#5936);
#5936 = DEFINITIONAL_REPRESENTATION('',(#5937),#5941);
#5937 = LINE('',#5938,#5939);
#5938 = CARTESIAN_POINT('',(18.,3.));
#5939 = VECTOR('',#5940,1.);
#5940 = DIRECTION('',(-1.,0.));
#5941 = ( GEOMETRIC_REPRESENTATION_CONTEXT(2) 
PARAMETRIC_REPRESENTATION_CONTEXT() REPRESENTATION_CONTEXT('2D SPACE',''
  ) );
#5942 = ORIENTED_EDGE('',*,*,#5943,.T.);
#5943 = EDGE_CURVE('',#5403,#4448,#5944,.T.);
#5944 = SURFACE_CURVE('',#5945,(#5949,#5955),.PCURVE_S1.);
#5945 = LINE('',#5946,#5947);
#5946 = CARTESIAN_POINT('',(-34.75,-0.574153471991,-52.90802383018));
#5947 = VECTOR('',#5948,1.);
#5948 = DIRECTION('',(0.,1.,0.));
#5949 = PCURVE('',#4491,#5950);
#5950 = DEFINITIONAL_REPRESENTATION('',(#5951),#5954);
#5951 = B_SPLINE_CURVE_WITH_KNOTS('',1,(#5952,#5953),.UNSPECIFIED.,.F.,
  .F.,(2,2),(17.174153471991,21.174153471991),.PIECEWISE_BEZIER_KNOTS.);
#5952 = CARTESIAN_POINT('',(-9.397538185656,2.851693056018));
#5953 = CARTESIAN_POINT('',(-9.397538185656,-1.148306943982));
#5954 = ( GEOMETRIC_REPRESENTATION_CONTEXT(2) 
PARAMETRIC_REPRESENTATION_CONTEXT() REPRESENTATION_CONTEXT('2D SPACE',''
  ) );
#5955 = PCURVE('',#4463,#5956);
#5956 = DEFINITIONAL_REPRESENTATION('',(#5957),#5960);
#5957 = B_SPLINE_CURVE_WITH_KNOTS('',1,(#5958,#5959),.UNSPECIFIED.,.F.,
  .F.,(2,2),(17.174153471991,21.174153471991),.PIECEWISE_BEZIER_KNOTS.);
#5958 = CARTESIAN_POINT('',(3.,37.2));
#5959 = CARTESIAN_POINT('',(3.,41.2));
#5960 = ( GEOMETRIC_REPRESENTATION_CONTEXT(2) 
PARAMETRIC_REPRESENTATION_CONTEXT() REPRESENTATION_CONTEXT('2D SPACE',''
  ) );
#5961 = ORIENTED_EDGE('',*,*,#4475,.T.);
#5962 = ORIENTED_EDGE('',*,*,#5850,.T.);
#5963 = ORIENTED_EDGE('',*,*,#5964,.F.);
#5964 = EDGE_CURVE('',#5921,#5828,#5965,.T.);
#5965 = SURFACE_CURVE('',#5966,(#5970,#5977),.PCURVE_S1.);
#5966 = LINE('',#5967,#5968);
#5967 = CARTESIAN_POINT('',(-34.75,18.6,-52.90802383018));
#5968 = VECTOR('',#5969,1.);
#5969 = DIRECTION('',(0.,0.,1.));
#5970 = PCURVE('',#4491,#5971);
#5971 = DEFINITIONAL_REPRESENTATION('',(#5972),#5976);
#5972 = LINE('',#5973,#5974);
#5973 = CARTESIAN_POINT('',(-9.397538185656,0.851693056018));
#5974 = VECTOR('',#5975,1.);
#5975 = DIRECTION('',(1.,0.));
#5976 = ( GEOMETRIC_REPRESENTATION_CONTEXT(2) 
PARAMETRIC_REPRESENTATION_CONTEXT() REPRESENTATION_CONTEXT('2D SPACE',''
  ) );
#5977 = PCURVE('',#5106,#5978);
#5978 = DEFINITIONAL_REPRESENTATION('',(#5979),#5983);
#5979 = LINE('',#5980,#5981);
#5980 = CARTESIAN_POINT('',(0.,3.));
#5981 = VECTOR('',#5982,1.);
#5982 = DIRECTION('',(1.,0.));
#5983 = ( GEOMETRIC_REPRESENTATION_CONTEXT(2) 
PARAMETRIC_REPRESENTATION_CONTEXT() REPRESENTATION_CONTEXT('2D SPACE',''
  ) );
#5984 = ADVANCED_FACE('',(#5985),#4463,.T.);
#5985 = FACE_BOUND('',#5986,.T.);
#5986 = EDGE_LOOP('',(#5987,#5988,#5989,#6010));
#5987 = ORIENTED_EDGE('',*,*,#4447,.F.);
#5988 = ORIENTED_EDGE('',*,*,#5067,.F.);
#5989 = ORIENTED_EDGE('',*,*,#5990,.T.);
#5990 = EDGE_CURVE('',#5068,#5403,#5991,.T.);
#5991 = SURFACE_CURVE('',#5992,(#5996,#6003),.PCURVE_S1.);
#5992 = LINE('',#5993,#5994);
#5993 = CARTESIAN_POINT('',(-37.75,18.6,-52.90802383018));
#5994 = VECTOR('',#5995,1.);
#5995 = DIRECTION('',(1.,0.,-0.));
#5996 = PCURVE('',#4463,#5997);
#5997 = DEFINITIONAL_REPRESENTATION('',(#5998),#6002);
#5998 = LINE('',#5999,#6000);
#5999 = CARTESIAN_POINT('',(0.,39.2));
#6000 = VECTOR('',#6001,1.);
#6001 = DIRECTION('',(1.,0.));
#6002 = ( GEOMETRIC_REPRESENTATION_CONTEXT(2) 
PARAMETRIC_REPRESENTATION_CONTEXT() REPRESENTATION_CONTEXT('2D SPACE',''
  ) );
#6003 = PCURVE('',#5106,#6004);
#6004 = DEFINITIONAL_REPRESENTATION('',(#6005),#6009);
#6005 = LINE('',#6006,#6007);
#6006 = CARTESIAN_POINT('',(0.,0.));
#6007 = VECTOR('',#6008,1.);
#6008 = DIRECTION('',(0.,1.));
#6009 = ( GEOMETRIC_REPRESENTATION_CONTEXT(2) 
PARAMETRIC_REPRESENTATION_CONTEXT() REPRESENTATION_CONTEXT('2D SPACE',''
  ) );
#6010 = ORIENTED_EDGE('',*,*,#5943,.T.);
#6011 = ADVANCED_FACE('',(#6012),#4957,.F.);
#6012 = FACE_BOUND('',#6013,.F.);
#6013 = EDGE_LOOP('',(#6014,#6015,#6038,#6059));
#6014 = ORIENTED_EDGE('',*,*,#5503,.F.);
#6015 = ORIENTED_EDGE('',*,*,#6016,.T.);
#6016 = EDGE_CURVE('',#5504,#6017,#6019,.T.);
#6017 = VERTEX_POINT('',#6018);
#6018 = CARTESIAN_POINT('',(34.75,-18.6,-46.90802383018));
#6019 = SURFACE_CURVE('',#6020,(#6024,#6031),.PCURVE_S1.);
#6020 = LINE('',#6021,#6022);
#6021 = CARTESIAN_POINT('',(34.75,-18.6,-52.90802383018));
#6022 = VECTOR('',#6023,1.);
#6023 = DIRECTION('',(0.,0.,1.));
#6024 = PCURVE('',#4957,#6025);
#6025 = DEFINITIONAL_REPRESENTATION('',(#6026),#6030);
#6026 = LINE('',#6027,#6028);
#6027 = CARTESIAN_POINT('',(0.,0.));
#6028 = VECTOR('',#6029,1.);
#6029 = DIRECTION('',(1.,0.));
#6030 = ( GEOMETRIC_REPRESENTATION_CONTEXT(2) 
PARAMETRIC_REPRESENTATION_CONTEXT() REPRESENTATION_CONTEXT('2D SPACE',''
  ) );
#6031 = PCURVE('',#5542,#6032);
#6032 = DEFINITIONAL_REPRESENTATION('',(#6033),#6037);
#6033 = LINE('',#6034,#6035);
#6034 = CARTESIAN_POINT('',(0.,0.));
#6035 = VECTOR('',#6036,1.);
#6036 = DIRECTION('',(1.,0.));
#6037 = ( GEOMETRIC_REPRESENTATION_CONTEXT(2) 
PARAMETRIC_REPRESENTATION_CONTEXT() REPRESENTATION_CONTEXT('2D SPACE',''
  ) );
#6038 = ORIENTED_EDGE('',*,*,#6039,.T.);
#6039 = EDGE_CURVE('',#6017,#4914,#6040,.T.);
#6040 = SURFACE_CURVE('',#6041,(#6045,#6052),.PCURVE_S1.);
#6041 = LINE('',#6042,#6043);
#6042 = CARTESIAN_POINT('',(34.75,-18.6,-46.90802383018));
#6043 = VECTOR('',#6044,1.);
#6044 = DIRECTION('',(1.,0.,-0.));
#6045 = PCURVE('',#4957,#6046);
#6046 = DEFINITIONAL_REPRESENTATION('',(#6047),#6051);
#6047 = LINE('',#6048,#6049);
#6048 = CARTESIAN_POINT('',(6.,0.));
#6049 = VECTOR('',#6050,1.);
#6050 = DIRECTION('',(0.,1.));
#6051 = ( GEOMETRIC_REPRESENTATION_CONTEXT(2) 
PARAMETRIC_REPRESENTATION_CONTEXT() REPRESENTATION_CONTEXT('2D SPACE',''
  ) );
#6052 = PCURVE('',#4929,#6053);
#6053 = DEFINITIONAL_REPRESENTATION('',(#6054),#6058);
#6054 = LINE('',#6055,#6056);
#6055 = CARTESIAN_POINT('',(0.,0.));
#6056 = VECTOR('',#6057,1.);
#6057 = DIRECTION('',(1.,0.));
#6058 = ( GEOMETRIC_REPRESENTATION_CONTEXT(2) 
PARAMETRIC_REPRESENTATION_CONTEXT() REPRESENTATION_CONTEXT('2D SPACE',''
  ) );
#6059 = ORIENTED_EDGE('',*,*,#4941,.F.);
#6060 = ADVANCED_FACE('',(#6061),#4929,.T.);
#6061 = FACE_BOUND('',#6062,.T.);
#6062 = EDGE_LOOP('',(#6063,#6086,#6087,#6088));
#6063 = ORIENTED_EDGE('',*,*,#6064,.F.);
#6064 = EDGE_CURVE('',#6017,#6065,#6067,.T.);
#6065 = VERTEX_POINT('',#6066);
#6066 = CARTESIAN_POINT('',(34.75,-10.6,-46.90802383018));
#6067 = SURFACE_CURVE('',#6068,(#6072,#6079),.PCURVE_S1.);
#6068 = LINE('',#6069,#6070);
#6069 = CARTESIAN_POINT('',(34.75,-18.6,-46.90802383018));
#6070 = VECTOR('',#6071,1.);
#6071 = DIRECTION('',(-0.,1.,0.));
#6072 = PCURVE('',#4929,#6073);
#6073 = DEFINITIONAL_REPRESENTATION('',(#6074),#6078);
#6074 = LINE('',#6075,#6076);
#6075 = CARTESIAN_POINT('',(0.,0.));
#6076 = VECTOR('',#6077,1.);
#6077 = DIRECTION('',(0.,1.));
#6078 = ( GEOMETRIC_REPRESENTATION_CONTEXT(2) 
PARAMETRIC_REPRESENTATION_CONTEXT() REPRESENTATION_CONTEXT('2D SPACE',''
  ) );
#6079 = PCURVE('',#5542,#6080);
#6080 = DEFINITIONAL_REPRESENTATION('',(#6081),#6085);
#6081 = LINE('',#6082,#6083);
#6082 = CARTESIAN_POINT('',(6.,0.));
#6083 = VECTOR('',#6084,1.);
#6084 = DIRECTION('',(0.,-1.));
#6085 = ( GEOMETRIC_REPRESENTATION_CONTEXT(2) 
PARAMETRIC_REPRESENTATION_CONTEXT() REPRESENTATION_CONTEXT('2D SPACE',''
  ) );
#6086 = ORIENTED_EDGE('',*,*,#6039,.T.);
#6087 = ORIENTED_EDGE('',*,*,#4913,.T.);
#6088 = ORIENTED_EDGE('',*,*,#6089,.F.);
#6089 = EDGE_CURVE('',#6065,#4886,#6090,.T.);
#6090 = SURFACE_CURVE('',#6091,(#6095,#6102),.PCURVE_S1.);
#6091 = LINE('',#6092,#6093);
#6092 = CARTESIAN_POINT('',(34.75,-10.6,-46.90802383018));
#6093 = VECTOR('',#6094,1.);
#6094 = DIRECTION('',(1.,0.,-0.));
#6095 = PCURVE('',#4929,#6096);
#6096 = DEFINITIONAL_REPRESENTATION('',(#6097),#6101);
#6097 = LINE('',#6098,#6099);
#6098 = CARTESIAN_POINT('',(0.,8.));
#6099 = VECTOR('',#6100,1.);
#6100 = DIRECTION('',(1.,0.));
#6101 = ( GEOMETRIC_REPRESENTATION_CONTEXT(2) 
PARAMETRIC_REPRESENTATION_CONTEXT() REPRESENTATION_CONTEXT('2D SPACE',''
  ) );
#6102 = PCURVE('',#4901,#6103);
#6103 = DEFINITIONAL_REPRESENTATION('',(#6104),#6108);
#6104 = LINE('',#6105,#6106);
#6105 = CARTESIAN_POINT('',(6.,0.));
#6106 = VECTOR('',#6107,1.);
#6107 = DIRECTION('',(0.,1.));
#6108 = ( GEOMETRIC_REPRESENTATION_CONTEXT(2) 
PARAMETRIC_REPRESENTATION_CONTEXT() REPRESENTATION_CONTEXT('2D SPACE',''
  ) );
#6109 = ADVANCED_FACE('',(#6110),#4901,.T.);
#6110 = FACE_BOUND('',#6111,.T.);
#6111 = EDGE_LOOP('',(#6112,#6113,#6134,#6135));
#6112 = ORIENTED_EDGE('',*,*,#5554,.F.);
#6113 = ORIENTED_EDGE('',*,*,#6114,.T.);
#6114 = EDGE_CURVE('',#5527,#6065,#6115,.T.);
#6115 = SURFACE_CURVE('',#6116,(#6120,#6127),.PCURVE_S1.);
#6116 = LINE('',#6117,#6118);
#6117 = CARTESIAN_POINT('',(34.75,-10.6,-52.90802383018));
#6118 = VECTOR('',#6119,1.);
#6119 = DIRECTION('',(0.,0.,1.));
#6120 = PCURVE('',#4901,#6121);
#6121 = DEFINITIONAL_REPRESENTATION('',(#6122),#6126);
#6122 = LINE('',#6123,#6124);
#6123 = CARTESIAN_POINT('',(0.,0.));
#6124 = VECTOR('',#6125,1.);
#6125 = DIRECTION('',(1.,0.));
#6126 = ( GEOMETRIC_REPRESENTATION_CONTEXT(2) 
PARAMETRIC_REPRESENTATION_CONTEXT() REPRESENTATION_CONTEXT('2D SPACE',''
  ) );
#6127 = PCURVE('',#5542,#6128);
#6128 = DEFINITIONAL_REPRESENTATION('',(#6129),#6133);
#6129 = LINE('',#6130,#6131);
#6130 = CARTESIAN_POINT('',(0.,-8.));
#6131 = VECTOR('',#6132,1.);
#6132 = DIRECTION('',(1.,0.));
#6133 = ( GEOMETRIC_REPRESENTATION_CONTEXT(2) 
PARAMETRIC_REPRESENTATION_CONTEXT() REPRESENTATION_CONTEXT('2D SPACE',''
  ) );
#6134 = ORIENTED_EDGE('',*,*,#6089,.T.);
#6135 = ORIENTED_EDGE('',*,*,#4885,.F.);
#6136 = ADVANCED_FACE('',(#6137),#4850,.F.);
#6137 = FACE_BOUND('',#6138,.F.);
#6138 = EDGE_LOOP('',(#6139,#6140,#6163,#6184));
#6139 = ORIENTED_EDGE('',*,*,#5576,.F.);
#6140 = ORIENTED_EDGE('',*,*,#6141,.T.);
#6141 = EDGE_CURVE('',#5577,#6142,#6144,.T.);
#6142 = VERTEX_POINT('',#6143);
#6143 = CARTESIAN_POINT('',(34.75,10.6,-46.90802383018));
#6144 = SURFACE_CURVE('',#6145,(#6149,#6156),.PCURVE_S1.);
#6145 = LINE('',#6146,#6147);
#6146 = CARTESIAN_POINT('',(34.75,10.6,-52.90802383018));
#6147 = VECTOR('',#6148,1.);
#6148 = DIRECTION('',(0.,0.,1.));
#6149 = PCURVE('',#4850,#6150);
#6150 = DEFINITIONAL_REPRESENTATION('',(#6151),#6155);
#6151 = LINE('',#6152,#6153);
#6152 = CARTESIAN_POINT('',(0.,0.));
#6153 = VECTOR('',#6154,1.);
#6154 = DIRECTION('',(1.,0.));
#6155 = ( GEOMETRIC_REPRESENTATION_CONTEXT(2) 
PARAMETRIC_REPRESENTATION_CONTEXT() REPRESENTATION_CONTEXT('2D SPACE',''
  ) );
#6156 = PCURVE('',#5615,#6157);
#6157 = DEFINITIONAL_REPRESENTATION('',(#6158),#6162);
#6158 = LINE('',#6159,#6160);
#6159 = CARTESIAN_POINT('',(0.,0.));
#6160 = VECTOR('',#6161,1.);
#6161 = DIRECTION('',(1.,0.));
#6162 = ( GEOMETRIC_REPRESENTATION_CONTEXT(2) 
PARAMETRIC_REPRESENTATION_CONTEXT() REPRESENTATION_CONTEXT('2D SPACE',''
  ) );
#6163 = ORIENTED_EDGE('',*,*,#6164,.T.);
#6164 = EDGE_CURVE('',#6142,#4807,#6165,.T.);
#6165 = SURFACE_CURVE('',#6166,(#6170,#6177),.PCURVE_S1.);
#6166 = LINE('',#6167,#6168);
#6167 = CARTESIAN_POINT('',(34.75,10.6,-46.90802383018));
#6168 = VECTOR('',#6169,1.);
#6169 = DIRECTION('',(1.,0.,-0.));
#6170 = PCURVE('',#4850,#6171);
#6171 = DEFINITIONAL_REPRESENTATION('',(#6172),#6176);
#6172 = LINE('',#6173,#6174);
#6173 = CARTESIAN_POINT('',(6.,0.));
#6174 = VECTOR('',#6175,1.);
#6175 = DIRECTION('',(0.,1.));
#6176 = ( GEOMETRIC_REPRESENTATION_CONTEXT(2) 
PARAMETRIC_REPRESENTATION_CONTEXT() REPRESENTATION_CONTEXT('2D SPACE',''
  ) );
#6177 = PCURVE('',#4822,#6178);
#6178 = DEFINITIONAL_REPRESENTATION('',(#6179),#6183);
#6179 = LINE('',#6180,#6181);
#6180 = CARTESIAN_POINT('',(0.,0.));
#6181 = VECTOR('',#6182,1.);
#6182 = DIRECTION('',(1.,0.));
#6183 = ( GEOMETRIC_REPRESENTATION_CONTEXT(2) 
PARAMETRIC_REPRESENTATION_CONTEXT() REPRESENTATION_CONTEXT('2D SPACE',''
  ) );
#6184 = ORIENTED_EDGE('',*,*,#4834,.F.);
#6185 = ADVANCED_FACE('',(#6186),#4822,.T.);
#6186 = FACE_BOUND('',#6187,.T.);
#6187 = EDGE_LOOP('',(#6188,#6211,#6212,#6213));
#6188 = ORIENTED_EDGE('',*,*,#6189,.F.);
#6189 = EDGE_CURVE('',#6142,#6190,#6192,.T.);
#6190 = VERTEX_POINT('',#6191);
#6191 = CARTESIAN_POINT('',(34.75,18.6,-46.90802383018));
#6192 = SURFACE_CURVE('',#6193,(#6197,#6204),.PCURVE_S1.);
#6193 = LINE('',#6194,#6195);
#6194 = CARTESIAN_POINT('',(34.75,10.6,-46.90802383018));
#6195 = VECTOR('',#6196,1.);
#6196 = DIRECTION('',(-0.,1.,0.));
#6197 = PCURVE('',#4822,#6198);
#6198 = DEFINITIONAL_REPRESENTATION('',(#6199),#6203);
#6199 = LINE('',#6200,#6201);
#6200 = CARTESIAN_POINT('',(0.,0.));
#6201 = VECTOR('',#6202,1.);
#6202 = DIRECTION('',(0.,1.));
#6203 = ( GEOMETRIC_REPRESENTATION_CONTEXT(2) 
PARAMETRIC_REPRESENTATION_CONTEXT() REPRESENTATION_CONTEXT('2D SPACE',''
  ) );
#6204 = PCURVE('',#5615,#6205);
#6205 = DEFINITIONAL_REPRESENTATION('',(#6206),#6210);
#6206 = LINE('',#6207,#6208);
#6207 = CARTESIAN_POINT('',(6.,0.));
#6208 = VECTOR('',#6209,1.);
#6209 = DIRECTION('',(0.,-1.));
#6210 = ( GEOMETRIC_REPRESENTATION_CONTEXT(2) 
PARAMETRIC_REPRESENTATION_CONTEXT() REPRESENTATION_CONTEXT('2D SPACE',''
  ) );
#6211 = ORIENTED_EDGE('',*,*,#6164,.T.);
#6212 = ORIENTED_EDGE('',*,*,#4806,.T.);
#6213 = ORIENTED_EDGE('',*,*,#6214,.F.);
#6214 = EDGE_CURVE('',#6190,#4779,#6215,.T.);
#6215 = SURFACE_CURVE('',#6216,(#6220,#6227),.PCURVE_S1.);
#6216 = LINE('',#6217,#6218);
#6217 = CARTESIAN_POINT('',(34.75,18.6,-46.90802383018));
#6218 = VECTOR('',#6219,1.);
#6219 = DIRECTION('',(1.,0.,-0.));
#6220 = PCURVE('',#4822,#6221);
#6221 = DEFINITIONAL_REPRESENTATION('',(#6222),#6226);
#6222 = LINE('',#6223,#6224);
#6223 = CARTESIAN_POINT('',(0.,8.));
#6224 = VECTOR('',#6225,1.);
#6225 = DIRECTION('',(1.,0.));
#6226 = ( GEOMETRIC_REPRESENTATION_CONTEXT(2) 
PARAMETRIC_REPRESENTATION_CONTEXT() REPRESENTATION_CONTEXT('2D SPACE',''
  ) );
#6227 = PCURVE('',#4794,#6228);
#6228 = DEFINITIONAL_REPRESENTATION('',(#6229),#6233);
#6229 = LINE('',#6230,#6231);
#6230 = CARTESIAN_POINT('',(6.,0.));
#6231 = VECTOR('',#6232,1.);
#6232 = DIRECTION('',(0.,1.));
#6233 = ( GEOMETRIC_REPRESENTATION_CONTEXT(2) 
PARAMETRIC_REPRESENTATION_CONTEXT() REPRESENTATION_CONTEXT('2D SPACE',''
  ) );
#6234 = ADVANCED_FACE('',(#6235),#4794,.T.);
#6235 = FACE_BOUND('',#6236,.T.);
#6236 = EDGE_LOOP('',(#6237,#6238,#6259,#6260));
#6237 = ORIENTED_EDGE('',*,*,#5627,.F.);
#6238 = ORIENTED_EDGE('',*,*,#6239,.T.);
#6239 = EDGE_CURVE('',#5600,#6190,#6240,.T.);
#6240 = SURFACE_CURVE('',#6241,(#6245,#6252),.PCURVE_S1.);
#6241 = LINE('',#6242,#6243);
#6242 = CARTESIAN_POINT('',(34.75,18.6,-52.90802383018));
#6243 = VECTOR('',#6244,1.);
#6244 = DIRECTION('',(0.,0.,1.));
#6245 = PCURVE('',#4794,#6246);
#6246 = DEFINITIONAL_REPRESENTATION('',(#6247),#6251);
#6247 = LINE('',#6248,#6249);
#6248 = CARTESIAN_POINT('',(0.,0.));
#6249 = VECTOR('',#6250,1.);
#6250 = DIRECTION('',(1.,0.));
#6251 = ( GEOMETRIC_REPRESENTATION_CONTEXT(2) 
PARAMETRIC_REPRESENTATION_CONTEXT() REPRESENTATION_CONTEXT('2D SPACE',''
  ) );
#6252 = PCURVE('',#5615,#6253);
#6253 = DEFINITIONAL_REPRESENTATION('',(#6254),#6258);
#6254 = LINE('',#6255,#6256);
#6255 = CARTESIAN_POINT('',(0.,-8.));
#6256 = VECTOR('',#6257,1.);
#6257 = DIRECTION('',(1.,0.));
#6258 = ( GEOMETRIC_REPRESENTATION_CONTEXT(2) 
PARAMETRIC_REPRESENTATION_CONTEXT() REPRESENTATION_CONTEXT('2D SPACE',''
  ) );
#6259 = ORIENTED_EDGE('',*,*,#6214,.T.);
#6260 = ORIENTED_EDGE('',*,*,#4778,.F.);
#6261 = ADVANCED_FACE('',(#6262),#5183,.T.);
#6262 = FACE_BOUND('',#6263,.T.);
#6263 = EDGE_LOOP('',(#6264,#6285,#6286,#6287));
#6264 = ORIENTED_EDGE('',*,*,#6265,.F.);
#6265 = EDGE_CURVE('',#5142,#5429,#6266,.T.);
#6266 = SURFACE_CURVE('',#6267,(#6271,#6278),.PCURVE_S1.);
#6267 = LINE('',#6268,#6269);
#6268 = CARTESIAN_POINT('',(-37.75,-18.6,-52.90802383018));
#6269 = VECTOR('',#6270,1.);
#6270 = DIRECTION('',(1.,0.,-0.));
#6271 = PCURVE('',#5183,#6272);
#6272 = DEFINITIONAL_REPRESENTATION('',(#6273),#6277);
#6273 = LINE('',#6274,#6275);
#6274 = CARTESIAN_POINT('',(0.,2.));
#6275 = VECTOR('',#6276,1.);
#6276 = DIRECTION('',(1.,0.));
#6277 = ( GEOMETRIC_REPRESENTATION_CONTEXT(2) 
PARAMETRIC_REPRESENTATION_CONTEXT() REPRESENTATION_CONTEXT('2D SPACE',''
  ) );
#6278 = PCURVE('',#5157,#6279);
#6279 = DEFINITIONAL_REPRESENTATION('',(#6280),#6284);
#6280 = LINE('',#6281,#6282);
#6281 = CARTESIAN_POINT('',(0.,0.));
#6282 = VECTOR('',#6283,1.);
#6283 = DIRECTION('',(0.,1.));
#6284 = ( GEOMETRIC_REPRESENTATION_CONTEXT(2) 
PARAMETRIC_REPRESENTATION_CONTEXT() REPRESENTATION_CONTEXT('2D SPACE',''
  ) );
#6285 = ORIENTED_EDGE('',*,*,#5169,.F.);
#6286 = ORIENTED_EDGE('',*,*,#5245,.T.);
#6287 = ORIENTED_EDGE('',*,*,#6288,.T.);
#6288 = EDGE_CURVE('',#5246,#5429,#6289,.T.);
#6289 = SURFACE_CURVE('',#6290,(#6294,#6300),.PCURVE_S1.);
#6290 = LINE('',#6291,#6292);
#6291 = CARTESIAN_POINT('',(-34.75,-20.025846528,-52.90802383018));
#6292 = VECTOR('',#6293,1.);
#6293 = DIRECTION('',(0.,1.,0.));
#6294 = PCURVE('',#5183,#6295);
#6295 = DEFINITIONAL_REPRESENTATION('',(#6296),#6299);
#6296 = B_SPLINE_CURVE_WITH_KNOTS('',1,(#6297,#6298),.UNSPECIFIED.,.F.,
  .F.,(2,2),(-0.574153471991,3.425846528009),.PIECEWISE_BEZIER_KNOTS.);
#6297 = CARTESIAN_POINT('',(3.,0.));
#6298 = CARTESIAN_POINT('',(3.,4.));
#6299 = ( GEOMETRIC_REPRESENTATION_CONTEXT(2) 
PARAMETRIC_REPRESENTATION_CONTEXT() REPRESENTATION_CONTEXT('2D SPACE',''
  ) );
#6300 = PCURVE('',#5284,#6301);
#6301 = DEFINITIONAL_REPRESENTATION('',(#6302),#6305);
#6302 = B_SPLINE_CURVE_WITH_KNOTS('',1,(#6303,#6304),.UNSPECIFIED.,.F.,
  .F.,(2,2),(-0.574153471991,3.425846528009),.PIECEWISE_BEZIER_KNOTS.);
#6303 = CARTESIAN_POINT('',(-9.397538185656,1.148306943982));
#6304 = CARTESIAN_POINT('',(-9.397538185656,-2.851693056018));
#6305 = ( GEOMETRIC_REPRESENTATION_CONTEXT(2) 
PARAMETRIC_REPRESENTATION_CONTEXT() REPRESENTATION_CONTEXT('2D SPACE',''
  ) );
#6306 = ADVANCED_FACE('',(#6307),#5157,.F.);
#6307 = FACE_BOUND('',#6308,.F.);
#6308 = EDGE_LOOP('',(#6309,#6310,#6311,#6312,#6335));
#6309 = ORIENTED_EDGE('',*,*,#6265,.F.);
#6310 = ORIENTED_EDGE('',*,*,#5141,.T.);
#6311 = ORIENTED_EDGE('',*,*,#5805,.T.);
#6312 = ORIENTED_EDGE('',*,*,#6313,.F.);
#6313 = EDGE_CURVE('',#6314,#5783,#6316,.T.);
#6314 = VERTEX_POINT('',#6315);
#6315 = CARTESIAN_POINT('',(-34.75,-18.6,-34.90802383018));
#6316 = SURFACE_CURVE('',#6317,(#6321,#6328),.PCURVE_S1.);
#6317 = LINE('',#6318,#6319);
#6318 = CARTESIAN_POINT('',(-34.75,-18.6,-52.90802383018));
#6319 = VECTOR('',#6320,1.);
#6320 = DIRECTION('',(0.,0.,1.));
#6321 = PCURVE('',#5157,#6322);
#6322 = DEFINITIONAL_REPRESENTATION('',(#6323),#6327);
#6323 = LINE('',#6324,#6325);
#6324 = CARTESIAN_POINT('',(0.,3.));
#6325 = VECTOR('',#6326,1.);
#6326 = DIRECTION('',(1.,0.));
#6327 = ( GEOMETRIC_REPRESENTATION_CONTEXT(2) 
PARAMETRIC_REPRESENTATION_CONTEXT() REPRESENTATION_CONTEXT('2D SPACE',''
  ) );
#6328 = PCURVE('',#5284,#6329);
#6329 = DEFINITIONAL_REPRESENTATION('',(#6330),#6334);
#6330 = LINE('',#6331,#6332);
#6331 = CARTESIAN_POINT('',(-9.397538185656,-0.851693056018));
#6332 = VECTOR('',#6333,1.);
#6333 = DIRECTION('',(1.,0.));
#6334 = ( GEOMETRIC_REPRESENTATION_CONTEXT(2) 
PARAMETRIC_REPRESENTATION_CONTEXT() REPRESENTATION_CONTEXT('2D SPACE',''
  ) );
#6335 = ORIENTED_EDGE('',*,*,#6336,.F.);
#6336 = EDGE_CURVE('',#5429,#6314,#6337,.T.);
#6337 = SURFACE_CURVE('',#6338,(#6342,#6349),.PCURVE_S1.);
#6338 = LINE('',#6339,#6340);
#6339 = CARTESIAN_POINT('',(-34.75,-18.6,-55.30802383018));
#6340 = VECTOR('',#6341,1.);
#6341 = DIRECTION('',(0.,0.,1.));
#6342 = PCURVE('',#5157,#6343);
#6343 = DEFINITIONAL_REPRESENTATION('',(#6344),#6348);
#6344 = LINE('',#6345,#6346);
#6345 = CARTESIAN_POINT('',(-2.4,3.));
#6346 = VECTOR('',#6347,1.);
#6347 = DIRECTION('',(1.,0.));
#6348 = ( GEOMETRIC_REPRESENTATION_CONTEXT(2) 
PARAMETRIC_REPRESENTATION_CONTEXT() REPRESENTATION_CONTEXT('2D SPACE',''
  ) );
#6349 = PCURVE('',#5284,#6350);
#6350 = DEFINITIONAL_REPRESENTATION('',(#6351),#6355);
#6351 = LINE('',#6352,#6353);
#6352 = CARTESIAN_POINT('',(-11.79753818565,-0.851693056018));
#6353 = VECTOR('',#6354,1.);
#6354 = DIRECTION('',(1.,0.));
#6355 = ( GEOMETRIC_REPRESENTATION_CONTEXT(2) 
PARAMETRIC_REPRESENTATION_CONTEXT() REPRESENTATION_CONTEXT('2D SPACE',''
  ) );
#6356 = ADVANCED_FACE('',(#6357),#5106,.T.);
#6357 = FACE_BOUND('',#6358,.T.);
#6358 = EDGE_LOOP('',(#6359,#6360,#6361,#6362,#6363));
#6359 = ORIENTED_EDGE('',*,*,#5990,.F.);
#6360 = ORIENTED_EDGE('',*,*,#5090,.T.);
#6361 = ORIENTED_EDGE('',*,*,#5827,.T.);
#6362 = ORIENTED_EDGE('',*,*,#5964,.F.);
#6363 = ORIENTED_EDGE('',*,*,#5920,.T.);
#6364 = ADVANCED_FACE('',(#6365),#5335,.T.);
#6365 = FACE_BOUND('',#6366,.T.);
#6366 = EDGE_LOOP('',(#6367,#6368,#6369,#6392,#6413));
#6367 = ORIENTED_EDGE('',*,*,#5319,.T.);
#6368 = ORIENTED_EDGE('',*,*,#5482,.T.);
#6369 = ORIENTED_EDGE('',*,*,#6370,.T.);
#6370 = EDGE_CURVE('',#5457,#6371,#6373,.T.);
#6371 = VERTEX_POINT('',#6372);
#6372 = CARTESIAN_POINT('',(19.75,-18.6,-34.90802383018));
#6373 = SURFACE_CURVE('',#6374,(#6378,#6385),.PCURVE_S1.);
#6374 = LINE('',#6375,#6376);
#6375 = CARTESIAN_POINT('',(19.75,-18.6,-55.30802383018));
#6376 = VECTOR('',#6377,1.);
#6377 = DIRECTION('',(0.,0.,1.));
#6378 = PCURVE('',#5335,#6379);
#6379 = DEFINITIONAL_REPRESENTATION('',(#6380),#6384);
#6380 = LINE('',#6381,#6382);
#6381 = CARTESIAN_POINT('',(-11.79753818565,-0.851693056018));
#6382 = VECTOR('',#6383,1.);
#6383 = DIRECTION('',(1.,0.));
#6384 = ( GEOMETRIC_REPRESENTATION_CONTEXT(2) 
PARAMETRIC_REPRESENTATION_CONTEXT() REPRESENTATION_CONTEXT('2D SPACE',''
  ) );
#6385 = PCURVE('',#5471,#6386);
#6386 = DEFINITIONAL_REPRESENTATION('',(#6387),#6391);
#6387 = LINE('',#6388,#6389);
#6388 = CARTESIAN_POINT('',(0.,-54.5));
#6389 = VECTOR('',#6390,1.);
#6390 = DIRECTION('',(1.,0.));
#6391 = ( GEOMETRIC_REPRESENTATION_CONTEXT(2) 
PARAMETRIC_REPRESENTATION_CONTEXT() REPRESENTATION_CONTEXT('2D SPACE',''
  ) );
#6392 = ORIENTED_EDGE('',*,*,#6393,.T.);
#6393 = EDGE_CURVE('',#6371,#5733,#6394,.T.);
#6394 = SURFACE_CURVE('',#6395,(#6399,#6406),.PCURVE_S1.);
#6395 = LINE('',#6396,#6397);
#6396 = CARTESIAN_POINT('',(19.75,-18.6,-34.90802383018));
#6397 = VECTOR('',#6398,1.);
#6398 = DIRECTION('',(0.,0.707106781187,0.707106781187));
#6399 = PCURVE('',#5335,#6400);
#6400 = DEFINITIONAL_REPRESENTATION('',(#6401),#6405);
#6401 = LINE('',#6402,#6403);
#6402 = CARTESIAN_POINT('',(8.602461814344,-0.851693056018));
#6403 = VECTOR('',#6404,1.);
#6404 = DIRECTION('',(0.707106781187,-0.707106781187));
#6405 = ( GEOMETRIC_REPRESENTATION_CONTEXT(2) 
PARAMETRIC_REPRESENTATION_CONTEXT() REPRESENTATION_CONTEXT('2D SPACE',''
  ) );
#6406 = PCURVE('',#5748,#6407);
#6407 = DEFINITIONAL_REPRESENTATION('',(#6408),#6412);
#6408 = LINE('',#6409,#6410);
#6409 = CARTESIAN_POINT('',(0.,-54.5));
#6410 = VECTOR('',#6411,1.);
#6411 = DIRECTION('',(1.,0.));
#6412 = ( GEOMETRIC_REPRESENTATION_CONTEXT(2) 
PARAMETRIC_REPRESENTATION_CONTEXT() REPRESENTATION_CONTEXT('2D SPACE',''
  ) );
#6413 = ORIENTED_EDGE('',*,*,#5760,.T.);
#6414 = ADVANCED_FACE('',(#6415),#5284,.F.);
#6415 = FACE_BOUND('',#6416,.F.);
#6416 = EDGE_LOOP('',(#6417,#6418,#6419,#6420,#6421));
#6417 = ORIENTED_EDGE('',*,*,#5782,.T.);
#6418 = ORIENTED_EDGE('',*,*,#5268,.T.);
#6419 = ORIENTED_EDGE('',*,*,#6288,.T.);
#6420 = ORIENTED_EDGE('',*,*,#6336,.T.);
#6421 = ORIENTED_EDGE('',*,*,#6313,.T.);
#6422 = ADVANCED_FACE('',(#6423),#5615,.F.);
#6423 = FACE_BOUND('',#6424,.F.);
#6424 = EDGE_LOOP('',(#6425,#6426,#6427,#6428));
#6425 = ORIENTED_EDGE('',*,*,#6141,.F.);
#6426 = ORIENTED_EDGE('',*,*,#5599,.T.);
#6427 = ORIENTED_EDGE('',*,*,#6239,.T.);
#6428 = ORIENTED_EDGE('',*,*,#6189,.F.);
#6429 = ADVANCED_FACE('',(#6430),#5542,.F.);
#6430 = FACE_BOUND('',#6431,.F.);
#6431 = EDGE_LOOP('',(#6432,#6433,#6434,#6435));
#6432 = ORIENTED_EDGE('',*,*,#6016,.F.);
#6433 = ORIENTED_EDGE('',*,*,#5526,.T.);
#6434 = ORIENTED_EDGE('',*,*,#6114,.T.);
#6435 = ORIENTED_EDGE('',*,*,#6064,.F.);
#6436 = ADVANCED_FACE('',(#6437),#5471,.F.);
#6437 = FACE_BOUND('',#6438,.F.);
#6438 = EDGE_LOOP('',(#6439,#6440,#6441,#6442));
#6439 = ORIENTED_EDGE('',*,*,#6336,.F.);
#6440 = ORIENTED_EDGE('',*,*,#5456,.T.);
#6441 = ORIENTED_EDGE('',*,*,#6370,.T.);
#6442 = ORIENTED_EDGE('',*,*,#6443,.F.);
#6443 = EDGE_CURVE('',#6314,#6371,#6444,.T.);
#6444 = SURFACE_CURVE('',#6445,(#6449,#6456),.PCURVE_S1.);
#6445 = LINE('',#6446,#6447);
#6446 = CARTESIAN_POINT('',(-34.75,-18.6,-34.90802383018));
#6447 = VECTOR('',#6448,1.);
#6448 = DIRECTION('',(1.,0.,0.));
#6449 = PCURVE('',#5471,#6450);
#6450 = DEFINITIONAL_REPRESENTATION('',(#6451),#6455);
#6451 = LINE('',#6452,#6453);
#6452 = CARTESIAN_POINT('',(20.4,0.));
#6453 = VECTOR('',#6454,1.);
#6454 = DIRECTION('',(0.,-1.));
#6455 = ( GEOMETRIC_REPRESENTATION_CONTEXT(2) 
PARAMETRIC_REPRESENTATION_CONTEXT() REPRESENTATION_CONTEXT('2D SPACE',''
  ) );
#6456 = PCURVE('',#5748,#6457);
#6457 = DEFINITIONAL_REPRESENTATION('',(#6458),#6462);
#6458 = LINE('',#6459,#6460);
#6459 = CARTESIAN_POINT('',(0.,0.));
#6460 = VECTOR('',#6461,1.);
#6461 = DIRECTION('',(0.,-1.));
#6462 = ( GEOMETRIC_REPRESENTATION_CONTEXT(2) 
PARAMETRIC_REPRESENTATION_CONTEXT() REPRESENTATION_CONTEXT('2D SPACE',''
  ) );
#6463 = ADVANCED_FACE('',(#6464),#5444,.T.);
#6464 = FACE_BOUND('',#6465,.T.);
#6465 = EDGE_LOOP('',(#6466,#6467,#6468,#6469,#6490,#6491));
#6466 = ORIENTED_EDGE('',*,*,#6336,.F.);
#6467 = ORIENTED_EDGE('',*,*,#5428,.T.);
#6468 = ORIENTED_EDGE('',*,*,#5920,.F.);
#6469 = ORIENTED_EDGE('',*,*,#6470,.F.);
#6470 = EDGE_CURVE('',#5874,#5921,#6471,.T.);
#6471 = SURFACE_CURVE('',#6472,(#6476,#6483),.PCURVE_S1.);
#6472 = LINE('',#6473,#6474);
#6473 = CARTESIAN_POINT('',(-34.75,16.6,-32.90802383018));
#6474 = VECTOR('',#6475,1.);
#6475 = DIRECTION('',(0.,0.707106781187,-0.707106781187));
#6476 = PCURVE('',#5444,#6477);
#6477 = DEFINITIONAL_REPRESENTATION('',(#6478),#6482);
#6478 = LINE('',#6479,#6480);
#6479 = CARTESIAN_POINT('',(20.,-35.2));
#6480 = VECTOR('',#6481,1.);
#6481 = DIRECTION('',(-0.707106781187,-0.707106781187));
#6482 = ( GEOMETRIC_REPRESENTATION_CONTEXT(2) 
PARAMETRIC_REPRESENTATION_CONTEXT() REPRESENTATION_CONTEXT('2D SPACE',''
  ) );
#6483 = PCURVE('',#5694,#6484);
#6484 = DEFINITIONAL_REPRESENTATION('',(#6485),#6489);
#6485 = LINE('',#6486,#6487);
#6486 = CARTESIAN_POINT('',(0.,0.));
#6487 = VECTOR('',#6488,1.);
#6488 = DIRECTION('',(1.,0.));
#6489 = ( GEOMETRIC_REPRESENTATION_CONTEXT(2) 
PARAMETRIC_REPRESENTATION_CONTEXT() REPRESENTATION_CONTEXT('2D SPACE',''
  ) );
#6490 = ORIENTED_EDGE('',*,*,#5896,.F.);
#6491 = ORIENTED_EDGE('',*,*,#6492,.F.);
#6492 = EDGE_CURVE('',#6314,#5731,#6493,.T.);
#6493 = SURFACE_CURVE('',#6494,(#6498,#6505),.PCURVE_S1.);
#6494 = LINE('',#6495,#6496);
#6495 = CARTESIAN_POINT('',(-34.75,-18.6,-34.90802383018));
#6496 = VECTOR('',#6497,1.);
#6497 = DIRECTION('',(0.,0.707106781187,0.707106781187));
#6498 = PCURVE('',#5444,#6499);
#6499 = DEFINITIONAL_REPRESENTATION('',(#6500),#6504);
#6500 = LINE('',#6501,#6502);
#6501 = CARTESIAN_POINT('',(18.,0.));
#6502 = VECTOR('',#6503,1.);
#6503 = DIRECTION('',(0.707106781187,-0.707106781187));
#6504 = ( GEOMETRIC_REPRESENTATION_CONTEXT(2) 
PARAMETRIC_REPRESENTATION_CONTEXT() REPRESENTATION_CONTEXT('2D SPACE',''
  ) );
#6505 = PCURVE('',#5748,#6506);
#6506 = DEFINITIONAL_REPRESENTATION('',(#6507),#6511);
#6507 = LINE('',#6508,#6509);
#6508 = CARTESIAN_POINT('',(0.,0.));
#6509 = VECTOR('',#6510,1.);
#6510 = DIRECTION('',(1.,0.));
#6511 = ( GEOMETRIC_REPRESENTATION_CONTEXT(2) 
PARAMETRIC_REPRESENTATION_CONTEXT() REPRESENTATION_CONTEXT('2D SPACE',''
  ) );
#6512 = ADVANCED_FACE('',(#6513),#5417,.F.);
#6513 = FACE_BOUND('',#6514,.F.);
#6514 = EDGE_LOOP('',(#6515,#6516,#6537,#6538));
#6515 = ORIENTED_EDGE('',*,*,#5920,.F.);
#6516 = ORIENTED_EDGE('',*,*,#6517,.T.);
#6517 = EDGE_CURVE('',#5921,#5679,#6518,.T.);
#6518 = SURFACE_CURVE('',#6519,(#6523,#6530),.PCURVE_S1.);
#6519 = LINE('',#6520,#6521);
#6520 = CARTESIAN_POINT('',(-34.75,18.6,-34.90802383018));
#6521 = VECTOR('',#6522,1.);
#6522 = DIRECTION('',(1.,0.,0.));
#6523 = PCURVE('',#5417,#6524);
#6524 = DEFINITIONAL_REPRESENTATION('',(#6525),#6529);
#6525 = LINE('',#6526,#6527);
#6526 = CARTESIAN_POINT('',(0.,0.));
#6527 = VECTOR('',#6528,1.);
#6528 = DIRECTION('',(0.,-1.));
#6529 = ( GEOMETRIC_REPRESENTATION_CONTEXT(2) 
PARAMETRIC_REPRESENTATION_CONTEXT() REPRESENTATION_CONTEXT('2D SPACE',''
  ) );
#6530 = PCURVE('',#5694,#6531);
#6531 = DEFINITIONAL_REPRESENTATION('',(#6532),#6536);
#6532 = LINE('',#6533,#6534);
#6533 = CARTESIAN_POINT('',(2.828427124746,0.));
#6534 = VECTOR('',#6535,1.);
#6535 = DIRECTION('',(0.,-1.));
#6536 = ( GEOMETRIC_REPRESENTATION_CONTEXT(2) 
PARAMETRIC_REPRESENTATION_CONTEXT() REPRESENTATION_CONTEXT('2D SPACE',''
  ) );
#6537 = ORIENTED_EDGE('',*,*,#5706,.T.);
#6538 = ORIENTED_EDGE('',*,*,#5402,.T.);
#6539 = ADVANCED_FACE('',(#6540),#5694,.F.);
#6540 = FACE_BOUND('',#6541,.F.);
#6541 = EDGE_LOOP('',(#6542,#6543,#6544,#6545));
#6542 = ORIENTED_EDGE('',*,*,#5873,.T.);
#6543 = ORIENTED_EDGE('',*,*,#5678,.T.);
#6544 = ORIENTED_EDGE('',*,*,#6517,.F.);
#6545 = ORIENTED_EDGE('',*,*,#6470,.F.);
#6546 = ADVANCED_FACE('',(#6547),#5748,.F.);
#6547 = FACE_BOUND('',#6548,.F.);
#6548 = EDGE_LOOP('',(#6549,#6550,#6551,#6552));
#6549 = ORIENTED_EDGE('',*,*,#6443,.T.);
#6550 = ORIENTED_EDGE('',*,*,#6393,.T.);
#6551 = ORIENTED_EDGE('',*,*,#5730,.F.);
#6552 = ORIENTED_EDGE('',*,*,#6492,.F.);
#6553 = ( GEOMETRIC_REPRESENTATION_CONTEXT(3) 
GLOBAL_UNCERTAINTY_ASSIGNED_CONTEXT((#6557)) 
GLOBAL_UNIT_ASSIGNED_CONTEXT((#6554,#6555,#6556)) REPRESENTATION_CONTEXT
('Context #1','3D Context with UNIT and UNCERTAINTY') );
#6554 = ( LENGTH_UNIT() NAMED_UNIT(*) SI_UNIT(.MILLI.,.METRE.) );
#6555 = ( NAMED_UNIT(*) PLANE_ANGLE_UNIT() SI_UNIT($,.RADIAN.) );
#6556 = ( NAMED_UNIT(*) SI_UNIT($,.STERADIAN.) SOLID_ANGLE_UNIT() );
#6557 = UNCERTAINTY_MEASURE_WITH_UNIT(LENGTH_MEASURE(2.E-07),#6554,
  'distance_accuracy_value','confusion accuracy');
#6558 = PRODUCT_RELATED_PRODUCT_CATEGORY('part',$,(#7));
ENDSEC;
END-ISO-10303-21;
